<BackupInst xmlns="http://www.microsoft.com/GroupPolicy/GPOOperations/Manifest"><GPOGuid><![CDATA[{58791507-6CD1-4162-9404-A2FD3AA68C54}]]></GPOGuid><GPODomain><![CDATA[alexbarth.net]]></GPODomain><GPODomainGuid><![CDATA[{04cef035-999e-42d2-a4b0-ec110bfb1fc2}]]></GPODomainGuid><GPODomainController><![CDATA[dc3.alexbarth.net]]></GPODomainController><BackupTime><![CDATA[2025-03-19T06:02:01]]></BackupTime><ID><![CDATA[{0C9D2C78-6B22-48E4-AEAC-D4489464527E}]]></ID><Comment><![CDATA[]]></Comment><GPODisplayName><![CDATA[Desktop Background - Virtual]]></GPODisplayName></BackupInst>
