<BackupInst xmlns="http://www.microsoft.com/GroupPolicy/GPOOperations/Manifest"><GPOGuid><![CDATA[{4F747DE5-7ABA-401A-92E0-AB531C962A66}]]></GPOGuid><GPODomain><![CDATA[alexbarth.net]]></GPODomain><GPODomainGuid><![CDATA[{04cef035-999e-42d2-a4b0-ec110bfb1fc2}]]></GPODomainGuid><GPODomainController><![CDATA[dc3.alexbarth.net]]></GPODomainController><BackupTime><![CDATA[2025-03-19T06:02:14]]></BackupTime><ID><![CDATA[{11D4EA73-A6BE-4FC1-9DAB-6F4FE155174C}]]></ID><Comment><![CDATA[]]></Comment><GPODisplayName><![CDATA[Login - Disable Hybrid Join]]></GPODisplayName></BackupInst>
