﻿<?xml version="1.0" encoding="utf-8"?>
<!-- Copyright (c) Microsoft Corporation.  All rights reserved. -->
<GroupPolicyBackupScheme bkp:version="2.0" bkp:type="GroupPolicyBackupTemplate" xmlns:bkp="http://www.microsoft.com/GroupPolicy/GPOOperations" xmlns="http://www.microsoft.com/GroupPolicy/GPOOperations">
  <GroupPolicyObject>
    <SecurityGroups>
      <Group bkp:Source="FromDACL">
        <Sid><![CDATA[S-1-5-21-3051899438-3589783691-4031204720-519]]></Sid>
        <SamAccountName><![CDATA[Enterprise Admins]]></SamAccountName>
        <Type><![CDATA[UniversalGroup]]></Type>
        <NetBIOSDomainName><![CDATA[NET]]></NetBIOSDomainName>
        <DnsDomainName><![CDATA[domain.local]]></DnsDomainName>
        <UPN><![CDATA[Enterprise Admins@domain.local]]></UPN>
      </Group>
      <Group bkp:Source="FromDACL">
        <Sid><![CDATA[S-1-5-21-3051899438-3589783691-4031204720-512]]></Sid>
        <SamAccountName><![CDATA[Domain Admins]]></SamAccountName>
        <Type><![CDATA[GlobalGroup]]></Type>
        <NetBIOSDomainName><![CDATA[NET]]></NetBIOSDomainName>
        <DnsDomainName><![CDATA[domain.local]]></DnsDomainName>
        <UPN><![CDATA[Domain Admins@domain.local]]></UPN>
      </Group>
    </SecurityGroups>
    <FilePaths />
    <GroupPolicyCoreSettings>
      <ID><![CDATA[{8CA94999-49C3-4E82-AD6C-9AACB1FE38EC}]]></ID>
      <Domain><![CDATA[domain.local]]></Domain>
      <SecurityDescriptor>01 00 04 9c 00 00 00 00 00 00 00 00 00 00 00 00 14 00 00 00 04 00 ec 00 08 00 00 00 05 02 28 00 00 01 00 00 01 00 00 00 8f fd ac ed b3 ff d1 11 b4 1d 00 a0 c9 68 f9 39 01 01 00 00 00 00 00 05 0b 00 00 00 00 00 24 00 ff 00 0f 00 01 05 00 00 00 00 00 05 15 00 00 00 2e 4a e8 b5 8b c0 f7 d5 70 4d 47 f0 00 02 00 00 00 02 24 00 ff 00 0f 00 01 05 00 00 00 00 00 05 15 00 00 00 2e 4a e8 b5 8b c0 f7 d5 70 4d 47 f0 00 02 00 00 00 02 24 00 ff 00 0f 00 01 05 00 00 00 00 00 05 15 00 00 00 2e 4a e8 b5 8b c0 f7 d5 70 4d 47 f0 07 02 00 00 00 02 14 00 94 00 02 00 01 01 00 00 00 00 00 05 09 00 00 00 00 02 14 00 94 00 02 00 01 01 00 00 00 00 00 05 0b 00 00 00 00 02 14 00 ff 00 0f 00 01 01 00 00 00 00 00 05 12 00 00 00 00 0a 14 00 ff 00 0f 00 01 01 00 00 00 00 00 03 00 00 00 00</SecurityDescriptor>
      <DisplayName><![CDATA[Explorer - Folder Options]]></DisplayName>
      <Options><![CDATA[2]]></Options>
      <UserVersionNumber><![CDATA[2621480]]></UserVersionNumber>
      <MachineVersionNumber><![CDATA[1048592]]></MachineVersionNumber>
      <MachineExtensionGuids><![CDATA[ ]]></MachineExtensionGuids>
      <UserExtensionGuids><![CDATA[[{00000000-0000-0000-0000-000000000000}{3BFAE46A-7F3A-467B-8CEA-6AA34DC71F53}{BEE07A6A-EC9F-4659-B8C9-0B1937907C83}][{A3F3E39B-5D83-4940-B954-28315B82F0A8}{3BFAE46A-7F3A-467B-8CEA-6AA34DC71F53}][{B087BE9D-ED37-454F-AF9C-04291E351182}{BEE07A6A-EC9F-4659-B8C9-0B1937907C83}]]]></UserExtensionGuids>
      <WMIFilter />
    </GroupPolicyCoreSettings>
    <GroupPolicyExtension bkp:ID="{35378EAC-683F-11D2-A89A-00C04FBBCFA2}" bkp:DescName="Registry">
      <FSObjectFile bkp:Path="%GPO_FSPATH%\Adm\*.*" bkp:SourceExpandedPath="\\dc.domain.local\sysvol\domain.local\Policies\{8CA94999-49C3-4E82-AD6C-9AACB1FE38EC}\Adm\*.*" />
    </GroupPolicyExtension>
    <GroupPolicyExtension bkp:ID="{F15C46CD-82A0-4C2D-A210-5D0D3182A418}" bkp:DescName="Unknown Extension">
      <FSObjectDir bkp:Path="%GPO_MACH_FSPATH%\Preferences" bkp:SourceExpandedPath="\\dc.domain.local\sysvol\domain.local\Policies\{8CA94999-49C3-4E82-AD6C-9AACB1FE38EC}\Machine\Preferences" bkp:Location="DomainSysvol\GPO\Machine\Preferences" />
      <FSObjectDir bkp:Path="%GPO_MACH_FSPATH%\Preferences\Registry" bkp:SourceExpandedPath="\\dc.domain.local\sysvol\domain.local\Policies\{8CA94999-49C3-4E82-AD6C-9AACB1FE38EC}\Machine\Preferences\Registry" bkp:Location="DomainSysvol\GPO\Machine\Preferences\Registry" />
      <FSObjectDir bkp:Path="%GPO_USER_FSPATH%\Documents &amp; Settings" bkp:SourceExpandedPath="\\dc.domain.local\sysvol\domain.local\Policies\{8CA94999-49C3-4E82-AD6C-9AACB1FE38EC}\User\Documents &amp; Settings" bkp:Location="DomainSysvol\GPO\User\Documents &amp; Settings" />
      <FSObjectDir bkp:Path="%GPO_USER_FSPATH%\Preferences" bkp:SourceExpandedPath="\\dc.domain.local\sysvol\domain.local\Policies\{8CA94999-49C3-4E82-AD6C-9AACB1FE38EC}\User\Preferences" bkp:Location="DomainSysvol\GPO\User\Preferences" />
      <FSObjectDir bkp:Path="%GPO_USER_FSPATH%\Preferences\FolderOptions" bkp:SourceExpandedPath="\\dc.domain.local\sysvol\domain.local\Policies\{8CA94999-49C3-4E82-AD6C-9AACB1FE38EC}\User\Preferences\FolderOptions" bkp:Location="DomainSysvol\GPO\User\Preferences\FolderOptions" />
      <FSObjectFile bkp:Path="%GPO_USER_FSPATH%\Preferences\FolderOptions\FolderOptions.xml" bkp:SourceExpandedPath="\\dc.domain.local\sysvol\domain.local\Policies\{8CA94999-49C3-4E82-AD6C-9AACB1FE38EC}\User\Preferences\FolderOptions\FolderOptions.xml" bkp:Location="DomainSysvol\GPO\User\Preferences\FolderOptions\FolderOptions.xml" />
      <FSObjectDir bkp:Path="%GPO_USER_FSPATH%\Preferences\Registry" bkp:SourceExpandedPath="\\dc.domain.local\sysvol\domain.local\Policies\{8CA94999-49C3-4E82-AD6C-9AACB1FE38EC}\User\Preferences\Registry" bkp:Location="DomainSysvol\GPO\User\Preferences\Registry" />
      <FSObjectFile bkp:Path="%GPO_USER_FSPATH%\Preferences\Registry\Registry.xml" bkp:SourceExpandedPath="\\dc.domain.local\sysvol\domain.local\Policies\{8CA94999-49C3-4E82-AD6C-9AACB1FE38EC}\User\Preferences\Registry\Registry.xml" bkp:Location="DomainSysvol\GPO\User\Preferences\Registry\Registry.xml" />
      <FSObjectDir bkp:Path="%GPO_USER_FSPATH%\Scripts" bkp:SourceExpandedPath="\\dc.domain.local\sysvol\domain.local\Policies\{8CA94999-49C3-4E82-AD6C-9AACB1FE38EC}\User\Scripts" bkp:Location="DomainSysvol\GPO\User\Scripts" />
      <FSObjectDir bkp:Path="%GPO_USER_FSPATH%\Scripts\Logoff" bkp:SourceExpandedPath="\\dc.domain.local\sysvol\domain.local\Policies\{8CA94999-49C3-4E82-AD6C-9AACB1FE38EC}\User\Scripts\Logoff" bkp:Location="DomainSysvol\GPO\User\Scripts\Logoff" />
      <FSObjectDir bkp:Path="%GPO_USER_FSPATH%\Scripts\Logon" bkp:SourceExpandedPath="\\dc.domain.local\sysvol\domain.local\Policies\{8CA94999-49C3-4E82-AD6C-9AACB1FE38EC}\User\Scripts\Logon" bkp:Location="DomainSysvol\GPO\User\Scripts\Logon" />
    </GroupPolicyExtension>
  </GroupPolicyObject>
</GroupPolicyBackupScheme>