<BackupInst xmlns="http://www.microsoft.com/GroupPolicy/GPOOperations/Manifest"><GPOGuid><![CDATA[{E7C4BD9E-4F7D-471F-9A3F-AFFDC6FE5D76}]]></GPOGuid><GPODomain><![CDATA[alexbarth.net]]></GPODomain><GPODomainGuid><![CDATA[{04cef035-999e-42d2-a4b0-ec110bfb1fc2}]]></GPODomainGuid><GPODomainController><![CDATA[dc3.alexbarth.net]]></GPODomainController><BackupTime><![CDATA[2025-03-19T06:02:10]]></BackupTime><ID><![CDATA[{243F9BC9-4B89-4969-B72C-ABA0C427FCF3}]]></ID><Comment><![CDATA[]]></Comment><GPODisplayName><![CDATA[Firewall Rules - Network Policy Server]]></GPODisplayName></BackupInst>
