<BackupInst xmlns="http://www.microsoft.com/GroupPolicy/GPOOperations/Manifest"><GPOGuid><![CDATA[{82B87AE2-D0BF-4A46-8BDC-CDDB085A9CB5}]]></GPOGuid><GPODomain><![CDATA[alexbarth.net]]></GPODomain><GPODomainGuid><![CDATA[{04cef035-999e-42d2-a4b0-ec110bfb1fc2}]]></GPODomainGuid><GPODomainController><![CDATA[dc3.alexbarth.net]]></GPODomainController><BackupTime><![CDATA[2025-03-19T06:02:29]]></BackupTime><ID><![CDATA[{2CCB9457-75B5-4F70-A173-360622387FD9}]]></ID><Comment><![CDATA[]]></Comment><GPODisplayName><![CDATA[Windows Admin Center - Allow Credential Delegation]]></GPODisplayName></BackupInst>
