<BackupInst xmlns="http://www.microsoft.com/GroupPolicy/GPOOperations/Manifest"><GPOGuid><![CDATA[{30FCB249-588E-43E0-AEEE-63992841F963}]]></GPOGuid><GPODomain><![CDATA[alexbarth.net]]></GPODomain><GPODomainGuid><![CDATA[{04cef035-999e-42d2-a4b0-ec110bfb1fc2}]]></GPODomainGuid><GPODomainController><![CDATA[dc3.alexbarth.net]]></GPODomainController><BackupTime><![CDATA[2025-03-19T06:02:27]]></BackupTime><ID><![CDATA[{3A026BC6-6003-4E40-A083-F286415F186B}]]></ID><Comment><![CDATA[]]></Comment><GPODisplayName><![CDATA[Windows - External Time Source]]></GPODisplayName></BackupInst>
