<BackupInst xmlns="http://www.microsoft.com/GroupPolicy/GPOOperations/Manifest"><GPOGuid><![CDATA[{601281F6-3C45-4129-A892-BA28255FD18D}]]></GPOGuid><GPODomain><![CDATA[alexbarth.net]]></GPODomain><GPODomainGuid><![CDATA[{04cef035-999e-42d2-a4b0-ec110bfb1fc2}]]></GPODomainGuid><GPODomainController><![CDATA[dc3.alexbarth.net]]></GPODomainController><BackupTime><![CDATA[2025-03-19T06:02:20]]></BackupTime><ID><![CDATA[{571F1E50-5526-425F-AF13-4295F6F42B0C}]]></ID><Comment><![CDATA[]]></Comment><GPODisplayName><![CDATA[OneDrive - Disable Memories]]></GPODisplayName></BackupInst>
