<BackupInst xmlns="http://www.microsoft.com/GroupPolicy/GPOOperations/Manifest"><GPOGuid><![CDATA[{C8D03FEF-31DA-492C-80CA-04738E454410}]]></GPOGuid><GPODomain><![CDATA[alexbarth.net]]></GPODomain><GPODomainGuid><![CDATA[{04cef035-999e-42d2-a4b0-ec110bfb1fc2}]]></GPODomainGuid><GPODomainController><![CDATA[dc3.alexbarth.net]]></GPODomainController><BackupTime><![CDATA[2025-03-19T06:02:12]]></BackupTime><ID><![CDATA[{5C70A703-5E10-4945-9348-11FF694B1EF7}]]></ID><Comment><![CDATA[]]></Comment><GPODisplayName><![CDATA[Group Policy - Replace Mode]]></GPODisplayName></BackupInst>
