<BackupInst xmlns="http://www.microsoft.com/GroupPolicy/GPOOperations/Manifest"><GPOGuid><![CDATA[{F2EA0891-3730-4190-A979-A60203E8075A}]]></GPOGuid><GPODomain><![CDATA[alexbarth.net]]></GPODomain><GPODomainGuid><![CDATA[{04cef035-999e-42d2-a4b0-ec110bfb1fc2}]]></GPODomainGuid><GPODomainController><![CDATA[dc3.alexbarth.net]]></GPODomainController><BackupTime><![CDATA[2025-03-19T06:02:12]]></BackupTime><ID><![CDATA[{6CF4C912-70B7-4FE7-8FE2-5A9DA28ECF7F}]]></ID><Comment><![CDATA[]]></Comment><GPODisplayName><![CDATA[Group Policy - Refresh Interval]]></GPODisplayName></BackupInst>
