<BackupInst xmlns="http://www.microsoft.com/GroupPolicy/GPOOperations/Manifest"><GPOGuid><![CDATA[{ADC57FD9-FEFB-43A9-BA3F-49606656D300}]]></GPOGuid><GPODomain><![CDATA[alexbarth.net]]></GPODomain><GPODomainGuid><![CDATA[{04cef035-999e-42d2-a4b0-ec110bfb1fc2}]]></GPODomainGuid><GPODomainController><![CDATA[dc3.alexbarth.net]]></GPODomainController><BackupTime><![CDATA[2025-03-19T06:02:01]]></BackupTime><ID><![CDATA[{753BEBE1-A689-4E72-89CB-8E4C1550423B}]]></ID><Comment><![CDATA[]]></Comment><GPODisplayName><![CDATA[Desktop Background - Physical]]></GPODisplayName></BackupInst>
