<BackupInst xmlns="http://www.microsoft.com/GroupPolicy/GPOOperations/Manifest"><GPOGuid><![CDATA[{D0EE77DA-B098-469F-93E8-585857CE95FC}]]></GPOGuid><GPODomain><![CDATA[alexbarth.net]]></GPODomain><GPODomainGuid><![CDATA[{04cef035-999e-42d2-a4b0-ec110bfb1fc2}]]></GPODomainGuid><GPODomainController><![CDATA[dc3.alexbarth.net]]></GPODomainController><BackupTime><![CDATA[2025-03-19T06:02:05]]></BackupTime><ID><![CDATA[{77D0FBA1-B549-4D8D-BA7F-A3891DCB00ED}]]></ID><Comment><![CDATA[]]></Comment><GPODisplayName><![CDATA[Edge - Sidebar and Prompts]]></GPODisplayName></BackupInst>
