<BackupInst xmlns="http://www.microsoft.com/GroupPolicy/GPOOperations/Manifest"><GPOGuid><![CDATA[{9DBF0513-4A96-4B69-B785-CCB00F4D098C}]]></GPOGuid><GPODomain><![CDATA[alexbarth.net]]></GPODomain><GPODomainGuid><![CDATA[{04cef035-999e-42d2-a4b0-ec110bfb1fc2}]]></GPODomainGuid><GPODomainController><![CDATA[dc3.alexbarth.net]]></GPODomainController><BackupTime><![CDATA[2025-03-19T06:02:20]]></BackupTime><ID><![CDATA[{8E09B6CE-F323-4510-AD85-0C91EBBE9F3B}]]></ID><Comment><![CDATA[]]></Comment><GPODisplayName><![CDATA[OneDrive - Enable Ignore List]]></GPODisplayName></BackupInst>
