﻿<?xml version="1.0" encoding="utf-8"?>
<!-- Copyright (c) Microsoft Corporation.  All rights reserved. -->
<GroupPolicyBackupScheme bkp:version="2.0" bkp:type="GroupPolicyBackupTemplate" xmlns:bkp="http://www.microsoft.com/GroupPolicy/GPOOperations" xmlns="http://www.microsoft.com/GroupPolicy/GPOOperations">
  <GroupPolicyObject>
    <SecurityGroups>
      <Group bkp:Source="FromDACL">
        <Sid><![CDATA[S-1-5-21-3051899438-3589783691-4031204720-519]]></Sid>
        <SamAccountName><![CDATA[Enterprise Admins]]></SamAccountName>
        <Type><![CDATA[UniversalGroup]]></Type>
        <NetBIOSDomainName><![CDATA[NET]]></NetBIOSDomainName>
        <DnsDomainName><![CDATA[domain.local]]></DnsDomainName>
        <UPN><![CDATA[Enterprise Admins@domain.local]]></UPN>
      </Group>
      <Group bkp:Source="FromDACL">
        <Sid><![CDATA[S-1-5-21-3051899438-3589783691-4031204720-512]]></Sid>
        <SamAccountName><![CDATA[Domain Admins]]></SamAccountName>
        <Type><![CDATA[GlobalGroup]]></Type>
        <NetBIOSDomainName><![CDATA[NET]]></NetBIOSDomainName>
        <DnsDomainName><![CDATA[domain.local]]></DnsDomainName>
        <UPN><![CDATA[Domain Admins@domain.local]]></UPN>
      </Group>
    </SecurityGroups>
    <FilePaths />
    <GroupPolicyCoreSettings>
      <ID><![CDATA[{3774A428-A1A8-412A-A24D-BB75076C3828}]]></ID>
      <Domain><![CDATA[domain.local]]></Domain>
      <SecurityDescriptor>01 00 04 9c 00 00 00 00 00 00 00 00 00 00 00 00 14 00 00 00 04 00 ec 00 08 00 00 00 05 02 28 00 00 01 00 00 01 00 00 00 8f fd ac ed b3 ff d1 11 b4 1d 00 a0 c9 68 f9 39 01 01 00 00 00 00 00 05 0b 00 00 00 00 00 24 00 ff 00 0f 00 01 05 00 00 00 00 00 05 15 00 00 00 2e 4a e8 b5 8b c0 f7 d5 70 4d 47 f0 00 02 00 00 00 02 24 00 ff 00 0f 00 01 05 00 00 00 00 00 05 15 00 00 00 2e 4a e8 b5 8b c0 f7 d5 70 4d 47 f0 00 02 00 00 00 02 24 00 ff 00 0f 00 01 05 00 00 00 00 00 05 15 00 00 00 2e 4a e8 b5 8b c0 f7 d5 70 4d 47 f0 07 02 00 00 00 02 14 00 94 00 02 00 01 01 00 00 00 00 00 05 09 00 00 00 00 02 14 00 94 00 02 00 01 01 00 00 00 00 00 05 0b 00 00 00 00 02 14 00 ff 00 0f 00 01 01 00 00 00 00 00 05 12 00 00 00 00 0a 14 00 ff 00 0f 00 01 01 00 00 00 00 00 03 00 00 00 00</SecurityDescriptor>
      <DisplayName><![CDATA[Security - Audit Policy - Network Policy Server]]></DisplayName>
      <Options><![CDATA[1]]></Options>
      <UserVersionNumber><![CDATA[0]]></UserVersionNumber>
      <MachineVersionNumber><![CDATA[65537]]></MachineVersionNumber>
      <MachineExtensionGuids><![CDATA[[{F3CCC681-B74C-4060-9F26-CD84525DCA2A}{0F3F3735-573D-9804-99E4-AB2A69BA5FD4}]]]></MachineExtensionGuids>
      <UserExtensionGuids />
      <WMIFilter />
    </GroupPolicyCoreSettings>
    <GroupPolicyExtension bkp:ID="{35378EAC-683F-11D2-A89A-00C04FBBCFA2}" bkp:DescName="Registry">
      <FSObjectFile bkp:Path="%GPO_FSPATH%\Adm\*.*" bkp:SourceExpandedPath="\\dc.domain.local\sysvol\domain.local\Policies\{3774A428-A1A8-412A-A24D-BB75076C3828}\Adm\*.*" />
    </GroupPolicyExtension>
    <GroupPolicyExtension bkp:ID="{F15C46CD-82A0-4C2D-A210-5D0D3182A418}" bkp:DescName="Unknown Extension">
      <FSObjectDir bkp:Path="%GPO_MACH_FSPATH%\Microsoft" bkp:SourceExpandedPath="\\dc.domain.local\sysvol\domain.local\Policies\{3774A428-A1A8-412A-A24D-BB75076C3828}\Machine\Microsoft" bkp:Location="DomainSysvol\GPO\Machine\Microsoft" />
      <FSObjectDir bkp:Path="%GPO_MACH_FSPATH%\Microsoft\Windows NT" bkp:SourceExpandedPath="\\dc.domain.local\sysvol\domain.local\Policies\{3774A428-A1A8-412A-A24D-BB75076C3828}\Machine\Microsoft\Windows NT" bkp:Location="DomainSysvol\GPO\Machine\Microsoft\Windows NT" />
      <FSObjectDir bkp:Path="%GPO_MACH_FSPATH%\Microsoft\Windows NT\Audit" bkp:SourceExpandedPath="\\dc.domain.local\sysvol\domain.local\Policies\{3774A428-A1A8-412A-A24D-BB75076C3828}\Machine\Microsoft\Windows NT\Audit" bkp:Location="DomainSysvol\GPO\Machine\Microsoft\Windows NT\Audit" />
      <FSObjectFile bkp:Path="%GPO_MACH_FSPATH%\Microsoft\Windows NT\Audit\audit.csv" bkp:SourceExpandedPath="\\dc.domain.local\sysvol\domain.local\Policies\{3774A428-A1A8-412A-A24D-BB75076C3828}\Machine\Microsoft\Windows NT\Audit\audit.csv" bkp:Location="DomainSysvol\GPO\Machine\Microsoft\Windows NT\Audit\audit.csv" />
      <FSObjectDir bkp:Path="%GPO_MACH_FSPATH%\Microsoft\Windows NT\SecEdit" bkp:SourceExpandedPath="\\dc.domain.local\sysvol\domain.local\Policies\{3774A428-A1A8-412A-A24D-BB75076C3828}\Machine\Microsoft\Windows NT\SecEdit" bkp:Location="DomainSysvol\GPO\Machine\Microsoft\Windows NT\SecEdit" />
      <FSObjectFile bkp:Path="%GPO_MACH_FSPATH%\Microsoft\Windows NT\SecEdit\GptTmpl.inf" bkp:SourceExpandedPath="\\dc.domain.local\sysvol\domain.local\Policies\{3774A428-A1A8-412A-A24D-BB75076C3828}\Machine\Microsoft\Windows NT\SecEdit\GptTmpl.inf" bkp:Location="DomainSysvol\GPO\Machine\Microsoft\Windows NT\SecEdit\GptTmpl.inf" />
      <FSObjectDir bkp:Path="%GPO_MACH_FSPATH%\Scripts" bkp:SourceExpandedPath="\\dc.domain.local\sysvol\domain.local\Policies\{3774A428-A1A8-412A-A24D-BB75076C3828}\Machine\Scripts" bkp:Location="DomainSysvol\GPO\Machine\Scripts" />
      <FSObjectDir bkp:Path="%GPO_MACH_FSPATH%\Scripts\Shutdown" bkp:SourceExpandedPath="\\dc.domain.local\sysvol\domain.local\Policies\{3774A428-A1A8-412A-A24D-BB75076C3828}\Machine\Scripts\Shutdown" bkp:Location="DomainSysvol\GPO\Machine\Scripts\Shutdown" />
      <FSObjectDir bkp:Path="%GPO_MACH_FSPATH%\Scripts\Startup" bkp:SourceExpandedPath="\\dc.domain.local\sysvol\domain.local\Policies\{3774A428-A1A8-412A-A24D-BB75076C3828}\Machine\Scripts\Startup" bkp:Location="DomainSysvol\GPO\Machine\Scripts\Startup" />
    </GroupPolicyExtension>
  </GroupPolicyObject>
</GroupPolicyBackupScheme>