<BackupInst xmlns="http://www.microsoft.com/GroupPolicy/GPOOperations/Manifest"><GPOGuid><![CDATA[{8CA94999-49C3-4E82-AD6C-9AACB1FE38EC}]]></GPOGuid><GPODomain><![CDATA[alexbarth.net]]></GPODomain><GPODomainGuid><![CDATA[{04cef035-999e-42d2-a4b0-ec110bfb1fc2}]]></GPODomainGuid><GPODomainController><![CDATA[dc3.alexbarth.net]]></GPODomainController><BackupTime><![CDATA[2025-03-19T06:02:05]]></BackupTime><ID><![CDATA[{A74B5E5F-BAF6-476D-AED3-A7344A047308}]]></ID><Comment><![CDATA[]]></Comment><GPODisplayName><![CDATA[Explorer - Folder Options]]></GPODisplayName></BackupInst>
