<BackupInst xmlns="http://www.microsoft.com/GroupPolicy/GPOOperations/Manifest"><GPOGuid><![CDATA[{B76AFEE9-44A1-4BFC-ADE1-FF86AD9018B8}]]></GPOGuid><GPODomain><![CDATA[alexbarth.net]]></GPODomain><GPODomainGuid><![CDATA[{04cef035-999e-42d2-a4b0-ec110bfb1fc2}]]></GPODomainGuid><GPODomainController><![CDATA[dc3.alexbarth.net]]></GPODomainController><BackupTime><![CDATA[2025-03-19T06:02:18]]></BackupTime><ID><![CDATA[{A8B61CA5-1FCC-4B1A-8E40-0663F69582EA}]]></ID><Comment><![CDATA[]]></Comment><GPODisplayName><![CDATA[Network - Prefer IPv4 over IPv6]]></GPODisplayName></BackupInst>
