<BackupInst xmlns="http://www.microsoft.com/GroupPolicy/GPOOperations/Manifest"><GPOGuid><![CDATA[{8393EEF8-5816-4C66-939C-A84EF96AC92B}]]></GPOGuid><GPODomain><![CDATA[alexbarth.net]]></GPODomain><GPODomainGuid><![CDATA[{04cef035-999e-42d2-a4b0-ec110bfb1fc2}]]></GPODomainGuid><GPODomainController><![CDATA[dc3.alexbarth.net]]></GPODomainController><BackupTime><![CDATA[2025-03-19T06:02:08]]></BackupTime><ID><![CDATA[{B184BFCD-0717-4379-8800-1840241E3911}]]></ID><Comment><![CDATA[]]></Comment><GPODisplayName><![CDATA[Firewall - Enable with Logfile]]></GPODisplayName></BackupInst>
