<BackupInst xmlns="http://www.microsoft.com/GroupPolicy/GPOOperations/Manifest"><GPOGuid><![CDATA[{560F0E9F-F249-4EA7-86CA-9F34931BDC94}]]></GPOGuid><GPODomain><![CDATA[alexbarth.net]]></GPODomain><GPODomainGuid><![CDATA[{04cef035-999e-42d2-a4b0-ec110bfb1fc2}]]></GPODomainGuid><GPODomainController><![CDATA[dc3.alexbarth.net]]></GPODomainController><BackupTime><![CDATA[2025-03-19T06:02:15]]></BackupTime><ID><![CDATA[{E6C67BB1-7CC8-42D0-8AB4-F0E926D39F04}]]></ID><Comment><![CDATA[]]></Comment><GPODisplayName><![CDATA[Login - Interactive Logon - Servers]]></GPODisplayName></BackupInst>
