<BackupInst xmlns="http://www.microsoft.com/GroupPolicy/GPOOperations/Manifest"><GPOGuid><![CDATA[{C151CD77-C2F4-44FE-A6FA-853C72075778}]]></GPOGuid><GPODomain><![CDATA[alexbarth.net]]></GPODomain><GPODomainGuid><![CDATA[{04cef035-999e-42d2-a4b0-ec110bfb1fc2}]]></GPODomainGuid><GPODomainController><![CDATA[dc3.alexbarth.net]]></GPODomainController><BackupTime><![CDATA[2025-03-19T06:02:33]]></BackupTime><ID><![CDATA[{F564BA5D-7AAB-425D-9677-FB335F449BFF}]]></ID><Comment><![CDATA[]]></Comment><GPODisplayName><![CDATA[Windows Update - Block drivers]]></GPODisplayName></BackupInst>
