<BackupInst xmlns="http://www.microsoft.com/GroupPolicy/GPOOperations/Manifest"><GPOGuid><![CDATA[{9FAE9595-F20B-4973-8329-E50CAAEC4C5E}]]></GPOGuid><GPODomain><![CDATA[alexbarth.net]]></GPODomain><GPODomainGuid><![CDATA[{04cef035-999e-42d2-a4b0-ec110bfb1fc2}]]></GPODomainGuid><GPODomainController><![CDATA[dc3.alexbarth.net]]></GPODomainController><BackupTime><![CDATA[2025-03-19T06:02:03]]></BackupTime><ID><![CDATA[{F648F385-7BD3-429A-AB88-89B7F29E87CE}]]></ID><Comment><![CDATA[]]></Comment><GPODisplayName><![CDATA[Domain Controllers - Allow Computer Account Re-use]]></GPODisplayName></BackupInst>
