<BackupInst xmlns="http://www.microsoft.com/GroupPolicy/GPOOperations/Manifest"><GPOGuid><![CDATA[{1588013c-b527-46dc-a6a6-a19de73df737}]]></GPOGuid><GPODomain><![CDATA[domain.local]]></GPODomain><GPODomainGuid><![CDATA[{04cef035-999e-42d2-a4b0-ec110bfb1fc2}]]></GPODomainGuid><GPODomainController><![CDATA[DC-1.domain.local]]></GPODomainController><BackupTime><![CDATA[2025-03-21T06:08:06]]></BackupTime><ID><![CDATA[{00AC686E-3E87-4E1C-8B19-EBD5BF9A5A40}]]></ID><Comment><![CDATA[]]></Comment><GPODisplayName><![CDATA[Security - LAPS - Disable]]></GPODisplayName></BackupInst>
