<BackupInst xmlns="http://www.microsoft.com/GroupPolicy/GPOOperations/Manifest"><GPOGuid><![CDATA[{adad0773-04be-4010-8645-ff9357ff1948}]]></GPOGuid><GPODomain><![CDATA[domain.local]]></GPODomain><GPODomainGuid><![CDATA[{04cef035-999e-42d2-a4b0-ec110bfb1fc2}]]></GPODomainGuid><GPODomainController><![CDATA[DC-1.domain.local]]></GPODomainController><BackupTime><![CDATA[2025-03-21T06:08:15]]></BackupTime><ID><![CDATA[{02AC733C-54ED-46A5-91CB-7F071F8D0734}]]></ID><Comment><![CDATA[]]></Comment><GPODisplayName><![CDATA[Windows Defender - PowerShell Transcripts]]></GPODisplayName></BackupInst>
