<BackupInst xmlns="http://www.microsoft.com/GroupPolicy/GPOOperations/Manifest"><GPOGuid><![CDATA[{4a87dd45-0c7c-4d7b-9590-e940ac818bee}]]></GPOGuid><GPODomain><![CDATA[domain.local]]></GPODomain><GPODomainGuid><![CDATA[{04cef035-999e-42d2-a4b0-ec110bfb1fc2}]]></GPODomainGuid><GPODomainController><![CDATA[DC-1.domain.local]]></GPODomainController><BackupTime><![CDATA[2025-03-21T06:08:13]]></BackupTime><ID><![CDATA[{0862C31A-6822-4979-8AEA-32B5DA2FAF04}]]></ID><Comment><![CDATA[]]></Comment><GPODisplayName><![CDATA[Remote Desktop - Disable Network Detect]]></GPODisplayName></BackupInst>
