<BackupInst xmlns="http://www.microsoft.com/GroupPolicy/GPOOperations/Manifest"><GPOGuid><![CDATA[{fbbae6f2-635e-4019-9f78-f84099b831f3}]]></GPOGuid><GPODomain><![CDATA[domain.local]]></GPODomain><GPODomainGuid><![CDATA[{04cef035-999e-42d2-a4b0-ec110bfb1fc2}]]></GPODomainGuid><GPODomainController><![CDATA[DC-1.domain.local]]></GPODomainController><BackupTime><![CDATA[2025-03-21T06:07:54]]></BackupTime><ID><![CDATA[{10E22A2F-4ABB-45C6-8A23-E62AA2C01728}]]></ID><Comment><![CDATA[]]></Comment><GPODisplayName><![CDATA[Windows Update - 1AM Daily - Download]]></GPODisplayName></BackupInst>
