﻿<?xml version="1.0" encoding="utf-16"?>
<GPO xmlns:xsd="http://www.w3.org/2001/XMLSchema" xmlns:xsi="http://www.w3.org/2001/XMLSchema-instance" xmlns="http://www.microsoft.com/GroupPolicy/Settings">
  <Identifier>
    <Identifier xmlns="http://www.microsoft.com/GroupPolicy/Types">{8f007e29-0514-49d7-b2d0-ec6fda2adfb4}</Identifier>
    <Domain xmlns="http://www.microsoft.com/GroupPolicy/Types">domain.local</Domain>
  </Identifier>
  <Name>Network - Trusted Zones - Azure AD</Name>
  <IncludeComments>true</IncludeComments>
  <CreatedTime>2020-08-31T23:07:27</CreatedTime>
  <ModifiedTime>2024-09-04T14:16:50</ModifiedTime>
  <ReadTime>2025-03-20T16:33:04.2646413Z</ReadTime>
  <SecurityDescriptor>
    <SDDL xmlns="http://www.microsoft.com/GroupPolicy/Types/Security">O:DAG:DAD:PAI(OA;CI;CR;edacfd8f-ffb3-11d1-b41d-00a0c968f939;;AU)(A;;CCDCLCSWRPWPDTLOSDRCWDWO;;;DA)(A;CI;CCDCLCSWRPWPDTLOSDRCWDWO;;;DA)(A;CI;CCDCLCSWRPWPDTLOSDRCWDWO;;;S-1-5-21-3051899438-3589783691-4031204720-519)(A;CI;LCRPLORC;;;ED)(A;CI;LCRPLORC;;;AU)(A;CI;CCDCLCSWRPWPDTLOSDRCWDWO;;;SY)(A;CIIO;CCDCLCSWRPWPDTLOSDRCWDWO;;;CO)S:AI(OU;CIIDSA;WPWD;;f30e3bc2-9ff0-11d1-b603-0000f80367c1;WD)(OU;CIIOIDSA;WP;f30e3bbe-9ff0-11d1-b603-0000f80367c1;bf967aa5-0de6-11d0-a285-00aa003049e2;WD)(OU;CIIOIDSA;WP;f30e3bbf-9ff0-11d1-b603-0000f80367c1;bf967aa5-0de6-11d0-a285-00aa003049e2;WD)</SDDL>
    <Owner xmlns="http://www.microsoft.com/GroupPolicy/Types/Security">
      <SID xmlns="http://www.microsoft.com/GroupPolicy/Types">S-1-5-21-3051899438-3589783691-4031204720-512</SID>
      <Name xmlns="http://www.microsoft.com/GroupPolicy/Types">NET\Domain Admins</Name>
    </Owner>
    <Group xmlns="http://www.microsoft.com/GroupPolicy/Types/Security">
      <SID xmlns="http://www.microsoft.com/GroupPolicy/Types">S-1-5-21-3051899438-3589783691-4031204720-512</SID>
      <Name xmlns="http://www.microsoft.com/GroupPolicy/Types">NET\Domain Admins</Name>
    </Group>
    <PermissionsPresent xmlns="http://www.microsoft.com/GroupPolicy/Types/Security">true</PermissionsPresent>
    <Permissions xmlns="http://www.microsoft.com/GroupPolicy/Types/Security">
      <InheritsFromParent>false</InheritsFromParent>
      <TrusteePermissions>
        <Trustee>
          <SID xmlns="http://www.microsoft.com/GroupPolicy/Types">S-1-5-21-3051899438-3589783691-4031204720-512</SID>
          <Name xmlns="http://www.microsoft.com/GroupPolicy/Types">NET\Domain Admins</Name>
        </Trustee>
        <Type xsi:type="PermissionType">
          <PermissionType>Allow</PermissionType>
        </Type>
        <Inherited>false</Inherited>
        <Applicability>
          <ToSelf>true</ToSelf>
          <ToDescendantObjects>false</ToDescendantObjects>
          <ToDescendantContainers>true</ToDescendantContainers>
          <ToDirectDescendantsOnly>false</ToDirectDescendantsOnly>
        </Applicability>
        <Standard>
          <GPOGroupedAccessEnum>Edit, delete, modify security</GPOGroupedAccessEnum>
        </Standard>
        <AccessMask>0</AccessMask>
      </TrusteePermissions>
      <TrusteePermissions>
        <Trustee>
          <SID xmlns="http://www.microsoft.com/GroupPolicy/Types">S-1-5-9</SID>
          <Name xmlns="http://www.microsoft.com/GroupPolicy/Types">NT AUTHORITY\ENTERPRISE DOMAIN CONTROLLERS</Name>
        </Trustee>
        <Type xsi:type="PermissionType">
          <PermissionType>Allow</PermissionType>
        </Type>
        <Inherited>false</Inherited>
        <Applicability>
          <ToSelf>true</ToSelf>
          <ToDescendantObjects>false</ToDescendantObjects>
          <ToDescendantContainers>true</ToDescendantContainers>
          <ToDirectDescendantsOnly>false</ToDirectDescendantsOnly>
        </Applicability>
        <Standard>
          <GPOGroupedAccessEnum>Read</GPOGroupedAccessEnum>
        </Standard>
        <AccessMask>0</AccessMask>
      </TrusteePermissions>
      <TrusteePermissions>
        <Trustee>
          <SID xmlns="http://www.microsoft.com/GroupPolicy/Types">S-1-5-18</SID>
          <Name xmlns="http://www.microsoft.com/GroupPolicy/Types">NT AUTHORITY\SYSTEM</Name>
        </Trustee>
        <Type xsi:type="PermissionType">
          <PermissionType>Allow</PermissionType>
        </Type>
        <Inherited>false</Inherited>
        <Applicability>
          <ToSelf>true</ToSelf>
          <ToDescendantObjects>false</ToDescendantObjects>
          <ToDescendantContainers>true</ToDescendantContainers>
          <ToDirectDescendantsOnly>false</ToDirectDescendantsOnly>
        </Applicability>
        <Standard>
          <GPOGroupedAccessEnum>Edit, delete, modify security</GPOGroupedAccessEnum>
        </Standard>
        <AccessMask>0</AccessMask>
      </TrusteePermissions>
      <TrusteePermissions>
        <Trustee>
          <SID xmlns="http://www.microsoft.com/GroupPolicy/Types">S-1-5-11</SID>
          <Name xmlns="http://www.microsoft.com/GroupPolicy/Types">NT AUTHORITY\Authenticated Users</Name>
        </Trustee>
        <Type xsi:type="PermissionType">
          <PermissionType>Allow</PermissionType>
        </Type>
        <Inherited>false</Inherited>
        <Applicability>
          <ToSelf>true</ToSelf>
          <ToDescendantObjects>false</ToDescendantObjects>
          <ToDescendantContainers>true</ToDescendantContainers>
          <ToDirectDescendantsOnly>false</ToDirectDescendantsOnly>
        </Applicability>
        <Standard>
          <GPOGroupedAccessEnum>Apply Group Policy</GPOGroupedAccessEnum>
        </Standard>
        <AccessMask>0</AccessMask>
      </TrusteePermissions>
      <TrusteePermissions>
        <Trustee>
          <SID xmlns="http://www.microsoft.com/GroupPolicy/Types">S-1-5-21-3051899438-3589783691-4031204720-519</SID>
          <Name xmlns="http://www.microsoft.com/GroupPolicy/Types">NET\Enterprise Admins</Name>
        </Trustee>
        <Type xsi:type="PermissionType">
          <PermissionType>Allow</PermissionType>
        </Type>
        <Inherited>false</Inherited>
        <Applicability>
          <ToSelf>true</ToSelf>
          <ToDescendantObjects>false</ToDescendantObjects>
          <ToDescendantContainers>true</ToDescendantContainers>
          <ToDirectDescendantsOnly>false</ToDirectDescendantsOnly>
        </Applicability>
        <Standard>
          <GPOGroupedAccessEnum>Edit, delete, modify security</GPOGroupedAccessEnum>
        </Standard>
        <AccessMask>0</AccessMask>
      </TrusteePermissions>
    </Permissions>
    <AuditingPresent xmlns="http://www.microsoft.com/GroupPolicy/Types/Security">false</AuditingPresent>
  </SecurityDescriptor>
  <FilterDataAvailable>true</FilterDataAvailable>
  <FilterName>Windows-Server</FilterName>
  <Computer>
    <VersionDirectory>198</VersionDirectory>
    <VersionSysvol>198</VersionSysvol>
    <Enabled>true</Enabled>
    <ExtensionData>
      <Extension xmlns:q1="http://www.microsoft.com/GroupPolicy/Settings/Windows/Registry" xsi:type="q1:RegistrySettings">
        <q1:RegistrySettings clsid="{A3CCFC41-DFDB-43a5-8D26-0FE8B954DA51}">
          <q1:Registry clsid="{9CD4B2F4-923D-47f5-A062-E897DD1DAD50}" name="https" status="https" image="12" changed="2021-09-23 15:35:22" uid="{61A03B2A-2771-44B0-B71B-7DF8FF6C66D1}">
            <q1:GPOSettingOrder>1</q1:GPOSettingOrder>
            <q1:Properties action="U" displayDecimal="0" default="0" hive="HKEY_LOCAL_MACHINE" key="SOFTWARE\Policies\Microsoft\Windows\CurrentVersion\Internet Settings\ZoneMap\EscDomains\live.com\login" name="https" type="REG_DWORD" value="00000002">
              <q1:Values />
            </q1:Properties>
            <q1:Filters />
          </q1:Registry>
          <q1:Registry clsid="{9CD4B2F4-923D-47f5-A062-E897DD1DAD50}" name="https" status="https" image="12" changed="2020-09-01 04:10:50" uid="{5E7EE1CF-9AF6-4080-83BF-F3DEDAC07BE7}" disabled="0">
            <q1:GPOSettingOrder>2</q1:GPOSettingOrder>
            <q1:Properties action="U" displayDecimal="0" default="0" hive="HKEY_LOCAL_MACHINE" key="SOFTWARE\Policies\Microsoft\Windows\CurrentVersion\Internet Settings\ZoneMap\EscDomains\windows.net\login" name="https" type="REG_DWORD" value="00000002">
              <q1:Values />
            </q1:Properties>
            <q1:Filters />
          </q1:Registry>
          <q1:Registry clsid="{9CD4B2F4-923D-47f5-A062-E897DD1DAD50}" name="https" status="https" image="12" changed="2020-09-01 04:10:14" uid="{940CE585-659C-4DDA-BC6B-BFE8DEF3B528}">
            <q1:GPOSettingOrder>3</q1:GPOSettingOrder>
            <q1:Properties action="U" displayDecimal="0" default="0" hive="HKEY_LOCAL_MACHINE" key="SOFTWARE\Policies\Microsoft\Windows\CurrentVersion\Internet Settings\ZoneMap\EscDomains\microsoftonline.com\login" name="https" type="REG_DWORD" value="00000002">
              <q1:Values />
            </q1:Properties>
            <q1:Filters />
          </q1:Registry>
          <q1:Registry clsid="{9CD4B2F4-923D-47f5-A062-E897DD1DAD50}" name="https" status="https" image="12" changed="2020-09-01 05:50:10" uid="{7EDCCF0B-794C-474D-AD69-BE9E28587FEB}">
            <q1:GPOSettingOrder>4</q1:GPOSettingOrder>
            <q1:Properties action="U" displayDecimal="0" default="0" hive="HKEY_LOCAL_MACHINE" key="SOFTWARE\Policies\Microsoft\Windows\CurrentVersion\Internet Settings\ZoneMap\EscDomains\microsoftonline-p.com\secure.aadcdn" name="https" type="REG_DWORD" value="00000002">
              <q1:Values />
            </q1:Properties>
            <q1:Filters />
          </q1:Registry>
          <q1:Registry clsid="{9CD4B2F4-923D-47f5-A062-E897DD1DAD50}" name="https" status="https" image="12" changed="2021-06-11 20:13:26" uid="{D3069C38-FA53-47DA-B0F4-A8885835AB09}">
            <q1:GPOSettingOrder>5</q1:GPOSettingOrder>
            <q1:Properties action="U" displayDecimal="0" default="0" hive="HKEY_LOCAL_MACHINE" key="SOFTWARE\Policies\Microsoft\Windows\CurrentVersion\Internet Settings\ZoneMap\EscDomains\msauth.net\aadcdn" name="https" type="REG_DWORD" value="00000002">
              <q1:Values />
            </q1:Properties>
            <q1:Filters />
          </q1:Registry>
          <q1:Registry clsid="{9CD4B2F4-923D-47f5-A062-E897DD1DAD50}" name="https" status="https" image="12" changed="2021-09-23 15:57:11" uid="{737114E3-504B-4F24-B115-A6F6DC907DC0}">
            <q1:GPOSettingOrder>6</q1:GPOSettingOrder>
            <q1:Properties action="U" displayDecimal="0" default="0" hive="HKEY_LOCAL_MACHINE" key="SOFTWARE\Policies\Microsoft\Windows\CurrentVersion\Internet Settings\ZoneMap\EscDomains\msauth.net\logincdn" name="https" type="REG_DWORD" value="00000002">
              <q1:Values />
            </q1:Properties>
            <q1:Filters />
          </q1:Registry>
          <q1:Registry clsid="{9CD4B2F4-923D-47f5-A062-E897DD1DAD50}" name="https" status="https" image="12" changed="2020-09-01 04:11:16" uid="{657E636D-6C96-4DCA-9544-406307208F26}">
            <q1:GPOSettingOrder>7</q1:GPOSettingOrder>
            <q1:Properties action="U" displayDecimal="0" default="0" hive="HKEY_LOCAL_MACHINE" key="SOFTWARE\Policies\Microsoft\Windows\CurrentVersion\Internet Settings\ZoneMap\EscDomains\msftauth.net\aadcdn" name="https" type="REG_DWORD" value="00000002">
              <q1:Values />
            </q1:Properties>
            <q1:Filters />
          </q1:Registry>
          <q1:Registry clsid="{9CD4B2F4-923D-47f5-A062-E897DD1DAD50}" name="https" status="https" image="12" changed="2020-09-01 07:05:23" uid="{AFF1FB8E-E4FE-44AF-9F34-D196D4C89594}" disabled="0">
            <q1:GPOSettingOrder>8</q1:GPOSettingOrder>
            <q1:Properties action="U" displayDecimal="0" default="0" hive="HKEY_LOCAL_MACHINE" key="SOFTWARE\Policies\Microsoft\Windows\CurrentVersion\Internet Settings\ZoneMap\EscDomains\duosecurity.com\api-ee0b7ac0" name="https" type="REG_DWORD" value="00000002">
              <q1:Values />
            </q1:Properties>
            <q1:Filters />
          </q1:Registry>
          <q1:Registry clsid="{9CD4B2F4-923D-47f5-A062-E897DD1DAD50}" name="https" status="https" image="12" changed="2021-09-23 15:51:55" uid="{CD0E8FF6-7A99-4098-A1B4-3F4E7A2DBD26}">
            <q1:GPOSettingOrder>9</q1:GPOSettingOrder>
            <q1:Properties action="U" displayDecimal="0" default="0" hive="HKEY_LOCAL_MACHINE" key="SOFTWARE\Policies\Microsoft\Windows\CurrentVersion\Internet Settings\ZoneMap\EscDomains\duosecurity.com\api-55489b8f" name="https" type="REG_DWORD" value="00000002">
              <q1:Values />
            </q1:Properties>
            <q1:Filters />
          </q1:Registry>
          <q1:Registry clsid="{9CD4B2F4-923D-47f5-A062-E897DD1DAD50}" name="https" status="https" image="12" changed="2021-04-29 00:07:54" uid="{FF97D650-9214-41D6-A3EC-F181579BADA5}">
            <q1:GPOSettingOrder>10</q1:GPOSettingOrder>
            <q1:Properties action="U" displayDecimal="0" default="0" hive="HKEY_LOCAL_MACHINE" key="SOFTWARE\Policies\Microsoft\Windows\CurrentVersion\Internet Settings\ZoneMap\EscDomains\utexas.edu\login.austin" name="https" type="REG_DWORD" value="00000002">
              <q1:Values />
            </q1:Properties>
            <q1:Filters />
          </q1:Registry>
          <q1:Registry clsid="{9CD4B2F4-923D-47f5-A062-E897DD1DAD50}" name="https" status="https" image="12" changed="2021-04-29 00:08:16" uid="{DD98651E-5809-42AE-A2D8-495C79491572}">
            <q1:GPOSettingOrder>11</q1:GPOSettingOrder>
            <q1:Properties action="U" displayDecimal="0" default="0" hive="HKEY_LOCAL_MACHINE" key="SOFTWARE\Policies\Microsoft\Windows\CurrentVersion\Internet Settings\ZoneMap\EscDomains\utexas.edu\login.adqual" name="https" type="REG_DWORD" value="00000002">
              <q1:Values />
            </q1:Properties>
            <q1:Filters />
          </q1:Registry>
          <q1:Registry clsid="{9CD4B2F4-923D-47f5-A062-E897DD1DAD50}" name="https" status="https" image="12" changed="2021-04-29 00:08:25" uid="{B3783626-5E99-4452-846F-2D2E79F56D1E}">
            <q1:GPOSettingOrder>12</q1:GPOSettingOrder>
            <q1:Properties action="U" displayDecimal="0" default="0" hive="HKEY_LOCAL_MACHINE" key="SOFTWARE\Policies\Microsoft\Windows\CurrentVersion\Internet Settings\ZoneMap\EscDomains\utexas.edu\login.adtest" name="https" type="REG_DWORD" value="00000002">
              <q1:Values />
            </q1:Properties>
            <q1:Filters />
          </q1:Registry>
          <q1:Registry clsid="{9CD4B2F4-923D-47f5-A062-E897DD1DAD50}" name="https" status="https" image="12" changed="2021-04-29 00:08:36" uid="{01B990CF-4169-418A-97BF-F251D01BC675}">
            <q1:GPOSettingOrder>13</q1:GPOSettingOrder>
            <q1:Properties action="U" displayDecimal="0" default="0" hive="HKEY_LOCAL_MACHINE" key="SOFTWARE\Policies\Microsoft\Windows\CurrentVersion\Internet Settings\ZoneMap\EscDomains\utexas.edu\login.cds" name="https" type="REG_DWORD" value="00000002">
              <q1:Values />
            </q1:Properties>
            <q1:Filters />
          </q1:Registry>
          <q1:Registry clsid="{9CD4B2F4-923D-47f5-A062-E897DD1DAD50}" name="https" status="https" image="12" changed="2023-08-17 05:21:30" uid="{AB0ED217-7240-400E-94AE-EA41A289B38D}">
            <q1:GPOSettingOrder>14</q1:GPOSettingOrder>
            <q1:Properties action="U" displayDecimal="0" default="0" hive="HKEY_LOCAL_MACHINE" key="SOFTWARE\Policies\Microsoft\Windows\CurrentVersion\Internet Settings\ZoneMap\EscDomains\domain.local\login" name="https" type="REG_DWORD" value="00000002">
              <q1:Values />
            </q1:Properties>
            <q1:Filters />
          </q1:Registry>
        </q1:RegistrySettings>
      </Extension>
      <Name>Windows Registry</Name>
    </ExtensionData>
    <ExtensionData>
      <Extension xmlns:q2="http://www.microsoft.com/GroupPolicy/Settings/Registry" xsi:type="q2:RegistrySettings">
        <q2:Policy>
          <q2:Name>Site to Zone Assignment List</q2:Name>
          <q2:State>Enabled</q2:State>
          <q2:Explain>This policy setting allows you to manage a list of sites that you want to associate with a particular security zone. These zone numbers have associated security settings that apply to all of the sites in the zone.

Internet Explorer has 4 security zones, numbered 1-4, and these are used by this policy setting to associate sites to zones. They are: (1) Intranet zone, (2) Trusted Sites zone, (3) Internet zone, and (4) Restricted Sites zone. Security settings can be set for each of these zones through other policy settings, and their default settings are: Trusted Sites zone (Low template), Intranet zone (Medium-Low template), Internet zone (Medium template), and Restricted Sites zone (High template). (The Local Machine zone and its locked down equivalent have special security settings that protect your local computer.)

If you enable this policy setting, you can enter a list of sites and their related zone numbers. The association of a site with a zone will ensure that the security settings for the specified zone are applied to the site.  For each entry that you add to the list, enter the following information:

Valuename – A host for an intranet site, or a fully qualified domain name for other sites. The valuename may also include a specific protocol. For example, if you enter http://www.contoso.com as the valuename, other protocols are not affected. If you enter just www.contoso.com, then all protocols are affected for that site, including http, https, ftp, and so on. The site may also be expressed as an IP address (e.g., 127.0.0.1) or range (e.g., 127.0.0.1-10). To avoid creating conflicting policies, do not include additional characters after the domain such as trailing slashes or URL path. For example, policy settings for www.contoso.com and www.contoso.com/mail would be treated as the same policy setting by Internet Explorer, and would therefore be in conflict.

Value - A number indicating the zone with which this site should be associated for security settings. The Internet Explorer zones described above are 1-4.

If you disable or do not configure this policy, users may choose their own site-to-zone assignments.</q2:Explain>
          <q2:Supported>At least Internet Explorer 6.0 in Windows XP with Service Pack 2 or Windows Server 2003 with Service Pack 1</q2:Supported>
          <q2:Category>Windows Components/Internet Explorer/Internet Control Panel/Security Page</q2:Category>
          <q2:ListBox>
            <q2:Name>Enter the zone assignments here.</q2:Name>
            <q2:State>Enabled</q2:State>
            <q2:ExplicitValue>true</q2:ExplicitValue>
            <q2:Additive>true</q2:Additive>
            <q2:Value>
              <q2:Element>
                <q2:Name>example.com</q2:Name>
                <q2:Data>4</q2:Data>
              </q2:Element>
            </q2:Value>
          </q2:ListBox>
        </q2:Policy>
        <q2:Blocked>false</q2:Blocked>
      </Extension>
      <Name>Registry</Name>
    </ExtensionData>
  </Computer>
  <User>
    <VersionDirectory>0</VersionDirectory>
    <VersionSysvol>0</VersionSysvol>
    <Enabled>false</Enabled>
  </User>
  <LinksTo>
    <SOMName>Computers</SOMName>
    <SOMPath>domain.local/Directory/Computers</SOMPath>
    <Enabled>true</Enabled>
    <NoOverride>false</NoOverride>
  </LinksTo>
</GPO>