<BackupInst xmlns="http://www.microsoft.com/GroupPolicy/GPOOperations/Manifest"><GPOGuid><![CDATA[{1b5b392b-6476-4b6b-9bfa-96133302d2d4}]]></GPOGuid><GPODomain><![CDATA[domain.local]]></GPODomain><GPODomainGuid><![CDATA[{04cef035-999e-42d2-a4b0-ec110bfb1fc2}]]></GPODomainGuid><GPODomainController><![CDATA[DC-1.domain.local]]></GPODomainController><BackupTime><![CDATA[2025-03-21T06:07:50]]></BackupTime><ID><![CDATA[{17A42378-2790-4C66-BDE9-37D22867D5BB}]]></ID><Comment><![CDATA[]]></Comment><GPODisplayName><![CDATA[DNS Client - Set DNS Time-To-Live]]></GPODisplayName></BackupInst>
