﻿<?xml version="1.0" encoding="utf-16"?>
<GPO xmlns:xsd="http://www.w3.org/2001/XMLSchema" xmlns:xsi="http://www.w3.org/2001/XMLSchema-instance" xmlns="http://www.microsoft.com/GroupPolicy/Settings">
  <Identifier>
    <Identifier xmlns="http://www.microsoft.com/GroupPolicy/Types">{4097d170-db64-41e7-bb1b-d4e6e72b8bcc}</Identifier>
    <Domain xmlns="http://www.microsoft.com/GroupPolicy/Types">domain.local</Domain>
  </Identifier>
  <Name>Login - Enable Windows Hello</Name>
  <IncludeComments>true</IncludeComments>
  <CreatedTime>2020-11-16T03:52:53</CreatedTime>
  <ModifiedTime>2025-03-17T15:43:17</ModifiedTime>
  <ReadTime>2025-03-20T16:33:05.1826545Z</ReadTime>
  <SecurityDescriptor>
    <SDDL xmlns="http://www.microsoft.com/GroupPolicy/Types/Security">O:DAG:DAD:PAI(OA;CI;CR;edacfd8f-ffb3-11d1-b41d-00a0c968f939;;AU)(A;;CCDCLCSWRPWPDTLOSDRCWDWO;;;DA)(A;CI;CCDCLCSWRPWPDTLOSDRCWDWO;;;DA)(A;CI;CCDCLCSWRPWPDTLOSDRCWDWO;;;S-1-5-21-3051899438-3589783691-4031204720-519)(A;CI;LCRPLORC;;;ED)(A;CI;LCRPLORC;;;AU)(A;CI;CCDCLCSWRPWPDTLOSDRCWDWO;;;SY)(A;CIIO;CCDCLCSWRPWPDTLOSDRCWDWO;;;CO)S:AI(OU;CIIDSA;WPWD;;f30e3bc2-9ff0-11d1-b603-0000f80367c1;WD)(OU;CIIOIDSA;WP;f30e3bbe-9ff0-11d1-b603-0000f80367c1;bf967aa5-0de6-11d0-a285-00aa003049e2;WD)(OU;CIIOIDSA;WP;f30e3bbf-9ff0-11d1-b603-0000f80367c1;bf967aa5-0de6-11d0-a285-00aa003049e2;WD)</SDDL>
    <Owner xmlns="http://www.microsoft.com/GroupPolicy/Types/Security">
      <SID xmlns="http://www.microsoft.com/GroupPolicy/Types">S-1-5-21-3051899438-3589783691-4031204720-512</SID>
      <Name xmlns="http://www.microsoft.com/GroupPolicy/Types">NET\Domain Admins</Name>
    </Owner>
    <Group xmlns="http://www.microsoft.com/GroupPolicy/Types/Security">
      <SID xmlns="http://www.microsoft.com/GroupPolicy/Types">S-1-5-21-3051899438-3589783691-4031204720-512</SID>
      <Name xmlns="http://www.microsoft.com/GroupPolicy/Types">NET\Domain Admins</Name>
    </Group>
    <PermissionsPresent xmlns="http://www.microsoft.com/GroupPolicy/Types/Security">true</PermissionsPresent>
    <Permissions xmlns="http://www.microsoft.com/GroupPolicy/Types/Security">
      <InheritsFromParent>false</InheritsFromParent>
      <TrusteePermissions>
        <Trustee>
          <SID xmlns="http://www.microsoft.com/GroupPolicy/Types">S-1-5-21-3051899438-3589783691-4031204720-512</SID>
          <Name xmlns="http://www.microsoft.com/GroupPolicy/Types">NET\Domain Admins</Name>
        </Trustee>
        <Type xsi:type="PermissionType">
          <PermissionType>Allow</PermissionType>
        </Type>
        <Inherited>false</Inherited>
        <Applicability>
          <ToSelf>true</ToSelf>
          <ToDescendantObjects>false</ToDescendantObjects>
          <ToDescendantContainers>true</ToDescendantContainers>
          <ToDirectDescendantsOnly>false</ToDirectDescendantsOnly>
        </Applicability>
        <Standard>
          <GPOGroupedAccessEnum>Edit, delete, modify security</GPOGroupedAccessEnum>
        </Standard>
        <AccessMask>0</AccessMask>
      </TrusteePermissions>
      <TrusteePermissions>
        <Trustee>
          <SID xmlns="http://www.microsoft.com/GroupPolicy/Types">S-1-5-9</SID>
          <Name xmlns="http://www.microsoft.com/GroupPolicy/Types">NT AUTHORITY\ENTERPRISE DOMAIN CONTROLLERS</Name>
        </Trustee>
        <Type xsi:type="PermissionType">
          <PermissionType>Allow</PermissionType>
        </Type>
        <Inherited>false</Inherited>
        <Applicability>
          <ToSelf>true</ToSelf>
          <ToDescendantObjects>false</ToDescendantObjects>
          <ToDescendantContainers>true</ToDescendantContainers>
          <ToDirectDescendantsOnly>false</ToDirectDescendantsOnly>
        </Applicability>
        <Standard>
          <GPOGroupedAccessEnum>Read</GPOGroupedAccessEnum>
        </Standard>
        <AccessMask>0</AccessMask>
      </TrusteePermissions>
      <TrusteePermissions>
        <Trustee>
          <SID xmlns="http://www.microsoft.com/GroupPolicy/Types">S-1-5-18</SID>
          <Name xmlns="http://www.microsoft.com/GroupPolicy/Types">NT AUTHORITY\SYSTEM</Name>
        </Trustee>
        <Type xsi:type="PermissionType">
          <PermissionType>Allow</PermissionType>
        </Type>
        <Inherited>false</Inherited>
        <Applicability>
          <ToSelf>true</ToSelf>
          <ToDescendantObjects>false</ToDescendantObjects>
          <ToDescendantContainers>true</ToDescendantContainers>
          <ToDirectDescendantsOnly>false</ToDirectDescendantsOnly>
        </Applicability>
        <Standard>
          <GPOGroupedAccessEnum>Edit, delete, modify security</GPOGroupedAccessEnum>
        </Standard>
        <AccessMask>0</AccessMask>
      </TrusteePermissions>
      <TrusteePermissions>
        <Trustee>
          <SID xmlns="http://www.microsoft.com/GroupPolicy/Types">S-1-5-11</SID>
          <Name xmlns="http://www.microsoft.com/GroupPolicy/Types">NT AUTHORITY\Authenticated Users</Name>
        </Trustee>
        <Type xsi:type="PermissionType">
          <PermissionType>Allow</PermissionType>
        </Type>
        <Inherited>false</Inherited>
        <Applicability>
          <ToSelf>true</ToSelf>
          <ToDescendantObjects>false</ToDescendantObjects>
          <ToDescendantContainers>true</ToDescendantContainers>
          <ToDirectDescendantsOnly>false</ToDirectDescendantsOnly>
        </Applicability>
        <Standard>
          <GPOGroupedAccessEnum>Apply Group Policy</GPOGroupedAccessEnum>
        </Standard>
        <AccessMask>0</AccessMask>
      </TrusteePermissions>
      <TrusteePermissions>
        <Trustee>
          <SID xmlns="http://www.microsoft.com/GroupPolicy/Types">S-1-5-21-3051899438-3589783691-4031204720-519</SID>
          <Name xmlns="http://www.microsoft.com/GroupPolicy/Types">NET\Enterprise Admins</Name>
        </Trustee>
        <Type xsi:type="PermissionType">
          <PermissionType>Allow</PermissionType>
        </Type>
        <Inherited>false</Inherited>
        <Applicability>
          <ToSelf>true</ToSelf>
          <ToDescendantObjects>false</ToDescendantObjects>
          <ToDescendantContainers>true</ToDescendantContainers>
          <ToDirectDescendantsOnly>false</ToDirectDescendantsOnly>
        </Applicability>
        <Standard>
          <GPOGroupedAccessEnum>Edit, delete, modify security</GPOGroupedAccessEnum>
        </Standard>
        <AccessMask>0</AccessMask>
      </TrusteePermissions>
    </Permissions>
    <AuditingPresent xmlns="http://www.microsoft.com/GroupPolicy/Types/Security">false</AuditingPresent>
  </SecurityDescriptor>
  <FilterDataAvailable>true</FilterDataAvailable>
  <Computer>
    <VersionDirectory>14</VersionDirectory>
    <VersionSysvol>14</VersionSysvol>
    <Enabled>true</Enabled>
    <ExtensionData>
      <Extension xmlns:q1="http://www.microsoft.com/GroupPolicy/Settings/Registry" xsi:type="q1:RegistrySettings">
        <q1:Policy>
          <q1:Name>Turn off picture password sign-in</q1:Name>
          <q1:State>Enabled</q1:State>
          <q1:Explain>This policy setting allows you to control whether a domain user can sign in using a picture password.

If you enable this policy setting, a domain user can't set up or sign in with a picture password. 

If you disable or don't configure this policy setting, a domain user can set up and use a picture password.

Note that the user's domain password will be cached in the system vault when using this feature.</q1:Explain>
          <q1:Supported>At least Windows Server 2012, Windows 8 or Windows RT</q1:Supported>
          <q1:Category>System/Logon</q1:Category>
        </q1:Policy>
        <q1:Policy>
          <q1:Name>Turn on convenience PIN sign-in</q1:Name>
          <q1:State>Enabled</q1:State>
          <q1:Explain>This policy setting allows you to control whether a domain user can sign in using a convenience PIN.

If you enable this policy setting, a domain user can set up and sign in with a convenience PIN.

If you disable or don't configure this policy setting, a domain user can't set up and use a convenience PIN.

Note: The user's domain password will be cached in the system vault when using this feature.

To configure Windows Hello for Business, use the Administrative Template policies under Windows Hello for Business.</q1:Explain>
          <q1:Supported>At least Windows Server 2012, Windows 8 or Windows RT</q1:Supported>
          <q1:Category>System/Logon</q1:Category>
        </q1:Policy>
        <q1:Policy>
          <q1:Name>Turn on security key sign-in</q1:Name>
          <q1:State>Disabled</q1:State>
          <q1:Explain>This policy setting allows you to control whether users can sign in using external security keys.
      
If you enable this policy setting, users can sign in with external security keys.

If you disable or don't configure this policy setting, users can't sign in with external security keys.</q1:Explain>
          <q1:Supported>At least Windows 10</q1:Supported>
          <q1:Category>System/Logon</q1:Category>
        </q1:Policy>
        <q1:Policy>
          <q1:Name>Minimum PIN length</q1:Name>
          <q1:State>Enabled</q1:State>
          <q1:Explain>Minimum PIN length configures the minimum number of characters required for the PIN.  The lowest number you can configure for this policy setting is 4.  The largest number you can configure must be less than the number configured in the Maximum PIN length policy setting or the number 127, whichever is the lowest.

If you configure this policy setting, the PIN length must be greater than or equal to this number.

If you disable or do not configure this policy setting, the PIN length must be greater than or equal to 6.

NOTE: If the above specified conditions for the minimum PIN length are not met, default values will be used for both the maximum and minimum PIN lengths.
        </q1:Explain>
          <q1:Supported>At least Windows 10</q1:Supported>
          <q1:Category>System/PIN Complexity</q1:Category>
          <q1:Numeric>
            <q1:Name>Minimum PIN length</q1:Name>
            <q1:State>Enabled</q1:State>
            <q1:Value>8</q1:Value>
          </q1:Numeric>
        </q1:Policy>
        <q1:Policy>
          <q1:Name>Require digits</q1:Name>
          <q1:State>Enabled</q1:State>
          <q1:Explain>Use this policy setting to configure the use of digits in the PIN.

If you enable this policy setting, Windows requires the user to include at least one digit in their PIN.

If you disable this policy setting, Windows does not allow the user to include digits in their PINs.

If you do not configure this policy setting, Windows allows, but does not require, digits in the PIN.
        </q1:Explain>
          <q1:Supported>At least Windows 10</q1:Supported>
          <q1:Category>System/PIN Complexity</q1:Category>
        </q1:Policy>
        <q1:Policy>
          <q1:Name>Require lowercase letters</q1:Name>
          <q1:State>Enabled</q1:State>
          <q1:Explain>Use this policy setting to configure the use of lowercase letters in the PIN.

If you enable this policy setting, Windows requires the user to include at least one lowercase letter in their PIN.

If you disable this policy setting, Windows does not allow the user to include lowercase letters in their PIN.

If you do not configure this policy setting, Windows allows, but does not require, lowercase letters in the PIN.
        </q1:Explain>
          <q1:Supported>At least Windows 10</q1:Supported>
          <q1:Category>System/PIN Complexity</q1:Category>
        </q1:Policy>
        <q1:Policy>
          <q1:Name>Require special characters</q1:Name>
          <q1:State>Enabled</q1:State>
          <q1:Explain>Use this policy setting to configure the use of special characters in the PIN.  Allowable special characters are: ! " # $ % &amp; ' ( ) * + , - . / : ; &lt; = &gt; ? @ [ \ ] ^ _ ` { | } ~ .

If you enable this policy setting, Windows requires the user to include at least one special character in their PIN.

If you disable this policy setting, Windows does not allow the user to include special characters in their PIN.

If you do not configure this policy setting, Windows allows, but does not require, special characters in the PIN.
        </q1:Explain>
          <q1:Supported>At least Windows 10</q1:Supported>
          <q1:Category>System/PIN Complexity</q1:Category>
        </q1:Policy>
        <q1:Policy>
          <q1:Name>Use cloud trust for on-premises authentication</q1:Name>
          <q1:State>Enabled</q1:State>
          <q1:Explain>Use this policy setting to configure Windows Hello for Business to use Azure AD Kerberos for on-premises authentication.

If you enable this policy setting, Windows Hello for Business will use a Kerberos ticket retrieved from authenticating to Azure for on-premises authentication.

If you disable or do not configure this policy setting, Windows Hello for Business will use a key or certificate (depending on other policy settings) for on-premises authentication. 
 
NOTE: An environment that enables both this policy setting, and the "Use Windows Hello for Business" policy setting requires one or more Windows Server 2016 domain controllers. Otherwise, Windows Hello for Business authentication will fail.
        </q1:Explain>
          <q1:Supported>At least Windows 10</q1:Supported>
          <q1:Category>Windows Components/Windows Hello for Business</q1:Category>
        </q1:Policy>
        <q1:Policy>
          <q1:Name>Use Windows Hello for Business</q1:Name>
          <q1:State>Enabled</q1:State>
          <q1:Explain>Windows Hello for Business is an alternative method for signing into Windows using your Active Directory or Azure Active Directory account that can replace passwords, Smart Cards, and Virtual Smart Cards.

If you enable this policy, the device provisions Windows Hello for Business using keys or certificates for all users.

If you disable this policy setting, the device does not provision Windows Hello for Business for any user.

If you do not configure this policy setting, users can provision Windows Hello for Business as a convenience credential that encrypts their domain password.

Select "Do not start Windows Hello provisioning after sign-in" when you use a third-party solution to provision Windows Hello for Business.

If you select "Do not start Windows Hello provisioning after sign-in", Windows Hello for Business does not automatically start provisioning after the user has signed in.

If you do not select "Do not start Windows Hello provisioning after sign-in", Windows Hello for Business automatically starts provisioning after the user has signed in.

        </q1:Explain>
          <q1:Supported>At least Windows 10</q1:Supported>
          <q1:Category>Windows Components/Windows Hello for Business</q1:Category>
          <q1:CheckBox>
            <q1:Name>Do not start Windows Hello provisioning after sign-in</q1:Name>
            <q1:State>Disabled</q1:State>
          </q1:CheckBox>
        </q1:Policy>
        <q1:Blocked>false</q1:Blocked>
      </Extension>
      <Name>Registry</Name>
    </ExtensionData>
  </Computer>
  <User>
    <VersionDirectory>0</VersionDirectory>
    <VersionSysvol>0</VersionSysvol>
    <Enabled>false</Enabled>
  </User>
  <LinksTo>
    <SOMName>Workstations</SOMName>
    <SOMPath>domain.local/Directory/Computers/Workstations</SOMPath>
    <Enabled>true</Enabled>
    <NoOverride>false</NoOverride>
  </LinksTo>
</GPO>