﻿<?xml version="1.0" encoding="utf-16"?>
<GPO xmlns:xsd="http://www.w3.org/2001/XMLSchema" xmlns:xsi="http://www.w3.org/2001/XMLSchema-instance" xmlns="http://www.microsoft.com/GroupPolicy/Settings">
  <Identifier>
    <Identifier xmlns="http://www.microsoft.com/GroupPolicy/Types">{4ba0de8b-1ee0-40e7-8074-544e60f68e20}</Identifier>
    <Domain xmlns="http://www.microsoft.com/GroupPolicy/Types">domain.local</Domain>
  </Identifier>
  <Name>Domain Controllers - DC Locator Records - Retired</Name>
  <IncludeComments>true</IncludeComments>
  <CreatedTime>2025-02-13T14:29:04</CreatedTime>
  <ModifiedTime>2025-03-18T03:24:38</ModifiedTime>
  <ReadTime>2025-03-20T16:33:45.0195347Z</ReadTime>
  <SecurityDescriptor>
    <SDDL xmlns="http://www.microsoft.com/GroupPolicy/Types/Security">O:DAG:DAD:PAI(OA;CI;CR;edacfd8f-ffb3-11d1-b41d-00a0c968f939;;AU)(A;;CCDCLCSWRPWPDTLOSDRCWDWO;;;DA)(A;CI;CCDCLCSWRPWPDTLOSDRCWDWO;;;DA)(A;CI;CCDCLCSWRPWPDTLOSDRCWDWO;;;S-1-5-21-3051899438-3589783691-4031204720-519)(A;CI;LCRPLORC;;;ED)(A;CI;LCRPLORC;;;AU)(A;CI;CCDCLCSWRPWPDTLOSDRCWDWO;;;SY)(A;CIIO;CCDCLCSWRPWPDTLOSDRCWDWO;;;CO)S:AI(OU;CIIDSA;WPWD;;f30e3bc2-9ff0-11d1-b603-0000f80367c1;WD)(OU;CIIOIDSA;WP;f30e3bbe-9ff0-11d1-b603-0000f80367c1;bf967aa5-0de6-11d0-a285-00aa003049e2;WD)(OU;CIIOIDSA;WP;f30e3bbf-9ff0-11d1-b603-0000f80367c1;bf967aa5-0de6-11d0-a285-00aa003049e2;WD)</SDDL>
    <Owner xmlns="http://www.microsoft.com/GroupPolicy/Types/Security">
      <SID xmlns="http://www.microsoft.com/GroupPolicy/Types">S-1-5-21-3051899438-3589783691-4031204720-512</SID>
      <Name xmlns="http://www.microsoft.com/GroupPolicy/Types">NET\Domain Admins</Name>
    </Owner>
    <Group xmlns="http://www.microsoft.com/GroupPolicy/Types/Security">
      <SID xmlns="http://www.microsoft.com/GroupPolicy/Types">S-1-5-21-3051899438-3589783691-4031204720-512</SID>
      <Name xmlns="http://www.microsoft.com/GroupPolicy/Types">NET\Domain Admins</Name>
    </Group>
    <PermissionsPresent xmlns="http://www.microsoft.com/GroupPolicy/Types/Security">true</PermissionsPresent>
    <Permissions xmlns="http://www.microsoft.com/GroupPolicy/Types/Security">
      <InheritsFromParent>false</InheritsFromParent>
      <TrusteePermissions>
        <Trustee>
          <SID xmlns="http://www.microsoft.com/GroupPolicy/Types">S-1-5-21-3051899438-3589783691-4031204720-512</SID>
          <Name xmlns="http://www.microsoft.com/GroupPolicy/Types">NET\Domain Admins</Name>
        </Trustee>
        <Type xsi:type="PermissionType">
          <PermissionType>Allow</PermissionType>
        </Type>
        <Inherited>false</Inherited>
        <Applicability>
          <ToSelf>true</ToSelf>
          <ToDescendantObjects>false</ToDescendantObjects>
          <ToDescendantContainers>true</ToDescendantContainers>
          <ToDirectDescendantsOnly>false</ToDirectDescendantsOnly>
        </Applicability>
        <Standard>
          <GPOGroupedAccessEnum>Edit, delete, modify security</GPOGroupedAccessEnum>
        </Standard>
        <AccessMask>0</AccessMask>
      </TrusteePermissions>
      <TrusteePermissions>
        <Trustee>
          <SID xmlns="http://www.microsoft.com/GroupPolicy/Types">S-1-5-9</SID>
          <Name xmlns="http://www.microsoft.com/GroupPolicy/Types">NT AUTHORITY\ENTERPRISE DOMAIN CONTROLLERS</Name>
        </Trustee>
        <Type xsi:type="PermissionType">
          <PermissionType>Allow</PermissionType>
        </Type>
        <Inherited>false</Inherited>
        <Applicability>
          <ToSelf>true</ToSelf>
          <ToDescendantObjects>false</ToDescendantObjects>
          <ToDescendantContainers>true</ToDescendantContainers>
          <ToDirectDescendantsOnly>false</ToDirectDescendantsOnly>
        </Applicability>
        <Standard>
          <GPOGroupedAccessEnum>Read</GPOGroupedAccessEnum>
        </Standard>
        <AccessMask>0</AccessMask>
      </TrusteePermissions>
      <TrusteePermissions>
        <Trustee>
          <SID xmlns="http://www.microsoft.com/GroupPolicy/Types">S-1-5-18</SID>
          <Name xmlns="http://www.microsoft.com/GroupPolicy/Types">NT AUTHORITY\SYSTEM</Name>
        </Trustee>
        <Type xsi:type="PermissionType">
          <PermissionType>Allow</PermissionType>
        </Type>
        <Inherited>false</Inherited>
        <Applicability>
          <ToSelf>true</ToSelf>
          <ToDescendantObjects>false</ToDescendantObjects>
          <ToDescendantContainers>true</ToDescendantContainers>
          <ToDirectDescendantsOnly>false</ToDirectDescendantsOnly>
        </Applicability>
        <Standard>
          <GPOGroupedAccessEnum>Edit, delete, modify security</GPOGroupedAccessEnum>
        </Standard>
        <AccessMask>0</AccessMask>
      </TrusteePermissions>
      <TrusteePermissions>
        <Trustee>
          <SID xmlns="http://www.microsoft.com/GroupPolicy/Types">S-1-5-11</SID>
          <Name xmlns="http://www.microsoft.com/GroupPolicy/Types">NT AUTHORITY\Authenticated Users</Name>
        </Trustee>
        <Type xsi:type="PermissionType">
          <PermissionType>Allow</PermissionType>
        </Type>
        <Inherited>false</Inherited>
        <Applicability>
          <ToSelf>true</ToSelf>
          <ToDescendantObjects>false</ToDescendantObjects>
          <ToDescendantContainers>true</ToDescendantContainers>
          <ToDirectDescendantsOnly>false</ToDirectDescendantsOnly>
        </Applicability>
        <Standard>
          <GPOGroupedAccessEnum>Apply Group Policy</GPOGroupedAccessEnum>
        </Standard>
        <AccessMask>0</AccessMask>
      </TrusteePermissions>
      <TrusteePermissions>
        <Trustee>
          <SID xmlns="http://www.microsoft.com/GroupPolicy/Types">S-1-5-21-3051899438-3589783691-4031204720-519</SID>
          <Name xmlns="http://www.microsoft.com/GroupPolicy/Types">NET\Enterprise Admins</Name>
        </Trustee>
        <Type xsi:type="PermissionType">
          <PermissionType>Allow</PermissionType>
        </Type>
        <Inherited>false</Inherited>
        <Applicability>
          <ToSelf>true</ToSelf>
          <ToDescendantObjects>false</ToDescendantObjects>
          <ToDescendantContainers>true</ToDescendantContainers>
          <ToDirectDescendantsOnly>false</ToDirectDescendantsOnly>
        </Applicability>
        <Standard>
          <GPOGroupedAccessEnum>Edit, delete, modify security</GPOGroupedAccessEnum>
        </Standard>
        <AccessMask>0</AccessMask>
      </TrusteePermissions>
    </Permissions>
    <AuditingPresent xmlns="http://www.microsoft.com/GroupPolicy/Types/Security">false</AuditingPresent>
  </SecurityDescriptor>
  <FilterDataAvailable>true</FilterDataAvailable>
  <FilterName>Computer-DC1</FilterName>
  <Computer>
    <VersionDirectory>1</VersionDirectory>
    <VersionSysvol>1</VersionSysvol>
    <Enabled>true</Enabled>
    <ExtensionData>
      <Extension xmlns:q1="http://www.microsoft.com/GroupPolicy/Settings/Registry" xsi:type="q1:RegistrySettings">
        <q1:Policy>
          <q1:Name>Specify DC Locator DNS records not registered by the DCs</q1:Name>
          <q1:State>Enabled</q1:State>
          <q1:Explain>This policy setting determines which DC Locator DNS records are not registered by the Net Logon service.

If you enable this policy setting, select Enabled and specify a list of space-delimited mnemonics (instructions) for the DC Locator DNS records that will not be registered by the DCs to which this setting is applied.

Select the mnemonics from the following list:

Mnemonic         Type  DNS Record

LdapIpAddress    A     &lt;DnsDomainName&gt;
Ldap             SRV   _ldap._tcp.&lt;DnsDomainName&gt;
LdapAtSite       SRV   _ldap._tcp.&lt;SiteName&gt;._sites.&lt;DnsDomainName&gt;
Pdc              SRV   _ldap._tcp.pdc._msdcs.&lt;DnsDomainName&gt;
Gc               SRV   _ldap._tcp.gc._msdcs.&lt;DnsForestName&gt;
GcAtSite         SRV   _ldap._tcp.&lt;SiteName&gt;._sites.gc._msdcs.&lt;DnsForestName&gt;
DcByGuid         SRV   _ldap._tcp.&lt;DomainGuid&gt;.domains._msdcs.&lt;DnsForestName&gt;
GcIpAddress      A     gc._msdcs.&lt;DnsForestName&gt;
DsaCname         CNAME &lt;DsaGuid&gt;._msdcs.&lt;DnsForestName&gt;
Kdc              SRV   _kerberos._tcp.dc._msdcs.&lt;DnsDomainName&gt;
KdcAtSite        SRV   _kerberos._tcp.&lt;SiteName&gt;._sites.dc._msdcs.&lt;DnsDomainName&gt;
Dc               SRV   _ldap._tcp.dc._msdcs.&lt;DnsDomainName&gt;
DcAtSite         SRV   _ldap._tcp.&lt;SiteName&gt;._sites.dc._msdcs.&lt;DnsDomainName&gt;
Rfc1510Kdc       SRV   _kerberos._tcp.&lt;DnsDomainName&gt;
Rfc1510KdcAtSite SRV   _kerberos._tcp.&lt;SiteName&gt;._sites.&lt;DnsDomainName&gt;
GenericGc        SRV   _gc._tcp.&lt;DnsForestName&gt;
GenericGcAtSite  SRV   _gc._tcp.&lt;SiteName&gt;._sites.&lt;DnsForestName&gt;
Rfc1510UdpKdc    SRV   _kerberos._udp.&lt;DnsDomainName&gt;
Rfc1510Kpwd      SRV   _kpasswd._tcp.&lt;DnsDomainName&gt;
Rfc1510UdpKpwd   SRV   _kpasswd._udp.&lt;DnsDomainName&gt;

If you disable this policy setting, DCs configured to perform dynamic registration of DC Locator DNS records register all DC Locator DNS resource records.

If you do not configure this policy setting, DCs use their local configuration.</q1:Explain>
          <q1:Supported>At least Windows Server 2003 operating systems or Windows XP Professional</q1:Supported>
          <q1:Category>System/Net Logon/DC Locator DNS Records</q1:Category>
          <q1:EditText>
            <q1:Name>Mnemonics:</q1:Name>
            <q1:State>Enabled</q1:State>
            <q1:Value>LdapIpAddress Ldap LdapAtSite Pdc Gc GcAtSite DcByGuid GcIpAddress Kdc KdcAtSite Dc DcAtSite Rfc1510Kdc Rfc1510KdcAtSite GenericGc GenericGcAtSite Rfc1510UdpKdc Rfc1510Kpwd Rfc1510UdpKpwd</q1:Value>
          </q1:EditText>
        </q1:Policy>
        <q1:Blocked>false</q1:Blocked>
      </Extension>
      <Name>Registry</Name>
    </ExtensionData>
  </Computer>
  <User>
    <VersionDirectory>0</VersionDirectory>
    <VersionSysvol>0</VersionSysvol>
    <Enabled>false</Enabled>
  </User>
  <LinksTo>
    <SOMName>Domain Controllers</SOMName>
    <SOMPath>domain.local/Domain Controllers</SOMPath>
    <Enabled>true</Enabled>
    <NoOverride>true</NoOverride>
  </LinksTo>
</GPO>