﻿<?xml version="1.0" encoding="utf-16"?>
<GPO xmlns:xsd="http://www.w3.org/2001/XMLSchema" xmlns:xsi="http://www.w3.org/2001/XMLSchema-instance" xmlns="http://www.microsoft.com/GroupPolicy/Settings">
  <Identifier>
    <Identifier xmlns="http://www.microsoft.com/GroupPolicy/Types">{dbf176ee-d6d4-4c1e-9557-ed7613fc020a}</Identifier>
    <Domain xmlns="http://www.microsoft.com/GroupPolicy/Types">domain.local</Domain>
  </Identifier>
  <Name>Explorer - Themes and Colors - Default</Name>
  <IncludeComments>true</IncludeComments>
  <CreatedTime>2023-08-01T16:48:18</CreatedTime>
  <ModifiedTime>2025-03-18T03:24:36</ModifiedTime>
  <ReadTime>2025-03-20T16:33:35.7639477Z</ReadTime>
  <SecurityDescriptor>
    <SDDL xmlns="http://www.microsoft.com/GroupPolicy/Types/Security">O:DAG:DAD:PAI(OA;CI;CR;edacfd8f-ffb3-11d1-b41d-00a0c968f939;;AU)(A;;CCDCLCSWRPWPDTLOSDRCWDWO;;;DA)(A;CI;CCDCLCSWRPWPDTLOSDRCWDWO;;;DA)(A;CI;CCDCLCSWRPWPDTLOSDRCWDWO;;;S-1-5-21-3051899438-3589783691-4031204720-519)(A;CI;LCRPLORC;;;ED)(A;CI;LCRPLORC;;;AU)(A;CI;CCDCLCSWRPWPDTLOSDRCWDWO;;;SY)(A;CIIO;CCDCLCSWRPWPDTLOSDRCWDWO;;;CO)S:AI(OU;CIIDSA;WPWD;;f30e3bc2-9ff0-11d1-b603-0000f80367c1;WD)(OU;CIIOIDSA;WP;f30e3bbe-9ff0-11d1-b603-0000f80367c1;bf967aa5-0de6-11d0-a285-00aa003049e2;WD)(OU;CIIOIDSA;WP;f30e3bbf-9ff0-11d1-b603-0000f80367c1;bf967aa5-0de6-11d0-a285-00aa003049e2;WD)</SDDL>
    <Owner xmlns="http://www.microsoft.com/GroupPolicy/Types/Security">
      <SID xmlns="http://www.microsoft.com/GroupPolicy/Types">S-1-5-21-3051899438-3589783691-4031204720-512</SID>
      <Name xmlns="http://www.microsoft.com/GroupPolicy/Types">NET\Domain Admins</Name>
    </Owner>
    <Group xmlns="http://www.microsoft.com/GroupPolicy/Types/Security">
      <SID xmlns="http://www.microsoft.com/GroupPolicy/Types">S-1-5-21-3051899438-3589783691-4031204720-512</SID>
      <Name xmlns="http://www.microsoft.com/GroupPolicy/Types">NET\Domain Admins</Name>
    </Group>
    <PermissionsPresent xmlns="http://www.microsoft.com/GroupPolicy/Types/Security">true</PermissionsPresent>
    <Permissions xmlns="http://www.microsoft.com/GroupPolicy/Types/Security">
      <InheritsFromParent>false</InheritsFromParent>
      <TrusteePermissions>
        <Trustee>
          <SID xmlns="http://www.microsoft.com/GroupPolicy/Types">S-1-5-21-3051899438-3589783691-4031204720-512</SID>
          <Name xmlns="http://www.microsoft.com/GroupPolicy/Types">NET\Domain Admins</Name>
        </Trustee>
        <Type xsi:type="PermissionType">
          <PermissionType>Allow</PermissionType>
        </Type>
        <Inherited>false</Inherited>
        <Applicability>
          <ToSelf>true</ToSelf>
          <ToDescendantObjects>false</ToDescendantObjects>
          <ToDescendantContainers>true</ToDescendantContainers>
          <ToDirectDescendantsOnly>false</ToDirectDescendantsOnly>
        </Applicability>
        <Standard>
          <GPOGroupedAccessEnum>Edit, delete, modify security</GPOGroupedAccessEnum>
        </Standard>
        <AccessMask>0</AccessMask>
      </TrusteePermissions>
      <TrusteePermissions>
        <Trustee>
          <SID xmlns="http://www.microsoft.com/GroupPolicy/Types">S-1-5-9</SID>
          <Name xmlns="http://www.microsoft.com/GroupPolicy/Types">NT AUTHORITY\ENTERPRISE DOMAIN CONTROLLERS</Name>
        </Trustee>
        <Type xsi:type="PermissionType">
          <PermissionType>Allow</PermissionType>
        </Type>
        <Inherited>false</Inherited>
        <Applicability>
          <ToSelf>true</ToSelf>
          <ToDescendantObjects>false</ToDescendantObjects>
          <ToDescendantContainers>true</ToDescendantContainers>
          <ToDirectDescendantsOnly>false</ToDirectDescendantsOnly>
        </Applicability>
        <Standard>
          <GPOGroupedAccessEnum>Read</GPOGroupedAccessEnum>
        </Standard>
        <AccessMask>0</AccessMask>
      </TrusteePermissions>
      <TrusteePermissions>
        <Trustee>
          <SID xmlns="http://www.microsoft.com/GroupPolicy/Types">S-1-5-18</SID>
          <Name xmlns="http://www.microsoft.com/GroupPolicy/Types">NT AUTHORITY\SYSTEM</Name>
        </Trustee>
        <Type xsi:type="PermissionType">
          <PermissionType>Allow</PermissionType>
        </Type>
        <Inherited>false</Inherited>
        <Applicability>
          <ToSelf>true</ToSelf>
          <ToDescendantObjects>false</ToDescendantObjects>
          <ToDescendantContainers>true</ToDescendantContainers>
          <ToDirectDescendantsOnly>false</ToDirectDescendantsOnly>
        </Applicability>
        <Standard>
          <GPOGroupedAccessEnum>Edit, delete, modify security</GPOGroupedAccessEnum>
        </Standard>
        <AccessMask>0</AccessMask>
      </TrusteePermissions>
      <TrusteePermissions>
        <Trustee>
          <SID xmlns="http://www.microsoft.com/GroupPolicy/Types">S-1-5-11</SID>
          <Name xmlns="http://www.microsoft.com/GroupPolicy/Types">NT AUTHORITY\Authenticated Users</Name>
        </Trustee>
        <Type xsi:type="PermissionType">
          <PermissionType>Allow</PermissionType>
        </Type>
        <Inherited>false</Inherited>
        <Applicability>
          <ToSelf>true</ToSelf>
          <ToDescendantObjects>false</ToDescendantObjects>
          <ToDescendantContainers>true</ToDescendantContainers>
          <ToDirectDescendantsOnly>false</ToDirectDescendantsOnly>
        </Applicability>
        <Standard>
          <GPOGroupedAccessEnum>Apply Group Policy</GPOGroupedAccessEnum>
        </Standard>
        <AccessMask>0</AccessMask>
      </TrusteePermissions>
      <TrusteePermissions>
        <Trustee>
          <SID xmlns="http://www.microsoft.com/GroupPolicy/Types">S-1-5-21-3051899438-3589783691-4031204720-519</SID>
          <Name xmlns="http://www.microsoft.com/GroupPolicy/Types">NET\Enterprise Admins</Name>
        </Trustee>
        <Type xsi:type="PermissionType">
          <PermissionType>Allow</PermissionType>
        </Type>
        <Inherited>false</Inherited>
        <Applicability>
          <ToSelf>true</ToSelf>
          <ToDescendantObjects>false</ToDescendantObjects>
          <ToDescendantContainers>true</ToDescendantContainers>
          <ToDirectDescendantsOnly>false</ToDirectDescendantsOnly>
        </Applicability>
        <Standard>
          <GPOGroupedAccessEnum>Edit, delete, modify security</GPOGroupedAccessEnum>
        </Standard>
        <AccessMask>0</AccessMask>
      </TrusteePermissions>
    </Permissions>
    <AuditingPresent xmlns="http://www.microsoft.com/GroupPolicy/Types/Security">false</AuditingPresent>
  </SecurityDescriptor>
  <FilterDataAvailable>true</FilterDataAvailable>
  <Computer>
    <VersionDirectory>33</VersionDirectory>
    <VersionSysvol>33</VersionSysvol>
    <Enabled>false</Enabled>
    <ExtensionData>
      <Extension xmlns:q1="http://www.microsoft.com/GroupPolicy/Settings/Windows/Registry" xsi:type="q1:RegistrySettings">
        <q1:RegistrySettings clsid="{A3CCFC41-DFDB-43a5-8D26-0FE8B954DA51}">
          <q1:Registry clsid="{9CD4B2F4-923D-47f5-A062-E897DD1DAD50}" name="StartColorMenu" status="StartColorMenu" image="12" changed="2023-08-01 13:13:24" uid="{B486B763-1CDE-431E-846F-18E40581B82B}" userContext="1" bypassErrors="1">
            <q1:GPOSettingOrder>1</q1:GPOSettingOrder>
            <q1:Properties action="U" displayDecimal="0" default="0" hive="HKEY_CURRENT_USER" key="Software\Microsoft\Windows\CurrentVersion\Explorer\Accent" name="StartColorMenu" type="REG_DWORD" value="FF4F4F4F">
              <q1:Values />
            </q1:Properties>
            <q1:Filters />
          </q1:Registry>
          <q1:Registry clsid="{9CD4B2F4-923D-47f5-A062-E897DD1DAD50}" name="AccentColorMenu" status="AccentColorMenu" image="12" changed="2023-08-01 13:13:28" uid="{B0F76EAB-C7D9-4F4E-A359-726DBEBF13C4}" userContext="1" bypassErrors="1">
            <q1:GPOSettingOrder>2</q1:GPOSettingOrder>
            <q1:Properties action="U" displayDecimal="0" default="0" hive="HKEY_CURRENT_USER" key="Software\Microsoft\Windows\CurrentVersion\Explorer\Accent" name="AccentColorMenu" type="REG_DWORD" value="FF767676">
              <q1:Values />
            </q1:Properties>
            <q1:Filters />
          </q1:Registry>
          <q1:Registry clsid="{9CD4B2F4-923D-47f5-A062-E897DD1DAD50}" name="AccentPalette" status="AccentPalette" image="17" changed="2023-08-01 13:13:30" uid="{7EB00E26-E3AD-4696-9ED7-4C361FF7C994}" userContext="1" bypassErrors="1">
            <q1:GPOSettingOrder>3</q1:GPOSettingOrder>
            <q1:Properties action="U" displayDecimal="0" default="0" hive="HKEY_CURRENT_USER" key="Software\Microsoft\Windows\CurrentVersion\Explorer\Accent" name="AccentPalette" type="REG_BINARY" value="CCCCCC00AEAEAE0092929200767676004F4F4F0037373700262626001F1F1F00">
              <q1:Values />
            </q1:Properties>
            <q1:Filters />
          </q1:Registry>
          <q1:Registry clsid="{9CD4B2F4-923D-47f5-A062-E897DD1DAD50}" name="AppsUseLightTheme" status="AppsUseLightTheme" image="12" changed="2023-08-01 13:13:35" uid="{4FA964B8-C69A-4346-AAA2-EBE9DA878D43}" userContext="1" bypassErrors="1">
            <q1:GPOSettingOrder>4</q1:GPOSettingOrder>
            <q1:Properties action="U" displayDecimal="0" default="0" hive="HKEY_CURRENT_USER" key="Software\Microsoft\Windows\CurrentVersion\Themes\Personalize" name="AppsUseLightTheme" type="REG_DWORD" value="00000001">
              <q1:Values />
            </q1:Properties>
            <q1:Filters />
          </q1:Registry>
          <q1:Registry clsid="{9CD4B2F4-923D-47f5-A062-E897DD1DAD50}" name="EnableTransparency" status="EnableTransparency" image="12" changed="2023-08-01 13:13:37" uid="{C9EED31C-D0BD-4F37-946A-EEC5730B07A6}" userContext="1" bypassErrors="1">
            <q1:GPOSettingOrder>5</q1:GPOSettingOrder>
            <q1:Properties action="U" displayDecimal="0" default="0" hive="HKEY_CURRENT_USER" key="Software\Microsoft\Windows\CurrentVersion\Themes\Personalize" name="EnableTransparency" type="REG_DWORD" value="00000000">
              <q1:Values />
            </q1:Properties>
            <q1:Filters />
          </q1:Registry>
          <q1:Registry clsid="{9CD4B2F4-923D-47f5-A062-E897DD1DAD50}" name="SystemUsesLightTheme" status="SystemUsesLightTheme" image="12" changed="2023-08-01 13:13:41" uid="{2BEA597D-E137-40C3-B8C2-618FCB80E520}" userContext="1" bypassErrors="1">
            <q1:GPOSettingOrder>6</q1:GPOSettingOrder>
            <q1:Properties action="U" displayDecimal="0" default="0" hive="HKEY_CURRENT_USER" key="Software\Microsoft\Windows\CurrentVersion\Themes\Personalize" name="SystemUsesLightTheme" type="REG_DWORD" value="00000000">
              <q1:Values />
            </q1:Properties>
            <q1:Filters />
          </q1:Registry>
          <q1:Registry clsid="{9CD4B2F4-923D-47f5-A062-E897DD1DAD50}" name="AlwaysHibernateThumbnails" status="AlwaysHibernateThumbnails" image="12" changed="2023-08-01 13:14:03" uid="{3BD29DCE-65E5-4208-A470-6B92A99FD2DF}" disabled="0" userContext="1" bypassErrors="1">
            <q1:GPOSettingOrder>7</q1:GPOSettingOrder>
            <q1:Properties action="U" displayDecimal="0" default="0" hive="HKEY_CURRENT_USER" key="Software\Microsoft\Windows\DWM" name="AlwaysHibernateThumbnails" type="REG_DWORD" value="00000000">
              <q1:Values />
            </q1:Properties>
            <q1:Filters>
              <q1:FilterRunOnce hidden="1" not="0" bool="AND" id="{59DE190A-E275-40EF-B2DE-311671346552}" />
            </q1:Filters>
          </q1:Registry>
          <q1:Registry clsid="{9CD4B2F4-923D-47f5-A062-E897DD1DAD50}" name="ColorPrevalence" status="ColorPrevalence" image="12" changed="2023-08-01 16:52:59" uid="{F0876269-78AD-4BB3-B9BF-1DABA10D7B61}" disabled="0" bypassErrors="1">
            <q1:GPOSettingOrder>8</q1:GPOSettingOrder>
            <q1:Properties action="U" displayDecimal="0" default="0" hive="HKEY_CURRENT_USER" key="Software\Microsoft\Windows\DWM" name="ColorPrevalence" type="REG_DWORD" value="00000002">
              <q1:Values />
            </q1:Properties>
            <q1:Filters>
              <q1:FilterRunOnce hidden="1" not="0" bool="AND" id="{41C7C746-37E9-4275-9B2E-276018C1B9FA}" />
            </q1:Filters>
          </q1:Registry>
          <q1:Registry clsid="{9CD4B2F4-923D-47f5-A062-E897DD1DAD50}" name="Background" status="Background" image="7" changed="2023-08-01 13:14:20" uid="{9EDAF528-9C11-4D5B-9A6F-D20EA1C8F2B3}" userContext="1" bypassErrors="1">
            <q1:GPOSettingOrder>9</q1:GPOSettingOrder>
            <q1:Properties action="U" displayDecimal="0" default="0" hive="HKEY_CURRENT_USER" key="Control Panel\Colors" name="Background" type="REG_SZ" value="76 74 72">
              <q1:Values />
            </q1:Properties>
            <q1:Filters />
          </q1:Registry>
        </q1:RegistrySettings>
      </Extension>
      <Name>Windows Registry</Name>
    </ExtensionData>
  </Computer>
  <User>
    <VersionDirectory>33</VersionDirectory>
    <VersionSysvol>33</VersionSysvol>
    <Enabled>true</Enabled>
    <ExtensionData>
      <Extension xmlns:q2="http://www.microsoft.com/GroupPolicy/Settings/Windows/Registry" xsi:type="q2:RegistrySettings">
        <q2:RegistrySettings clsid="{A3CCFC41-DFDB-43a5-8D26-0FE8B954DA51}">
          <q2:Registry clsid="{9CD4B2F4-923D-47f5-A062-E897DD1DAD50}" name="AccentColor" status="AccentColor" image="12" changed="2023-08-01 13:18:36" uid="{5485C78E-7F2E-4A92-8B9A-439C4F3B2A08}" bypassErrors="1">
            <q2:GPOSettingOrder>1</q2:GPOSettingOrder>
            <q2:Properties action="U" displayDecimal="0" default="0" hive="HKEY_LOCAL_MACHINE" key="Software\Microsoft\Windows\CurrentVersion\SystemProtectedUserData\%LogonUserSid%\AnyoneRead\Colors" name="AccentColor" type="REG_DWORD" value="FF767676">
              <q2:Values />
            </q2:Properties>
            <q2:Filters />
          </q2:Registry>
          <q2:Registry clsid="{9CD4B2F4-923D-47f5-A062-E897DD1DAD50}" name="StartColor" status="StartColor" image="12" changed="2023-08-01 17:14:44" uid="{75A99940-4816-4F7C-94C6-B84A274E5DE8}" bypassErrors="1">
            <q2:GPOSettingOrder>2</q2:GPOSettingOrder>
            <q2:Properties action="U" displayDecimal="0" default="0" hive="HKEY_LOCAL_MACHINE" key="Software\Microsoft\Windows\CurrentVersion\SystemProtectedUserData\%LogonUserSid%\AnyoneRead\Colors" name="StartColor" type="REG_DWORD" value="FF4F4F4F">
              <q2:Values />
            </q2:Properties>
            <q2:Filters />
          </q2:Registry>
        </q2:RegistrySettings>
      </Extension>
      <Name>Windows Registry</Name>
    </ExtensionData>
  </User>
</GPO>