﻿<?xml version="1.0" encoding="utf-16"?>
<GPO xmlns:xsd="http://www.w3.org/2001/XMLSchema" xmlns:xsi="http://www.w3.org/2001/XMLSchema-instance" xmlns="http://www.microsoft.com/GroupPolicy/Settings">
  <Identifier>
    <Identifier xmlns="http://www.microsoft.com/GroupPolicy/Types">{f93cb412-f10a-4a31-ab1e-78a751c08ff6}</Identifier>
    <Domain xmlns="http://www.microsoft.com/GroupPolicy/Types">domain.local</Domain>
  </Identifier>
  <Name>Login - Interactive Logon - Clients</Name>
  <IncludeComments>true</IncludeComments>
  <CreatedTime>2020-09-29T19:57:59</CreatedTime>
  <ModifiedTime>2025-03-17T15:35:06</ModifiedTime>
  <ReadTime>2025-03-20T16:33:04.7806396Z</ReadTime>
  <SecurityDescriptor>
    <SDDL xmlns="http://www.microsoft.com/GroupPolicy/Types/Security">O:DAG:DAD:PAI(OA;CI;CR;edacfd8f-ffb3-11d1-b41d-00a0c968f939;;AU)(A;;CCDCLCSWRPWPDTLOSDRCWDWO;;;DA)(A;CI;CCDCLCSWRPWPDTLOSDRCWDWO;;;DA)(A;CI;CCDCLCSWRPWPDTLOSDRCWDWO;;;S-1-5-21-3051899438-3589783691-4031204720-519)(A;CI;LCRPLORC;;;ED)(A;CI;LCRPLORC;;;AU)(A;CI;CCDCLCSWRPWPDTLOSDRCWDWO;;;SY)(A;CIIO;CCDCLCSWRPWPDTLOSDRCWDWO;;;CO)S:AI(OU;CIIDSA;WPWD;;f30e3bc2-9ff0-11d1-b603-0000f80367c1;WD)(OU;CIIOIDSA;WP;f30e3bbe-9ff0-11d1-b603-0000f80367c1;bf967aa5-0de6-11d0-a285-00aa003049e2;WD)(OU;CIIOIDSA;WP;f30e3bbf-9ff0-11d1-b603-0000f80367c1;bf967aa5-0de6-11d0-a285-00aa003049e2;WD)</SDDL>
    <Owner xmlns="http://www.microsoft.com/GroupPolicy/Types/Security">
      <SID xmlns="http://www.microsoft.com/GroupPolicy/Types">S-1-5-21-3051899438-3589783691-4031204720-512</SID>
      <Name xmlns="http://www.microsoft.com/GroupPolicy/Types">NET\Domain Admins</Name>
    </Owner>
    <Group xmlns="http://www.microsoft.com/GroupPolicy/Types/Security">
      <SID xmlns="http://www.microsoft.com/GroupPolicy/Types">S-1-5-21-3051899438-3589783691-4031204720-512</SID>
      <Name xmlns="http://www.microsoft.com/GroupPolicy/Types">NET\Domain Admins</Name>
    </Group>
    <PermissionsPresent xmlns="http://www.microsoft.com/GroupPolicy/Types/Security">true</PermissionsPresent>
    <Permissions xmlns="http://www.microsoft.com/GroupPolicy/Types/Security">
      <InheritsFromParent>false</InheritsFromParent>
      <TrusteePermissions>
        <Trustee>
          <SID xmlns="http://www.microsoft.com/GroupPolicy/Types">S-1-5-21-3051899438-3589783691-4031204720-512</SID>
          <Name xmlns="http://www.microsoft.com/GroupPolicy/Types">NET\Domain Admins</Name>
        </Trustee>
        <Type xsi:type="PermissionType">
          <PermissionType>Allow</PermissionType>
        </Type>
        <Inherited>false</Inherited>
        <Applicability>
          <ToSelf>true</ToSelf>
          <ToDescendantObjects>false</ToDescendantObjects>
          <ToDescendantContainers>true</ToDescendantContainers>
          <ToDirectDescendantsOnly>false</ToDirectDescendantsOnly>
        </Applicability>
        <Standard>
          <GPOGroupedAccessEnum>Edit, delete, modify security</GPOGroupedAccessEnum>
        </Standard>
        <AccessMask>0</AccessMask>
      </TrusteePermissions>
      <TrusteePermissions>
        <Trustee>
          <SID xmlns="http://www.microsoft.com/GroupPolicy/Types">S-1-5-9</SID>
          <Name xmlns="http://www.microsoft.com/GroupPolicy/Types">NT AUTHORITY\ENTERPRISE DOMAIN CONTROLLERS</Name>
        </Trustee>
        <Type xsi:type="PermissionType">
          <PermissionType>Allow</PermissionType>
        </Type>
        <Inherited>false</Inherited>
        <Applicability>
          <ToSelf>true</ToSelf>
          <ToDescendantObjects>false</ToDescendantObjects>
          <ToDescendantContainers>true</ToDescendantContainers>
          <ToDirectDescendantsOnly>false</ToDirectDescendantsOnly>
        </Applicability>
        <Standard>
          <GPOGroupedAccessEnum>Read</GPOGroupedAccessEnum>
        </Standard>
        <AccessMask>0</AccessMask>
      </TrusteePermissions>
      <TrusteePermissions>
        <Trustee>
          <SID xmlns="http://www.microsoft.com/GroupPolicy/Types">S-1-5-18</SID>
          <Name xmlns="http://www.microsoft.com/GroupPolicy/Types">NT AUTHORITY\SYSTEM</Name>
        </Trustee>
        <Type xsi:type="PermissionType">
          <PermissionType>Allow</PermissionType>
        </Type>
        <Inherited>false</Inherited>
        <Applicability>
          <ToSelf>true</ToSelf>
          <ToDescendantObjects>false</ToDescendantObjects>
          <ToDescendantContainers>true</ToDescendantContainers>
          <ToDirectDescendantsOnly>false</ToDirectDescendantsOnly>
        </Applicability>
        <Standard>
          <GPOGroupedAccessEnum>Edit, delete, modify security</GPOGroupedAccessEnum>
        </Standard>
        <AccessMask>0</AccessMask>
      </TrusteePermissions>
      <TrusteePermissions>
        <Trustee>
          <SID xmlns="http://www.microsoft.com/GroupPolicy/Types">S-1-5-11</SID>
          <Name xmlns="http://www.microsoft.com/GroupPolicy/Types">NT AUTHORITY\Authenticated Users</Name>
        </Trustee>
        <Type xsi:type="PermissionType">
          <PermissionType>Allow</PermissionType>
        </Type>
        <Inherited>false</Inherited>
        <Applicability>
          <ToSelf>true</ToSelf>
          <ToDescendantObjects>false</ToDescendantObjects>
          <ToDescendantContainers>true</ToDescendantContainers>
          <ToDirectDescendantsOnly>false</ToDirectDescendantsOnly>
        </Applicability>
        <Standard>
          <GPOGroupedAccessEnum>Apply Group Policy</GPOGroupedAccessEnum>
        </Standard>
        <AccessMask>0</AccessMask>
      </TrusteePermissions>
      <TrusteePermissions>
        <Trustee>
          <SID xmlns="http://www.microsoft.com/GroupPolicy/Types">S-1-5-21-3051899438-3589783691-4031204720-519</SID>
          <Name xmlns="http://www.microsoft.com/GroupPolicy/Types">NET\Enterprise Admins</Name>
        </Trustee>
        <Type xsi:type="PermissionType">
          <PermissionType>Allow</PermissionType>
        </Type>
        <Inherited>false</Inherited>
        <Applicability>
          <ToSelf>true</ToSelf>
          <ToDescendantObjects>false</ToDescendantObjects>
          <ToDescendantContainers>true</ToDescendantContainers>
          <ToDirectDescendantsOnly>false</ToDirectDescendantsOnly>
        </Applicability>
        <Standard>
          <GPOGroupedAccessEnum>Edit, delete, modify security</GPOGroupedAccessEnum>
        </Standard>
        <AccessMask>0</AccessMask>
      </TrusteePermissions>
    </Permissions>
    <AuditingPresent xmlns="http://www.microsoft.com/GroupPolicy/Types/Security">false</AuditingPresent>
  </SecurityDescriptor>
  <FilterDataAvailable>true</FilterDataAvailable>
  <Computer>
    <VersionDirectory>24</VersionDirectory>
    <VersionSysvol>24</VersionSysvol>
    <Enabled>true</Enabled>
    <ExtensionData>
      <Extension xmlns:q1="http://www.microsoft.com/GroupPolicy/Settings/Security" xsi:type="q1:SecuritySettings">
        <q1:SecurityOptions>
          <q1:KeyName>MACHINE\Software\Microsoft\Windows\CurrentVersion\Policies\System\DisableCAD</q1:KeyName>
          <q1:SettingNumber>1</q1:SettingNumber>
          <q1:Display>
            <q1:Name>Interactive logon: Do not require CTRL+ALT+DEL</q1:Name>
            <q1:Units />
            <q1:DisplayBoolean>true</q1:DisplayBoolean>
          </q1:Display>
        </q1:SecurityOptions>
        <q1:SecurityOptions>
          <q1:KeyName>MACHINE\Software\Microsoft\Windows\CurrentVersion\Policies\System\DontDisplayLastUserName</q1:KeyName>
          <q1:SettingNumber>0</q1:SettingNumber>
          <q1:Display>
            <q1:Name>Interactive logon: Don't display last signed-in</q1:Name>
            <q1:Units />
            <q1:DisplayBoolean>false</q1:DisplayBoolean>
          </q1:Display>
        </q1:SecurityOptions>
        <q1:SecurityOptions>
          <q1:KeyName>MACHINE\Software\Microsoft\Windows\CurrentVersion\Policies\System\DontDisplayLockedUserId</q1:KeyName>
          <q1:SettingNumber>2</q1:SettingNumber>
          <q1:Display>
            <q1:Name>Interactive logon: Display user information when the session is locked</q1:Name>
            <q1:Units />
            <q1:DisplayString>User display name only</q1:DisplayString>
          </q1:Display>
        </q1:SecurityOptions>
        <q1:SecurityOptions>
          <q1:KeyName>MACHINE\Software\Microsoft\Windows\CurrentVersion\Policies\System\DontDisplayUserName</q1:KeyName>
          <q1:SettingNumber>0</q1:SettingNumber>
          <q1:Display>
            <q1:Name>Interactive logon: Don't display username at sign-in</q1:Name>
            <q1:Units />
            <q1:DisplayBoolean>false</q1:DisplayBoolean>
          </q1:Display>
        </q1:SecurityOptions>
        <q1:Blocked>false</q1:Blocked>
      </Extension>
      <Name>Security</Name>
    </ExtensionData>
    <ExtensionData>
      <Extension xmlns:q2="http://www.microsoft.com/GroupPolicy/Settings/Registry" xsi:type="q2:RegistrySettings">
        <q2:Policy>
          <q2:Name>Show first sign-in animation </q2:Name>
          <q2:State>Disabled</q2:State>
          <q2:Explain>This policy setting allows you to control whether users see the first sign-in animation when signing in to the computer for the first time.  This applies to both the first user of the computer who completes the initial setup and users who are added to the computer later.  It also controls if Microsoft account users will be offered the opt-in prompt for services during their first sign-in.

If you enable this policy setting, Microsoft account users will see the opt-in prompt for services, and users with other accounts will see the sign-in animation.

If you disable this policy setting, users will not see the animation and Microsoft account users will not see the opt-in prompt for services.

If you do not configure this policy setting, the user who completes the initial Windows setup will see the animation during their first sign-in. If the first user had already completed the initial setup and this policy setting is not configured, users new to this computer will not see the animation.

        Note: The first sign-in animation will not be shown on Server, so this policy will have no effect.
      </q2:Explain>
          <q2:Supported>At least Windows Server 2012, Windows 8 or Windows RT</q2:Supported>
          <q2:Category>System/Logon</q2:Category>
        </q2:Policy>
        <q2:Blocked>false</q2:Blocked>
      </Extension>
      <Name>Registry</Name>
    </ExtensionData>
  </Computer>
  <User>
    <VersionDirectory>0</VersionDirectory>
    <VersionSysvol>0</VersionSysvol>
    <Enabled>false</Enabled>
  </User>
  <LinksTo>
    <SOMName>Desktops</SOMName>
    <SOMPath>domain.local/Directory/Computers/Desktops</SOMPath>
    <Enabled>true</Enabled>
    <NoOverride>false</NoOverride>
  </LinksTo>
  <LinksTo>
    <SOMName>Workstations</SOMName>
    <SOMPath>domain.local/Directory/Computers/Workstations</SOMPath>
    <Enabled>true</Enabled>
    <NoOverride>false</NoOverride>
  </LinksTo>
</GPO>