﻿<?xml version="1.0" encoding="utf-16"?>
<GPO xmlns:xsd="http://www.w3.org/2001/XMLSchema" xmlns:xsi="http://www.w3.org/2001/XMLSchema-instance" xmlns="http://www.microsoft.com/GroupPolicy/Settings">
  <Identifier>
    <Identifier xmlns="http://www.microsoft.com/GroupPolicy/Types">{6d8bc301-af32-4e89-9750-d672307bb8a2}</Identifier>
    <Domain xmlns="http://www.microsoft.com/GroupPolicy/Types">domain.local</Domain>
  </Identifier>
  <Name>Firewall Rules - Failover Clusters</Name>
  <IncludeComments>true</IncludeComments>
  <CreatedTime>2021-09-19T23:46:18</CreatedTime>
  <ModifiedTime>2025-03-18T03:24:35</ModifiedTime>
  <ReadTime>2025-03-20T16:33:27.3939115Z</ReadTime>
  <SecurityDescriptor>
    <SDDL xmlns="http://www.microsoft.com/GroupPolicy/Types/Security">O:DAG:DAD:PAI(OA;CI;CR;edacfd8f-ffb3-11d1-b41d-00a0c968f939;;AU)(A;;CCDCLCSWRPWPDTLOSDRCWDWO;;;DA)(A;CI;CCDCLCSWRPWPDTLOSDRCWDWO;;;DA)(A;CI;CCDCLCSWRPWPDTLOSDRCWDWO;;;S-1-5-21-3051899438-3589783691-4031204720-519)(A;CI;LCRPLORC;;;ED)(A;CI;LCRPLORC;;;AU)(A;CI;CCDCLCSWRPWPDTLOSDRCWDWO;;;SY)(A;CIIO;CCDCLCSWRPWPDTLOSDRCWDWO;;;CO)S:AI(OU;CIIDSA;WPWD;;f30e3bc2-9ff0-11d1-b603-0000f80367c1;WD)(OU;CIIOIDSA;WP;f30e3bbe-9ff0-11d1-b603-0000f80367c1;bf967aa5-0de6-11d0-a285-00aa003049e2;WD)(OU;CIIOIDSA;WP;f30e3bbf-9ff0-11d1-b603-0000f80367c1;bf967aa5-0de6-11d0-a285-00aa003049e2;WD)</SDDL>
    <Owner xmlns="http://www.microsoft.com/GroupPolicy/Types/Security">
      <SID xmlns="http://www.microsoft.com/GroupPolicy/Types">S-1-5-21-3051899438-3589783691-4031204720-512</SID>
      <Name xmlns="http://www.microsoft.com/GroupPolicy/Types">NET\Domain Admins</Name>
    </Owner>
    <Group xmlns="http://www.microsoft.com/GroupPolicy/Types/Security">
      <SID xmlns="http://www.microsoft.com/GroupPolicy/Types">S-1-5-21-3051899438-3589783691-4031204720-512</SID>
      <Name xmlns="http://www.microsoft.com/GroupPolicy/Types">NET\Domain Admins</Name>
    </Group>
    <PermissionsPresent xmlns="http://www.microsoft.com/GroupPolicy/Types/Security">true</PermissionsPresent>
    <Permissions xmlns="http://www.microsoft.com/GroupPolicy/Types/Security">
      <InheritsFromParent>false</InheritsFromParent>
      <TrusteePermissions>
        <Trustee>
          <SID xmlns="http://www.microsoft.com/GroupPolicy/Types">S-1-5-21-3051899438-3589783691-4031204720-512</SID>
          <Name xmlns="http://www.microsoft.com/GroupPolicy/Types">NET\Domain Admins</Name>
        </Trustee>
        <Type xsi:type="PermissionType">
          <PermissionType>Allow</PermissionType>
        </Type>
        <Inherited>false</Inherited>
        <Applicability>
          <ToSelf>true</ToSelf>
          <ToDescendantObjects>false</ToDescendantObjects>
          <ToDescendantContainers>true</ToDescendantContainers>
          <ToDirectDescendantsOnly>false</ToDirectDescendantsOnly>
        </Applicability>
        <Standard>
          <GPOGroupedAccessEnum>Edit, delete, modify security</GPOGroupedAccessEnum>
        </Standard>
        <AccessMask>0</AccessMask>
      </TrusteePermissions>
      <TrusteePermissions>
        <Trustee>
          <SID xmlns="http://www.microsoft.com/GroupPolicy/Types">S-1-5-9</SID>
          <Name xmlns="http://www.microsoft.com/GroupPolicy/Types">NT AUTHORITY\ENTERPRISE DOMAIN CONTROLLERS</Name>
        </Trustee>
        <Type xsi:type="PermissionType">
          <PermissionType>Allow</PermissionType>
        </Type>
        <Inherited>false</Inherited>
        <Applicability>
          <ToSelf>true</ToSelf>
          <ToDescendantObjects>false</ToDescendantObjects>
          <ToDescendantContainers>true</ToDescendantContainers>
          <ToDirectDescendantsOnly>false</ToDirectDescendantsOnly>
        </Applicability>
        <Standard>
          <GPOGroupedAccessEnum>Read</GPOGroupedAccessEnum>
        </Standard>
        <AccessMask>0</AccessMask>
      </TrusteePermissions>
      <TrusteePermissions>
        <Trustee>
          <SID xmlns="http://www.microsoft.com/GroupPolicy/Types">S-1-5-18</SID>
          <Name xmlns="http://www.microsoft.com/GroupPolicy/Types">NT AUTHORITY\SYSTEM</Name>
        </Trustee>
        <Type xsi:type="PermissionType">
          <PermissionType>Allow</PermissionType>
        </Type>
        <Inherited>false</Inherited>
        <Applicability>
          <ToSelf>true</ToSelf>
          <ToDescendantObjects>false</ToDescendantObjects>
          <ToDescendantContainers>true</ToDescendantContainers>
          <ToDirectDescendantsOnly>false</ToDirectDescendantsOnly>
        </Applicability>
        <Standard>
          <GPOGroupedAccessEnum>Edit, delete, modify security</GPOGroupedAccessEnum>
        </Standard>
        <AccessMask>0</AccessMask>
      </TrusteePermissions>
      <TrusteePermissions>
        <Trustee>
          <SID xmlns="http://www.microsoft.com/GroupPolicy/Types">S-1-5-11</SID>
          <Name xmlns="http://www.microsoft.com/GroupPolicy/Types">NT AUTHORITY\Authenticated Users</Name>
        </Trustee>
        <Type xsi:type="PermissionType">
          <PermissionType>Allow</PermissionType>
        </Type>
        <Inherited>false</Inherited>
        <Applicability>
          <ToSelf>true</ToSelf>
          <ToDescendantObjects>false</ToDescendantObjects>
          <ToDescendantContainers>true</ToDescendantContainers>
          <ToDirectDescendantsOnly>false</ToDirectDescendantsOnly>
        </Applicability>
        <Standard>
          <GPOGroupedAccessEnum>Apply Group Policy</GPOGroupedAccessEnum>
        </Standard>
        <AccessMask>0</AccessMask>
      </TrusteePermissions>
      <TrusteePermissions>
        <Trustee>
          <SID xmlns="http://www.microsoft.com/GroupPolicy/Types">S-1-5-21-3051899438-3589783691-4031204720-519</SID>
          <Name xmlns="http://www.microsoft.com/GroupPolicy/Types">NET\Enterprise Admins</Name>
        </Trustee>
        <Type xsi:type="PermissionType">
          <PermissionType>Allow</PermissionType>
        </Type>
        <Inherited>false</Inherited>
        <Applicability>
          <ToSelf>true</ToSelf>
          <ToDescendantObjects>false</ToDescendantObjects>
          <ToDescendantContainers>true</ToDescendantContainers>
          <ToDirectDescendantsOnly>false</ToDirectDescendantsOnly>
        </Applicability>
        <Standard>
          <GPOGroupedAccessEnum>Edit, delete, modify security</GPOGroupedAccessEnum>
        </Standard>
        <AccessMask>0</AccessMask>
      </TrusteePermissions>
    </Permissions>
    <AuditingPresent xmlns="http://www.microsoft.com/GroupPolicy/Types/Security">false</AuditingPresent>
  </SecurityDescriptor>
  <FilterDataAvailable>true</FilterDataAvailable>
  <Computer>
    <VersionDirectory>18</VersionDirectory>
    <VersionSysvol>18</VersionSysvol>
    <Enabled>true</Enabled>
    <ExtensionData>
      <Extension xmlns:q1="http://www.microsoft.com/GroupPolicy/Settings/WindowsFirewall" xsi:type="q1:WindowsFirewallSettings">
        <q1:GlobalSettings>
          <q1:PolicyVersion>
            <q1:Value>543</q1:Value>
          </q1:PolicyVersion>
        </q1:GlobalSettings>
        <q1:InboundFirewallRules>
          <q1:Version>2.31</q1:Version>
          <q1:Action>Allow</q1:Action>
          <q1:Name>Failover Clusters (ICMP6-ER-In)</q1:Name>
          <q1:Dir>In</q1:Dir>
          <q1:App>System</q1:App>
          <q1:Protocol>58</q1:Protocol>
          <q1:ICMP6>129:*</q1:ICMP6>
          <q1:Desc>Inbound rule for Failover Clusters to allow ICMP6 echo response messages.</q1:Desc>
          <q1:Active>true</q1:Active>
          <q1:EmbedCtxt>Failover Clusters</q1:EmbedCtxt>
        </q1:InboundFirewallRules>
        <q1:InboundFirewallRules>
          <q1:Version>2.31</q1:Version>
          <q1:Action>Allow</q1:Action>
          <q1:Name>Failover Clusters - Remote Service Management (RPC)</q1:Name>
          <q1:Dir>In</q1:Dir>
          <q1:App>%systemroot%\system32\services.exe</q1:App>
          <q1:LPort>RPC</q1:LPort>
          <q1:Protocol>6</q1:Protocol>
          <q1:Desc>Inbound rule for Failover Clusters to allow the Service Control Manager to be remotely managed via RPC/TCP.</q1:Desc>
          <q1:Active>true</q1:Active>
          <q1:EmbedCtxt>Failover Clusters</q1:EmbedCtxt>
        </q1:InboundFirewallRules>
        <q1:InboundFirewallRules>
          <q1:Version>2.31</q1:Version>
          <q1:Action>Allow</q1:Action>
          <q1:Name>Failover Clusters (ICMP6-ERQ-In)</q1:Name>
          <q1:Dir>In</q1:Dir>
          <q1:App>System</q1:App>
          <q1:Protocol>58</q1:Protocol>
          <q1:ICMP6>128:*</q1:ICMP6>
          <q1:Desc>Inbound rule for Failover Clusters to allow ICMP6 echo request messages.</q1:Desc>
          <q1:Active>true</q1:Active>
          <q1:EmbedCtxt>Failover Clusters</q1:EmbedCtxt>
        </q1:InboundFirewallRules>
        <q1:InboundFirewallRules>
          <q1:Version>2.31</q1:Version>
          <q1:Action>Allow</q1:Action>
          <q1:Name>Failover Clusters - Remote Registry (RPC)</q1:Name>
          <q1:Dir>In</q1:Dir>
          <q1:App>%systemroot%\system32\svchost.exe</q1:App>
          <q1:Svc>RemoteRegistry</q1:Svc>
          <q1:LPort>RPC</q1:LPort>
          <q1:Protocol>6</q1:Protocol>
          <q1:Desc>Inbound rule for Failover Clusters to allow the registry to be remotely managed via RPC/TCP.</q1:Desc>
          <q1:Active>true</q1:Active>
          <q1:EmbedCtxt>Failover Clusters</q1:EmbedCtxt>
        </q1:InboundFirewallRules>
        <q1:InboundFirewallRules>
          <q1:Version>2.31</q1:Version>
          <q1:Action>Allow</q1:Action>
          <q1:Name>Failover Clusters (DCOM-RPC-EPMAP-In)</q1:Name>
          <q1:Dir>In</q1:Dir>
          <q1:App>%systemroot%\system32\svchost.exe</q1:App>
          <q1:Svc>RpcSs</q1:Svc>
          <q1:LPort>135</q1:LPort>
          <q1:Protocol>6</q1:Protocol>
          <q1:Desc>Inbound rule for Failover Clusters to allow DCOM and RPC endpoint mapper traffic. [TCP 135]</q1:Desc>
          <q1:Active>true</q1:Active>
          <q1:EmbedCtxt>Failover Clusters</q1:EmbedCtxt>
        </q1:InboundFirewallRules>
        <q1:InboundFirewallRules>
          <q1:Version>2.31</q1:Version>
          <q1:Action>Allow</q1:Action>
          <q1:Name>Failover Clusters (ICMP4-ER-In)</q1:Name>
          <q1:Dir>In</q1:Dir>
          <q1:App>System</q1:App>
          <q1:Protocol>1</q1:Protocol>
          <q1:ICMP4>0:*</q1:ICMP4>
          <q1:Desc>Inbound rule for Failover Clusters to allow ICMP4 echo response messages.</q1:Desc>
          <q1:Active>true</q1:Active>
          <q1:EmbedCtxt>Failover Clusters</q1:EmbedCtxt>
        </q1:InboundFirewallRules>
        <q1:InboundFirewallRules>
          <q1:Version>2.31</q1:Version>
          <q1:Action>Allow</q1:Action>
          <q1:Name>@cprepsrv.dll,-5001</q1:Name>
          <q1:Dir>In</q1:Dir>
          <q1:App>%systemroot%\cluster\rhs.exe</q1:App>
          <q1:LPort>4433</q1:LPort>
          <q1:Protocol>6</q1:Protocol>
          <q1:Desc>@cprepsrv.dll,-5002</q1:Desc>
          <q1:Active>true</q1:Active>
          <q1:EmbedCtxt>@cprepsrv.dll,-1000</q1:EmbedCtxt>
        </q1:InboundFirewallRules>
        <q1:InboundFirewallRules>
          <q1:Version>2.31</q1:Version>
          <q1:Action>Allow</q1:Action>
          <q1:Name>Failover Clusters - Named Pipes (NP-In)</q1:Name>
          <q1:Dir>In</q1:Dir>
          <q1:App>System</q1:App>
          <q1:LPort>445</q1:LPort>
          <q1:Protocol>6</q1:Protocol>
          <q1:Desc>Inbound rule for Failover Clusters to allow components such as the Remote Registry and the Service Control Manager to be remotely managed via Named Pipes. [TCP 445]</q1:Desc>
          <q1:Active>true</q1:Active>
          <q1:EmbedCtxt>Failover Clusters</q1:EmbedCtxt>
        </q1:InboundFirewallRules>
        <q1:InboundFirewallRules>
          <q1:Version>2.31</q1:Version>
          <q1:Action>Allow</q1:Action>
          <q1:Name>Failover Clusters (ICMP4-ERQ-In)</q1:Name>
          <q1:Dir>In</q1:Dir>
          <q1:App>System</q1:App>
          <q1:Protocol>1</q1:Protocol>
          <q1:ICMP4>8:*</q1:ICMP4>
          <q1:Desc>Inbound rule for Failover Clusters to allow ICMP4 echo request messages.</q1:Desc>
          <q1:Active>true</q1:Active>
          <q1:EmbedCtxt>Failover Clusters</q1:EmbedCtxt>
        </q1:InboundFirewallRules>
        <q1:InboundFirewallRules>
          <q1:Version>2.31</q1:Version>
          <q1:Action>Allow</q1:Action>
          <q1:Name>TargetMgr Service (RPC)</q1:Name>
          <q1:Dir>In</q1:Dir>
          <q1:App>%systemroot%\cluster\targetmgr.exe</q1:App>
          <q1:LPort>RPC</q1:LPort>
          <q1:Protocol>6</q1:Protocol>
          <q1:Desc>Inbound rule for to allow the TargetMgr service to be remotely managed via RPC/TCP.</q1:Desc>
          <q1:Active>true</q1:Active>
          <q1:EmbedCtxt>Failover Clusters</q1:EmbedCtxt>
        </q1:InboundFirewallRules>
        <q1:InboundFirewallRules>
          <q1:Version>2.31</q1:Version>
          <q1:Action>Allow</q1:Action>
          <q1:Name>Failover Clusters - WMI (TCP-In)</q1:Name>
          <q1:Dir>In</q1:Dir>
          <q1:App>%systemroot%\system32\svchost.exe</q1:App>
          <q1:Svc>winmgmt</q1:Svc>
          <q1:Protocol>6</q1:Protocol>
          <q1:Desc>Inbound rule for Failover Clusters to allow Windows Management Instrumentation traffic for cluster administration.</q1:Desc>
          <q1:Active>true</q1:Active>
          <q1:EmbedCtxt>Failover Clusters</q1:EmbedCtxt>
        </q1:InboundFirewallRules>
        <q1:InboundFirewallRules>
          <q1:Version>2.31</q1:Version>
          <q1:Action>Allow</q1:Action>
          <q1:Name>Failover Clusters (RPC)</q1:Name>
          <q1:Dir>In</q1:Dir>
          <q1:App>%systemroot%\cluster\clussvc.exe</q1:App>
          <q1:Svc>ClusSvc</q1:Svc>
          <q1:LPort>RPC</q1:LPort>
          <q1:Protocol>6</q1:Protocol>
          <q1:Desc>Inbound rule for Failover Clusters to allow the cluster service to be remotely managed via RPC/TCP.</q1:Desc>
          <q1:Active>true</q1:Active>
          <q1:EmbedCtxt>Failover Clusters</q1:EmbedCtxt>
        </q1:InboundFirewallRules>
        <q1:InboundFirewallRules>
          <q1:Version>2.31</q1:Version>
          <q1:Action>Allow</q1:Action>
          <q1:Name>Failover Clusters (DCOM server FcSrv TCP-In)</q1:Name>
          <q1:Dir>In</q1:Dir>
          <q1:App>%systemroot%\system32\fcsrv.exe</q1:App>
          <q1:LPort>RPC</q1:LPort>
          <q1:Protocol>6</q1:Protocol>
          <q1:Desc>Inbound rule for Failover Clusters to allow invocation of cluster server setup and cleanup via DCOM.</q1:Desc>
          <q1:Active>true</q1:Active>
          <q1:EmbedCtxt>Failover Clusters</q1:EmbedCtxt>
        </q1:InboundFirewallRules>
        <q1:InboundFirewallRules>
          <q1:Version>2.31</q1:Version>
          <q1:Action>Allow</q1:Action>
          <q1:Name>Failover Clusters - Remote Event Log Management (RPC)</q1:Name>
          <q1:Dir>In</q1:Dir>
          <q1:App>%systemroot%\system32\svchost.exe</q1:App>
          <q1:Svc>eventlog</q1:Svc>
          <q1:LPort>RPC</q1:LPort>
          <q1:Protocol>6</q1:Protocol>
          <q1:Desc>Inbound rule for Failover Clusters to allow the event log to be remotely accessed via RPC/TCP.</q1:Desc>
          <q1:Active>true</q1:Active>
          <q1:EmbedCtxt>Failover Clusters</q1:EmbedCtxt>
        </q1:InboundFirewallRules>
        <q1:InboundFirewallRules>
          <q1:Version>2.31</q1:Version>
          <q1:Action>Allow</q1:Action>
          <q1:Name>Failover Clusters (DCOM TCP-In)</q1:Name>
          <q1:Dir>In</q1:Dir>
          <q1:App>%systemroot%\system32\cprepsrv.exe</q1:App>
          <q1:LPort>RPC</q1:LPort>
          <q1:Protocol>6</q1:Protocol>
          <q1:Desc>Inbound rule for Failover Clusters to allow invocation of cluster server validation, configuration, and cleanup via DCOM.</q1:Desc>
          <q1:Active>true</q1:Active>
          <q1:EmbedCtxt>Failover Clusters</q1:EmbedCtxt>
        </q1:InboundFirewallRules>
        <q1:InboundFirewallRules>
          <q1:Version>2.31</q1:Version>
          <q1:Action>Allow</q1:Action>
          <q1:Name>Failover Clusters (TCP-In)</q1:Name>
          <q1:Dir>In</q1:Dir>
          <q1:App>%systemroot%\cluster\clussvc.exe</q1:App>
          <q1:Svc>ClusSvc</q1:Svc>
          <q1:LPort>3343</q1:LPort>
          <q1:Protocol>6</q1:Protocol>
          <q1:Desc>Inbound rule for Failover Clusters to allow internal cluster communication by the cluster service. [TCP 3343]</q1:Desc>
          <q1:Active>true</q1:Active>
          <q1:EmbedCtxt>Failover Clusters</q1:EmbedCtxt>
        </q1:InboundFirewallRules>
        <q1:InboundFirewallRules>
          <q1:Version>2.31</q1:Version>
          <q1:Action>Allow</q1:Action>
          <q1:Name>Failover Clusters (UDP-In)</q1:Name>
          <q1:Dir>In</q1:Dir>
          <q1:App>System</q1:App>
          <q1:LPort>3343</q1:LPort>
          <q1:RPort>3343</q1:RPort>
          <q1:Protocol>17</q1:Protocol>
          <q1:Desc>Inbound rule for Failover Clusters to allow internal cluster communication by the cluster virtual network adapter. [UDP 3343]</q1:Desc>
          <q1:Active>true</q1:Active>
          <q1:EmbedCtxt>Failover Clusters</q1:EmbedCtxt>
        </q1:InboundFirewallRules>
        <q1:InboundFirewallRules>
          <q1:Version>2.31</q1:Version>
          <q1:Action>Allow</q1:Action>
          <q1:Name>@FirewallAPI.dll,-28603</q1:Name>
          <q1:Dir>In</q1:Dir>
          <q1:App>System</q1:App>
          <q1:LPort>5445</q1:LPort>
          <q1:Protocol>6</q1:Protocol>
          <q1:Desc>@FirewallAPI.dll,-28606</q1:Desc>
          <q1:Active>true</q1:Active>
          <q1:EmbedCtxt>@FirewallAPI.dll,-28602</q1:EmbedCtxt>
        </q1:InboundFirewallRules>
      </Extension>
      <Name>Windows Firewall</Name>
    </ExtensionData>
    <ExtensionData>
      <Extension xmlns:q2="http://www.microsoft.com/GroupPolicy/Settings/Registry" xsi:type="q2:RegistrySettings">
        <q2:Blocked>false</q2:Blocked>
      </Extension>
      <Name>Registry</Name>
    </ExtensionData>
  </Computer>
  <User>
    <VersionDirectory>0</VersionDirectory>
    <VersionSysvol>0</VersionSysvol>
    <Enabled>false</Enabled>
  </User>
  <LinksTo>
    <SOMName>Hypervisors</SOMName>
    <SOMPath>domain.local/Directory/Computers/Hypervisors</SOMPath>
    <Enabled>true</Enabled>
    <NoOverride>false</NoOverride>
  </LinksTo>
</GPO>