﻿<?xml version="1.0" encoding="utf-16"?>
<GPO xmlns:xsd="http://www.w3.org/2001/XMLSchema" xmlns:xsi="http://www.w3.org/2001/XMLSchema-instance" xmlns="http://www.microsoft.com/GroupPolicy/Settings">
  <Identifier>
    <Identifier xmlns="http://www.microsoft.com/GroupPolicy/Types">{f94919b0-d38a-4840-a87c-fed1c482aeb5}</Identifier>
    <Domain xmlns="http://www.microsoft.com/GroupPolicy/Types">domain.local</Domain>
  </Identifier>
  <Name>Firewall Rules - Azure Stack HCI</Name>
  <IncludeComments>true</IncludeComments>
  <CreatedTime>2023-10-23T18:46:30</CreatedTime>
  <ModifiedTime>2025-03-18T03:24:36</ModifiedTime>
  <ReadTime>2025-03-20T16:33:36.1609515Z</ReadTime>
  <SecurityDescriptor>
    <SDDL xmlns="http://www.microsoft.com/GroupPolicy/Types/Security">O:DAG:DAD:PAI(OA;CI;CR;edacfd8f-ffb3-11d1-b41d-00a0c968f939;;AU)(A;;CCDCLCSWRPWPDTLOSDRCWDWO;;;DA)(A;CI;CCDCLCSWRPWPDTLOSDRCWDWO;;;DA)(A;CI;CCDCLCSWRPWPDTLOSDRCWDWO;;;S-1-5-21-3051899438-3589783691-4031204720-519)(A;CI;LCRPLORC;;;ED)(A;CI;LCRPLORC;;;AU)(A;CI;CCDCLCSWRPWPDTLOSDRCWDWO;;;SY)(A;CIIO;CCDCLCSWRPWPDTLOSDRCWDWO;;;CO)S:AI(OU;CIIDSA;WPWD;;f30e3bc2-9ff0-11d1-b603-0000f80367c1;WD)(OU;CIIOIDSA;WP;f30e3bbe-9ff0-11d1-b603-0000f80367c1;bf967aa5-0de6-11d0-a285-00aa003049e2;WD)(OU;CIIOIDSA;WP;f30e3bbf-9ff0-11d1-b603-0000f80367c1;bf967aa5-0de6-11d0-a285-00aa003049e2;WD)</SDDL>
    <Owner xmlns="http://www.microsoft.com/GroupPolicy/Types/Security">
      <SID xmlns="http://www.microsoft.com/GroupPolicy/Types">S-1-5-21-3051899438-3589783691-4031204720-512</SID>
      <Name xmlns="http://www.microsoft.com/GroupPolicy/Types">NET\Domain Admins</Name>
    </Owner>
    <Group xmlns="http://www.microsoft.com/GroupPolicy/Types/Security">
      <SID xmlns="http://www.microsoft.com/GroupPolicy/Types">S-1-5-21-3051899438-3589783691-4031204720-512</SID>
      <Name xmlns="http://www.microsoft.com/GroupPolicy/Types">NET\Domain Admins</Name>
    </Group>
    <PermissionsPresent xmlns="http://www.microsoft.com/GroupPolicy/Types/Security">true</PermissionsPresent>
    <Permissions xmlns="http://www.microsoft.com/GroupPolicy/Types/Security">
      <InheritsFromParent>false</InheritsFromParent>
      <TrusteePermissions>
        <Trustee>
          <SID xmlns="http://www.microsoft.com/GroupPolicy/Types">S-1-5-21-3051899438-3589783691-4031204720-512</SID>
          <Name xmlns="http://www.microsoft.com/GroupPolicy/Types">NET\Domain Admins</Name>
        </Trustee>
        <Type xsi:type="PermissionType">
          <PermissionType>Allow</PermissionType>
        </Type>
        <Inherited>false</Inherited>
        <Applicability>
          <ToSelf>true</ToSelf>
          <ToDescendantObjects>false</ToDescendantObjects>
          <ToDescendantContainers>true</ToDescendantContainers>
          <ToDirectDescendantsOnly>false</ToDirectDescendantsOnly>
        </Applicability>
        <Standard>
          <GPOGroupedAccessEnum>Edit, delete, modify security</GPOGroupedAccessEnum>
        </Standard>
        <AccessMask>0</AccessMask>
      </TrusteePermissions>
      <TrusteePermissions>
        <Trustee>
          <SID xmlns="http://www.microsoft.com/GroupPolicy/Types">S-1-5-9</SID>
          <Name xmlns="http://www.microsoft.com/GroupPolicy/Types">NT AUTHORITY\ENTERPRISE DOMAIN CONTROLLERS</Name>
        </Trustee>
        <Type xsi:type="PermissionType">
          <PermissionType>Allow</PermissionType>
        </Type>
        <Inherited>false</Inherited>
        <Applicability>
          <ToSelf>true</ToSelf>
          <ToDescendantObjects>false</ToDescendantObjects>
          <ToDescendantContainers>true</ToDescendantContainers>
          <ToDirectDescendantsOnly>false</ToDirectDescendantsOnly>
        </Applicability>
        <Standard>
          <GPOGroupedAccessEnum>Read</GPOGroupedAccessEnum>
        </Standard>
        <AccessMask>0</AccessMask>
      </TrusteePermissions>
      <TrusteePermissions>
        <Trustee>
          <SID xmlns="http://www.microsoft.com/GroupPolicy/Types">S-1-5-18</SID>
          <Name xmlns="http://www.microsoft.com/GroupPolicy/Types">NT AUTHORITY\SYSTEM</Name>
        </Trustee>
        <Type xsi:type="PermissionType">
          <PermissionType>Allow</PermissionType>
        </Type>
        <Inherited>false</Inherited>
        <Applicability>
          <ToSelf>true</ToSelf>
          <ToDescendantObjects>false</ToDescendantObjects>
          <ToDescendantContainers>true</ToDescendantContainers>
          <ToDirectDescendantsOnly>false</ToDirectDescendantsOnly>
        </Applicability>
        <Standard>
          <GPOGroupedAccessEnum>Edit, delete, modify security</GPOGroupedAccessEnum>
        </Standard>
        <AccessMask>0</AccessMask>
      </TrusteePermissions>
      <TrusteePermissions>
        <Trustee>
          <SID xmlns="http://www.microsoft.com/GroupPolicy/Types">S-1-5-11</SID>
          <Name xmlns="http://www.microsoft.com/GroupPolicy/Types">NT AUTHORITY\Authenticated Users</Name>
        </Trustee>
        <Type xsi:type="PermissionType">
          <PermissionType>Allow</PermissionType>
        </Type>
        <Inherited>false</Inherited>
        <Applicability>
          <ToSelf>true</ToSelf>
          <ToDescendantObjects>false</ToDescendantObjects>
          <ToDescendantContainers>true</ToDescendantContainers>
          <ToDirectDescendantsOnly>false</ToDirectDescendantsOnly>
        </Applicability>
        <Standard>
          <GPOGroupedAccessEnum>Apply Group Policy</GPOGroupedAccessEnum>
        </Standard>
        <AccessMask>0</AccessMask>
      </TrusteePermissions>
      <TrusteePermissions>
        <Trustee>
          <SID xmlns="http://www.microsoft.com/GroupPolicy/Types">S-1-5-21-3051899438-3589783691-4031204720-519</SID>
          <Name xmlns="http://www.microsoft.com/GroupPolicy/Types">NET\Enterprise Admins</Name>
        </Trustee>
        <Type xsi:type="PermissionType">
          <PermissionType>Allow</PermissionType>
        </Type>
        <Inherited>false</Inherited>
        <Applicability>
          <ToSelf>true</ToSelf>
          <ToDescendantObjects>false</ToDescendantObjects>
          <ToDescendantContainers>true</ToDescendantContainers>
          <ToDirectDescendantsOnly>false</ToDirectDescendantsOnly>
        </Applicability>
        <Standard>
          <GPOGroupedAccessEnum>Edit, delete, modify security</GPOGroupedAccessEnum>
        </Standard>
        <AccessMask>0</AccessMask>
      </TrusteePermissions>
    </Permissions>
    <AuditingPresent xmlns="http://www.microsoft.com/GroupPolicy/Types/Security">false</AuditingPresent>
  </SecurityDescriptor>
  <FilterDataAvailable>true</FilterDataAvailable>
  <Computer>
    <VersionDirectory>9</VersionDirectory>
    <VersionSysvol>9</VersionSysvol>
    <Enabled>true</Enabled>
    <ExtensionData>
      <Extension xmlns:q1="http://www.microsoft.com/GroupPolicy/Settings/WindowsFirewall" xsi:type="q1:WindowsFirewallSettings">
        <q1:GlobalSettings>
          <q1:PolicyVersion>
            <q1:Value>543</q1:Value>
          </q1:PolicyVersion>
        </q1:GlobalSettings>
        <q1:InboundFirewallRules>
          <q1:Version>2.31</q1:Version>
          <q1:Action>Allow</q1:Action>
          <q1:Name>@FirewallAPI.dll,-55002</q1:Name>
          <q1:Dir>In</q1:Dir>
          <q1:App>%SystemRoot%\System32\azshci\HciSvc.exe</q1:App>
          <q1:LPort>30301</q1:LPort>
          <q1:Protocol>6</q1:Protocol>
          <q1:Desc>@FirewallAPI.dll,-55003</q1:Desc>
          <q1:Active>true</q1:Active>
          <q1:EmbedCtxt>@FirewallAPI.dll,-55001</q1:EmbedCtxt>
        </q1:InboundFirewallRules>
        <q1:InboundFirewallRules>
          <q1:Version>2.31</q1:Version>
          <q1:Action>Allow</q1:Action>
          <q1:Name>@FirewallAPI.dll,-55006</q1:Name>
          <q1:Dir>In</q1:Dir>
          <q1:App>System</q1:App>
          <q1:LA4>169.254.169.253</q1:LA4>
          <q1:LPort>80</q1:LPort>
          <q1:Protocol>6</q1:Protocol>
          <q1:Desc>@FirewallAPI.dll,-55007</q1:Desc>
          <q1:Active>true</q1:Active>
          <q1:EmbedCtxt>@FirewallAPI.dll,-55001</q1:EmbedCtxt>
        </q1:InboundFirewallRules>
        <q1:InboundFirewallRules>
          <q1:Version>2.31</q1:Version>
          <q1:Action>Block</q1:Action>
          <q1:Name>Azure Stack HCI IMDS Attestation (TCP-In)</q1:Name>
          <q1:Dir>In</q1:Dir>
          <q1:LA4>169.254.169.253</q1:LA4>
          <q1:LPort>1-79</q1:LPort>
          <q1:LPort>81-65535</q1:LPort>
          <q1:Protocol>6</q1:Protocol>
          <q1:Desc>Inbound rule to block all traffic for Attestation interface [TCP]</q1:Desc>
          <q1:Active>false</q1:Active>
          <q1:EmbedCtxt>@FirewallAPI.dll,-55001</q1:EmbedCtxt>
        </q1:InboundFirewallRules>
        <q1:InboundFirewallRules>
          <q1:Version>2.31</q1:Version>
          <q1:Action>Block</q1:Action>
          <q1:Name>Azure Stack HCI IMDS Attestation (UDP-In)</q1:Name>
          <q1:Dir>In</q1:Dir>
          <q1:LA4>169.254.169.253</q1:LA4>
          <q1:Protocol>17</q1:Protocol>
          <q1:Desc>Inbound rule to block all traffic for Attestation interface [UDP]</q1:Desc>
          <q1:Active>true</q1:Active>
          <q1:EmbedCtxt>@FirewallAPI.dll,-55001</q1:EmbedCtxt>
        </q1:InboundFirewallRules>
        <q1:InboundFirewallRules>
          <q1:Version>2.31</q1:Version>
          <q1:Action>Allow</q1:Action>
          <q1:Name>@FirewallAPI.dll,-55008</q1:Name>
          <q1:Dir>In</q1:Dir>
          <q1:LA4>127.0.0.1</q1:LA4>
          <q1:LPort>42542</q1:LPort>
          <q1:Protocol>6</q1:Protocol>
          <q1:Desc>@FirewallAPI.dll,-55009</q1:Desc>
          <q1:Active>true</q1:Active>
          <q1:EmbedCtxt>@FirewallAPI.dll,-55001</q1:EmbedCtxt>
        </q1:InboundFirewallRules>
        <q1:OutboundFirewallRules>
          <q1:Version>2.31</q1:Version>
          <q1:Action>Block</q1:Action>
          <q1:Name>Azure Stack HCI IMDS Attestation (UDP-Out)</q1:Name>
          <q1:Dir>Out</q1:Dir>
          <q1:LA4>169.254.169.253</q1:LA4>
          <q1:Protocol>17</q1:Protocol>
          <q1:Desc>Outbound rule to block all traffic for Attestation interface [UDP]</q1:Desc>
          <q1:Active>true</q1:Active>
          <q1:EmbedCtxt>@FirewallAPI.dll,-55001</q1:EmbedCtxt>
        </q1:OutboundFirewallRules>
        <q1:OutboundFirewallRules>
          <q1:Version>2.31</q1:Version>
          <q1:Action>Allow</q1:Action>
          <q1:Name>@FirewallAPI.dll,-55004</q1:Name>
          <q1:Dir>Out</q1:Dir>
          <q1:App>%SystemRoot%\System32\azshci\HciSvc.exe</q1:App>
          <q1:RPort>30301</q1:RPort>
          <q1:Protocol>6</q1:Protocol>
          <q1:Desc>@FirewallAPI.dll,-55005</q1:Desc>
          <q1:Active>true</q1:Active>
          <q1:EmbedCtxt>@FirewallAPI.dll,-55001</q1:EmbedCtxt>
        </q1:OutboundFirewallRules>
        <q1:OutboundFirewallRules>
          <q1:Version>2.31</q1:Version>
          <q1:Action>Block</q1:Action>
          <q1:Name>Azure Stack HCI IMDS Attestation (TCP-Out)</q1:Name>
          <q1:Dir>Out</q1:Dir>
          <q1:LA4>169.254.169.253</q1:LA4>
          <q1:Protocol>6</q1:Protocol>
          <q1:Desc>Outbound rule to block all traffic for Attestation interface [TCP]</q1:Desc>
          <q1:Active>true</q1:Active>
          <q1:EmbedCtxt>@FirewallAPI.dll,-55001</q1:EmbedCtxt>
        </q1:OutboundFirewallRules>
      </Extension>
      <Name>Windows Firewall</Name>
    </ExtensionData>
    <ExtensionData>
      <Extension xmlns:q2="http://www.microsoft.com/GroupPolicy/Settings/Registry" xsi:type="q2:RegistrySettings">
        <q2:Blocked>false</q2:Blocked>
      </Extension>
      <Name>Registry</Name>
    </ExtensionData>
  </Computer>
  <User>
    <VersionDirectory>0</VersionDirectory>
    <VersionSysvol>0</VersionSysvol>
    <Enabled>false</Enabled>
  </User>
  <LinksTo>
    <SOMName>aad-hv-a1</SOMName>
    <SOMPath>domain.local/Directory/Computers/Hypervisors/aad-hv-a1</SOMPath>
    <Enabled>true</Enabled>
    <NoOverride>false</NoOverride>
  </LinksTo>
</GPO>