<BackupInst xmlns="http://www.microsoft.com/GroupPolicy/GPOOperations/Manifest"><GPOGuid><![CDATA[{3774a428-a1a8-412a-a24d-bb75076c3828}]]></GPOGuid><GPODomain><![CDATA[domain.local]]></GPODomain><GPODomainGuid><![CDATA[{04cef035-999e-42d2-a4b0-ec110bfb1fc2}]]></GPODomainGuid><GPODomainController><![CDATA[DC-1.domain.local]]></GPODomainController><BackupTime><![CDATA[2025-03-21T06:08:15]]></BackupTime><ID><![CDATA[{3D887591-B4B4-41EB-848F-7B4799E1CC4E}]]></ID><Comment><![CDATA[]]></Comment><GPODisplayName><![CDATA[Security - Audit Policy - Network Policy Server]]></GPODisplayName></BackupInst>
