﻿<?xml version="1.0" encoding="utf-16"?>
<GPO xmlns:xsd="http://www.w3.org/2001/XMLSchema" xmlns:xsi="http://www.w3.org/2001/XMLSchema-instance" xmlns="http://www.microsoft.com/GroupPolicy/Settings">
  <Identifier>
    <Identifier xmlns="http://www.microsoft.com/GroupPolicy/Types">{bc234cfd-dad2-40c6-8975-969c58c89ae9}</Identifier>
    <Domain xmlns="http://www.microsoft.com/GroupPolicy/Types">domain.local</Domain>
  </Identifier>
  <Name>Firewall Rules - Domain Controller</Name>
  <IncludeComments>true</IncludeComments>
  <CreatedTime>2023-02-17T18:07:53</CreatedTime>
  <ModifiedTime>2025-03-18T03:24:36</ModifiedTime>
  <ReadTime>2025-03-20T16:33:32.3699229Z</ReadTime>
  <SecurityDescriptor>
    <SDDL xmlns="http://www.microsoft.com/GroupPolicy/Types/Security">O:DAG:DAD:PAI(OA;CI;CR;edacfd8f-ffb3-11d1-b41d-00a0c968f939;;AU)(A;;CCDCLCSWRPWPDTLOSDRCWDWO;;;DA)(A;CI;CCDCLCSWRPWPDTLOSDRCWDWO;;;DA)(A;CI;CCDCLCSWRPWPDTLOSDRCWDWO;;;S-1-5-21-3051899438-3589783691-4031204720-519)(A;CI;LCRPLORC;;;ED)(A;CI;LCRPLORC;;;AU)(A;CI;CCDCLCSWRPWPDTLOSDRCWDWO;;;SY)(A;CIIO;CCDCLCSWRPWPDTLOSDRCWDWO;;;CO)S:AI(OU;CIIDSA;WPWD;;f30e3bc2-9ff0-11d1-b603-0000f80367c1;WD)(OU;CIIOIDSA;WP;f30e3bbe-9ff0-11d1-b603-0000f80367c1;bf967aa5-0de6-11d0-a285-00aa003049e2;WD)(OU;CIIOIDSA;WP;f30e3bbf-9ff0-11d1-b603-0000f80367c1;bf967aa5-0de6-11d0-a285-00aa003049e2;WD)</SDDL>
    <Owner xmlns="http://www.microsoft.com/GroupPolicy/Types/Security">
      <SID xmlns="http://www.microsoft.com/GroupPolicy/Types">S-1-5-21-3051899438-3589783691-4031204720-512</SID>
      <Name xmlns="http://www.microsoft.com/GroupPolicy/Types">NET\Domain Admins</Name>
    </Owner>
    <Group xmlns="http://www.microsoft.com/GroupPolicy/Types/Security">
      <SID xmlns="http://www.microsoft.com/GroupPolicy/Types">S-1-5-21-3051899438-3589783691-4031204720-512</SID>
      <Name xmlns="http://www.microsoft.com/GroupPolicy/Types">NET\Domain Admins</Name>
    </Group>
    <PermissionsPresent xmlns="http://www.microsoft.com/GroupPolicy/Types/Security">true</PermissionsPresent>
    <Permissions xmlns="http://www.microsoft.com/GroupPolicy/Types/Security">
      <InheritsFromParent>false</InheritsFromParent>
      <TrusteePermissions>
        <Trustee>
          <SID xmlns="http://www.microsoft.com/GroupPolicy/Types">S-1-5-21-3051899438-3589783691-4031204720-512</SID>
          <Name xmlns="http://www.microsoft.com/GroupPolicy/Types">NET\Domain Admins</Name>
        </Trustee>
        <Type xsi:type="PermissionType">
          <PermissionType>Allow</PermissionType>
        </Type>
        <Inherited>false</Inherited>
        <Applicability>
          <ToSelf>true</ToSelf>
          <ToDescendantObjects>false</ToDescendantObjects>
          <ToDescendantContainers>true</ToDescendantContainers>
          <ToDirectDescendantsOnly>false</ToDirectDescendantsOnly>
        </Applicability>
        <Standard>
          <GPOGroupedAccessEnum>Edit, delete, modify security</GPOGroupedAccessEnum>
        </Standard>
        <AccessMask>0</AccessMask>
      </TrusteePermissions>
      <TrusteePermissions>
        <Trustee>
          <SID xmlns="http://www.microsoft.com/GroupPolicy/Types">S-1-5-9</SID>
          <Name xmlns="http://www.microsoft.com/GroupPolicy/Types">NT AUTHORITY\ENTERPRISE DOMAIN CONTROLLERS</Name>
        </Trustee>
        <Type xsi:type="PermissionType">
          <PermissionType>Allow</PermissionType>
        </Type>
        <Inherited>false</Inherited>
        <Applicability>
          <ToSelf>true</ToSelf>
          <ToDescendantObjects>false</ToDescendantObjects>
          <ToDescendantContainers>true</ToDescendantContainers>
          <ToDirectDescendantsOnly>false</ToDirectDescendantsOnly>
        </Applicability>
        <Standard>
          <GPOGroupedAccessEnum>Read</GPOGroupedAccessEnum>
        </Standard>
        <AccessMask>0</AccessMask>
      </TrusteePermissions>
      <TrusteePermissions>
        <Trustee>
          <SID xmlns="http://www.microsoft.com/GroupPolicy/Types">S-1-5-18</SID>
          <Name xmlns="http://www.microsoft.com/GroupPolicy/Types">NT AUTHORITY\SYSTEM</Name>
        </Trustee>
        <Type xsi:type="PermissionType">
          <PermissionType>Allow</PermissionType>
        </Type>
        <Inherited>false</Inherited>
        <Applicability>
          <ToSelf>true</ToSelf>
          <ToDescendantObjects>false</ToDescendantObjects>
          <ToDescendantContainers>true</ToDescendantContainers>
          <ToDirectDescendantsOnly>false</ToDirectDescendantsOnly>
        </Applicability>
        <Standard>
          <GPOGroupedAccessEnum>Edit, delete, modify security</GPOGroupedAccessEnum>
        </Standard>
        <AccessMask>0</AccessMask>
      </TrusteePermissions>
      <TrusteePermissions>
        <Trustee>
          <SID xmlns="http://www.microsoft.com/GroupPolicy/Types">S-1-5-11</SID>
          <Name xmlns="http://www.microsoft.com/GroupPolicy/Types">NT AUTHORITY\Authenticated Users</Name>
        </Trustee>
        <Type xsi:type="PermissionType">
          <PermissionType>Allow</PermissionType>
        </Type>
        <Inherited>false</Inherited>
        <Applicability>
          <ToSelf>true</ToSelf>
          <ToDescendantObjects>false</ToDescendantObjects>
          <ToDescendantContainers>true</ToDescendantContainers>
          <ToDirectDescendantsOnly>false</ToDirectDescendantsOnly>
        </Applicability>
        <Standard>
          <GPOGroupedAccessEnum>Apply Group Policy</GPOGroupedAccessEnum>
        </Standard>
        <AccessMask>0</AccessMask>
      </TrusteePermissions>
      <TrusteePermissions>
        <Trustee>
          <SID xmlns="http://www.microsoft.com/GroupPolicy/Types">S-1-5-21-3051899438-3589783691-4031204720-519</SID>
          <Name xmlns="http://www.microsoft.com/GroupPolicy/Types">NET\Enterprise Admins</Name>
        </Trustee>
        <Type xsi:type="PermissionType">
          <PermissionType>Allow</PermissionType>
        </Type>
        <Inherited>false</Inherited>
        <Applicability>
          <ToSelf>true</ToSelf>
          <ToDescendantObjects>false</ToDescendantObjects>
          <ToDescendantContainers>true</ToDescendantContainers>
          <ToDirectDescendantsOnly>false</ToDirectDescendantsOnly>
        </Applicability>
        <Standard>
          <GPOGroupedAccessEnum>Edit, delete, modify security</GPOGroupedAccessEnum>
        </Standard>
        <AccessMask>0</AccessMask>
      </TrusteePermissions>
    </Permissions>
    <AuditingPresent xmlns="http://www.microsoft.com/GroupPolicy/Types/Security">false</AuditingPresent>
  </SecurityDescriptor>
  <FilterDataAvailable>true</FilterDataAvailable>
  <Computer>
    <VersionDirectory>53</VersionDirectory>
    <VersionSysvol>53</VersionSysvol>
    <Enabled>true</Enabled>
    <ExtensionData>
      <Extension xmlns:q1="http://www.microsoft.com/GroupPolicy/Settings/WindowsFirewall" xsi:type="q1:WindowsFirewallSettings">
        <q1:GlobalSettings>
          <q1:PolicyVersion>
            <q1:Value>543</q1:Value>
          </q1:PolicyVersion>
        </q1:GlobalSettings>
        <q1:InboundFirewallRules>
          <q1:Version>2.31</q1:Version>
          <q1:Action>Allow</q1:Action>
          <q1:Name>@FirewallAPI.dll,-37606</q1:Name>
          <q1:Dir>In</q1:Dir>
          <q1:App>%systemroot%\System32\lsass.exe</q1:App>
          <q1:LPort>3269</q1:LPort>
          <q1:Protocol>6</q1:Protocol>
          <q1:Desc>@FirewallAPI.dll,-37619</q1:Desc>
          <q1:Active>true</q1:Active>
          <q1:EmbedCtxt>@FirewallAPI.dll,-37601</q1:EmbedCtxt>
        </q1:InboundFirewallRules>
        <q1:InboundFirewallRules>
          <q1:Version>2.31</q1:Version>
          <q1:Action>Allow</q1:Action>
          <q1:Name>@FirewallAPI.dll,-37636</q1:Name>
          <q1:Dir>In</q1:Dir>
          <q1:App>%systemroot%\system32\svchost.exe</q1:App>
          <q1:Svc>rpcss</q1:Svc>
          <q1:LPort>RPC-EPMap</q1:LPort>
          <q1:Protocol>6</q1:Protocol>
          <q1:Desc>@FirewallAPI.dll,-37614</q1:Desc>
          <q1:Active>true</q1:Active>
          <q1:EmbedCtxt>@FirewallAPI.dll,-37601</q1:EmbedCtxt>
        </q1:InboundFirewallRules>
        <q1:InboundFirewallRules>
          <q1:Version>2.31</q1:Version>
          <q1:Action>Allow</q1:Action>
          <q1:Name>@FirewallAPI.dll,-37612</q1:Name>
          <q1:Dir>In</q1:Dir>
          <q1:App>%systemroot%\System32\svchost.exe</q1:App>
          <q1:Svc>w32time</q1:Svc>
          <q1:LPort>123</q1:LPort>
          <q1:Protocol>17</q1:Protocol>
          <q1:Desc>@FirewallAPI.dll,-37625</q1:Desc>
          <q1:Active>true</q1:Active>
          <q1:EmbedCtxt>@FirewallAPI.dll,-37601</q1:EmbedCtxt>
        </q1:InboundFirewallRules>
        <q1:InboundFirewallRules>
          <q1:Version>2.31</q1:Version>
          <q1:Action>Allow</q1:Action>
          <q1:Name>@FirewallAPI.dll,-37631</q1:Name>
          <q1:Dir>In</q1:Dir>
          <q1:App>System</q1:App>
          <q1:Protocol>58</q1:Protocol>
          <q1:ICMP6>128:*</q1:ICMP6>
          <q1:Desc>@FirewallAPI.dll,-37632</q1:Desc>
          <q1:Active>true</q1:Active>
          <q1:EmbedCtxt>@FirewallAPI.dll,-37601</q1:EmbedCtxt>
        </q1:InboundFirewallRules>
        <q1:InboundFirewallRules>
          <q1:Version>2.31</q1:Version>
          <q1:Action>Allow</q1:Action>
          <q1:Name>@FirewallAPI.dll,-37603</q1:Name>
          <q1:Dir>In</q1:Dir>
          <q1:App>%systemroot%\System32\lsass.exe</q1:App>
          <q1:LPort>389</q1:LPort>
          <q1:Protocol>17</q1:Protocol>
          <q1:Desc>@FirewallAPI.dll,-37616</q1:Desc>
          <q1:Active>true</q1:Active>
          <q1:EmbedCtxt>@FirewallAPI.dll,-37601</q1:EmbedCtxt>
        </q1:InboundFirewallRules>
        <q1:InboundFirewallRules>
          <q1:Version>2.31</q1:Version>
          <q1:Action>Allow</q1:Action>
          <q1:Name>@FirewallAPI.dll,-37602</q1:Name>
          <q1:Dir>In</q1:Dir>
          <q1:App>%systemroot%\System32\lsass.exe</q1:App>
          <q1:LPort>389</q1:LPort>
          <q1:Protocol>6</q1:Protocol>
          <q1:Desc>@FirewallAPI.dll,-37615</q1:Desc>
          <q1:Active>true</q1:Active>
          <q1:EmbedCtxt>@FirewallAPI.dll,-37601</q1:EmbedCtxt>
        </q1:InboundFirewallRules>
        <q1:InboundFirewallRules>
          <q1:Version>2.31</q1:Version>
          <q1:Action>Allow</q1:Action>
          <q1:Name>@FirewallAPI.dll,-37635</q1:Name>
          <q1:Dir>In</q1:Dir>
          <q1:App>%systemroot%\System32\lsass.exe</q1:App>
          <q1:LPort>RPC</q1:LPort>
          <q1:Protocol>6</q1:Protocol>
          <q1:Desc>@FirewallAPI.dll,-37613</q1:Desc>
          <q1:Active>true</q1:Active>
          <q1:EmbedCtxt>@FirewallAPI.dll,-37601</q1:EmbedCtxt>
        </q1:InboundFirewallRules>
        <q1:InboundFirewallRules>
          <q1:Version>2.31</q1:Version>
          <q1:Action>Allow</q1:Action>
          <q1:Name>@FirewallAPI.dll,-37609</q1:Name>
          <q1:Dir>In</q1:Dir>
          <q1:App>System</q1:App>
          <q1:LPort>445</q1:LPort>
          <q1:Protocol>17</q1:Protocol>
          <q1:Desc>@FirewallAPI.dll,-37622</q1:Desc>
          <q1:Active>true</q1:Active>
          <q1:EmbedCtxt>@FirewallAPI.dll,-37601</q1:EmbedCtxt>
        </q1:InboundFirewallRules>
        <q1:InboundFirewallRules>
          <q1:Version>2.31</q1:Version>
          <q1:Action>Allow</q1:Action>
          <q1:Name>@FirewallAPI.dll,-37610</q1:Name>
          <q1:Dir>In</q1:Dir>
          <q1:App>System</q1:App>
          <q1:LPort>445</q1:LPort>
          <q1:Protocol>6</q1:Protocol>
          <q1:Desc>@FirewallAPI.dll,-37623</q1:Desc>
          <q1:Active>true</q1:Active>
          <q1:EmbedCtxt>@FirewallAPI.dll,-37601</q1:EmbedCtxt>
        </q1:InboundFirewallRules>
        <q1:InboundFirewallRules>
          <q1:Version>2.31</q1:Version>
          <q1:Action>Allow</q1:Action>
          <q1:Name>@FirewallAPI.dll,-37605</q1:Name>
          <q1:Dir>In</q1:Dir>
          <q1:App>%systemroot%\System32\lsass.exe</q1:App>
          <q1:LPort>3268</q1:LPort>
          <q1:Protocol>6</q1:Protocol>
          <q1:Desc>@FirewallAPI.dll,-37618</q1:Desc>
          <q1:Active>true</q1:Active>
          <q1:EmbedCtxt>@FirewallAPI.dll,-37601</q1:EmbedCtxt>
        </q1:InboundFirewallRules>
        <q1:InboundFirewallRules>
          <q1:Version>2.31</q1:Version>
          <q1:Action>Allow</q1:Action>
          <q1:Name>@FirewallAPI.dll,-37604</q1:Name>
          <q1:Dir>In</q1:Dir>
          <q1:App>%systemroot%\System32\lsass.exe</q1:App>
          <q1:LPort>636</q1:LPort>
          <q1:Protocol>6</q1:Protocol>
          <q1:Desc>@FirewallAPI.dll,-37617</q1:Desc>
          <q1:Active>true</q1:Active>
          <q1:EmbedCtxt>@FirewallAPI.dll,-37601</q1:EmbedCtxt>
        </q1:InboundFirewallRules>
        <q1:InboundFirewallRules>
          <q1:Version>2.31</q1:Version>
          <q1:Action>Allow</q1:Action>
          <q1:Name>@FirewallAPI.dll,-37627</q1:Name>
          <q1:Dir>In</q1:Dir>
          <q1:App>System</q1:App>
          <q1:Protocol>1</q1:Protocol>
          <q1:ICMP4>8:*</q1:ICMP4>
          <q1:Desc>@FirewallAPI.dll,-37628</q1:Desc>
          <q1:Active>true</q1:Active>
          <q1:EmbedCtxt>@FirewallAPI.dll,-37601</q1:EmbedCtxt>
        </q1:InboundFirewallRules>
        <q1:InboundFirewallRules>
          <q1:Version>2.31</q1:Version>
          <q1:Action>Allow</q1:Action>
          <q1:Name>@firewallapi.dll,-53002</q1:Name>
          <q1:Dir>In</q1:Dir>
          <q1:App>%systemroot%\System32\dns.exe</q1:App>
          <q1:Svc>dns</q1:Svc>
          <q1:LPort>53</q1:LPort>
          <q1:Protocol>17</q1:Protocol>
          <q1:Desc>@firewallapi.dll,-53008</q1:Desc>
          <q1:Active>true</q1:Active>
          <q1:EmbedCtxt>@firewallapi.dll,-53012</q1:EmbedCtxt>
        </q1:InboundFirewallRules>
        <q1:InboundFirewallRules>
          <q1:Version>2.31</q1:Version>
          <q1:Action>Allow</q1:Action>
          <q1:Name>@firewallapi.dll,-53003</q1:Name>
          <q1:Dir>In</q1:Dir>
          <q1:App>%systemroot%\System32\dns.exe</q1:App>
          <q1:Svc>dns</q1:Svc>
          <q1:LPort>RPC</q1:LPort>
          <q1:Protocol>6</q1:Protocol>
          <q1:Desc>@firewallapi.dll,-53009</q1:Desc>
          <q1:Active>true</q1:Active>
          <q1:EmbedCtxt>@firewallapi.dll,-53012</q1:EmbedCtxt>
        </q1:InboundFirewallRules>
        <q1:InboundFirewallRules>
          <q1:Version>2.31</q1:Version>
          <q1:Action>Allow</q1:Action>
          <q1:Name>@firewallapi.dll,-53001</q1:Name>
          <q1:Dir>In</q1:Dir>
          <q1:App>%systemroot%\System32\dns.exe</q1:App>
          <q1:Svc>dns</q1:Svc>
          <q1:LPort>53</q1:LPort>
          <q1:Protocol>6</q1:Protocol>
          <q1:Desc>@firewallapi.dll,-53007</q1:Desc>
          <q1:Active>true</q1:Active>
          <q1:EmbedCtxt>@firewallapi.dll,-53012</q1:EmbedCtxt>
        </q1:InboundFirewallRules>
        <q1:InboundFirewallRules>
          <q1:Version>2.31</q1:Version>
          <q1:Action>Allow</q1:Action>
          <q1:Name>@FirewallAPI.dll,-28511</q1:Name>
          <q1:Dir>In</q1:Dir>
          <q1:App>System</q1:App>
          <q1:LPort>445</q1:LPort>
          <q1:Protocol>6</q1:Protocol>
          <q1:Desc>@FirewallAPI.dll,-28514</q1:Desc>
          <q1:Active>true</q1:Active>
          <q1:EmbedCtxt>@FirewallAPI.dll,-28502</q1:EmbedCtxt>
        </q1:InboundFirewallRules>
        <q1:InboundFirewallRules>
          <q1:Version>2.31</q1:Version>
          <q1:Action>Allow</q1:Action>
          <q1:Name>@FirewallAPI.dll,-37705</q1:Name>
          <q1:Dir>In</q1:Dir>
          <q1:App>%systemroot%\system32\svchost.exe</q1:App>
          <q1:Svc>RpcSs</q1:Svc>
          <q1:LPort>RPC-EPMap</q1:LPort>
          <q1:Protocol>6</q1:Protocol>
          <q1:Desc>@FirewallAPI.dll,-37706</q1:Desc>
          <q1:Active>true</q1:Active>
          <q1:EmbedCtxt>@FirewallAPI.dll,-37702</q1:EmbedCtxt>
        </q1:InboundFirewallRules>
        <q1:InboundFirewallRules>
          <q1:Version>2.31</q1:Version>
          <q1:Action>Allow</q1:Action>
          <q1:Name>@FirewallAPI.dll,-37703</q1:Name>
          <q1:Dir>In</q1:Dir>
          <q1:App>%SystemRoot%\system32\dfsrs.exe</q1:App>
          <q1:Svc>Dfsr</q1:Svc>
          <q1:LPort>RPC</q1:LPort>
          <q1:Protocol>6</q1:Protocol>
          <q1:Desc>@FirewallAPI.dll,-37704</q1:Desc>
          <q1:Active>true</q1:Active>
          <q1:EmbedCtxt>@FirewallAPI.dll,-37702</q1:EmbedCtxt>
        </q1:InboundFirewallRules>
        <q1:InboundFirewallRules>
          <q1:Version>2.31</q1:Version>
          <q1:Action>Allow</q1:Action>
          <q1:Name>@FirewallAPI.dll,-28548</q1:Name>
          <q1:Dir>In</q1:Dir>
          <q1:App>%SystemRoot%\system32\svchost.exe</q1:App>
          <q1:Svc>dnscache</q1:Svc>
          <q1:RA4>LocalSubnet</q1:RA4>
          <q1:RA6>LocalSubnet</q1:RA6>
          <q1:LPort>5355</q1:LPort>
          <q1:Protocol>17</q1:Protocol>
          <q1:Desc>@FirewallAPI.dll,-28549</q1:Desc>
          <q1:Active>true</q1:Active>
          <q1:EmbedCtxt>@FirewallAPI.dll,-28502</q1:EmbedCtxt>
        </q1:InboundFirewallRules>
      </Extension>
      <Name>Windows Firewall</Name>
    </ExtensionData>
    <ExtensionData>
      <Extension xmlns:q2="http://www.microsoft.com/GroupPolicy/Settings/Registry" xsi:type="q2:RegistrySettings">
        <q2:Blocked>false</q2:Blocked>
      </Extension>
      <Name>Registry</Name>
    </ExtensionData>
  </Computer>
  <User>
    <VersionDirectory>0</VersionDirectory>
    <VersionSysvol>0</VersionSysvol>
    <Enabled>false</Enabled>
  </User>
</GPO>