<BackupInst xmlns="http://www.microsoft.com/GroupPolicy/GPOOperations/Manifest"><GPOGuid><![CDATA[{61f80365-5dbf-474f-81dc-ecb72e018c7f}]]></GPOGuid><GPODomain><![CDATA[domain.local]]></GPODomain><GPODomainGuid><![CDATA[{04cef035-999e-42d2-a4b0-ec110bfb1fc2}]]></GPODomainGuid><GPODomainController><![CDATA[DC-1.domain.local]]></GPODomainController><BackupTime><![CDATA[2025-03-21T04:27:00]]></BackupTime><ID><![CDATA[{559CD6B5-39A0-4369-BB19-4336AAA88EE3}]]></ID><Comment><![CDATA[]]></Comment><GPODisplayName><![CDATA[Explorer - Remove Shutdown]]></GPODisplayName></BackupInst>
