﻿<?xml version="1.0" encoding="utf-16"?>
<GPO xmlns:xsd="http://www.w3.org/2001/XMLSchema" xmlns:xsi="http://www.w3.org/2001/XMLSchema-instance" xmlns="http://www.microsoft.com/GroupPolicy/Settings">
  <Identifier>
    <Identifier xmlns="http://www.microsoft.com/GroupPolicy/Types">{0568902c-e284-48e7-81eb-035df6bf11d1}</Identifier>
    <Domain xmlns="http://www.microsoft.com/GroupPolicy/Types">domain.local</Domain>
  </Identifier>
  <Name>Edge - New Tab</Name>
  <IncludeComments>true</IncludeComments>
  <CreatedTime>2023-02-15T20:36:31</CreatedTime>
  <ModifiedTime>2025-03-18T03:24:35</ModifiedTime>
  <ReadTime>2025-03-20T16:33:31.4779153Z</ReadTime>
  <SecurityDescriptor>
    <SDDL xmlns="http://www.microsoft.com/GroupPolicy/Types/Security">O:DAG:DAD:PAI(OA;CI;CR;edacfd8f-ffb3-11d1-b41d-00a0c968f939;;AU)(A;;CCDCLCSWRPWPDTLOSDRCWDWO;;;DA)(A;CI;CCDCLCSWRPWPDTLOSDRCWDWO;;;DA)(A;CI;CCDCLCSWRPWPDTLOSDRCWDWO;;;S-1-5-21-3051899438-3589783691-4031204720-519)(A;CI;LCRPLORC;;;ED)(A;CI;LCRPLORC;;;AU)(A;CI;CCDCLCSWRPWPDTLOSDRCWDWO;;;SY)(A;CIIO;CCDCLCSWRPWPDTLOSDRCWDWO;;;CO)S:AI(OU;CIIDSA;WPWD;;f30e3bc2-9ff0-11d1-b603-0000f80367c1;WD)(OU;CIIOIDSA;WP;f30e3bbe-9ff0-11d1-b603-0000f80367c1;bf967aa5-0de6-11d0-a285-00aa003049e2;WD)(OU;CIIOIDSA;WP;f30e3bbf-9ff0-11d1-b603-0000f80367c1;bf967aa5-0de6-11d0-a285-00aa003049e2;WD)</SDDL>
    <Owner xmlns="http://www.microsoft.com/GroupPolicy/Types/Security">
      <SID xmlns="http://www.microsoft.com/GroupPolicy/Types">S-1-5-21-3051899438-3589783691-4031204720-512</SID>
      <Name xmlns="http://www.microsoft.com/GroupPolicy/Types">NET\Domain Admins</Name>
    </Owner>
    <Group xmlns="http://www.microsoft.com/GroupPolicy/Types/Security">
      <SID xmlns="http://www.microsoft.com/GroupPolicy/Types">S-1-5-21-3051899438-3589783691-4031204720-512</SID>
      <Name xmlns="http://www.microsoft.com/GroupPolicy/Types">NET\Domain Admins</Name>
    </Group>
    <PermissionsPresent xmlns="http://www.microsoft.com/GroupPolicy/Types/Security">true</PermissionsPresent>
    <Permissions xmlns="http://www.microsoft.com/GroupPolicy/Types/Security">
      <InheritsFromParent>false</InheritsFromParent>
      <TrusteePermissions>
        <Trustee>
          <SID xmlns="http://www.microsoft.com/GroupPolicy/Types">S-1-5-21-3051899438-3589783691-4031204720-512</SID>
          <Name xmlns="http://www.microsoft.com/GroupPolicy/Types">NET\Domain Admins</Name>
        </Trustee>
        <Type xsi:type="PermissionType">
          <PermissionType>Allow</PermissionType>
        </Type>
        <Inherited>false</Inherited>
        <Applicability>
          <ToSelf>true</ToSelf>
          <ToDescendantObjects>false</ToDescendantObjects>
          <ToDescendantContainers>true</ToDescendantContainers>
          <ToDirectDescendantsOnly>false</ToDirectDescendantsOnly>
        </Applicability>
        <Standard>
          <GPOGroupedAccessEnum>Edit, delete, modify security</GPOGroupedAccessEnum>
        </Standard>
        <AccessMask>0</AccessMask>
      </TrusteePermissions>
      <TrusteePermissions>
        <Trustee>
          <SID xmlns="http://www.microsoft.com/GroupPolicy/Types">S-1-5-9</SID>
          <Name xmlns="http://www.microsoft.com/GroupPolicy/Types">NT AUTHORITY\ENTERPRISE DOMAIN CONTROLLERS</Name>
        </Trustee>
        <Type xsi:type="PermissionType">
          <PermissionType>Allow</PermissionType>
        </Type>
        <Inherited>false</Inherited>
        <Applicability>
          <ToSelf>true</ToSelf>
          <ToDescendantObjects>false</ToDescendantObjects>
          <ToDescendantContainers>true</ToDescendantContainers>
          <ToDirectDescendantsOnly>false</ToDirectDescendantsOnly>
        </Applicability>
        <Standard>
          <GPOGroupedAccessEnum>Read</GPOGroupedAccessEnum>
        </Standard>
        <AccessMask>0</AccessMask>
      </TrusteePermissions>
      <TrusteePermissions>
        <Trustee>
          <SID xmlns="http://www.microsoft.com/GroupPolicy/Types">S-1-5-18</SID>
          <Name xmlns="http://www.microsoft.com/GroupPolicy/Types">NT AUTHORITY\SYSTEM</Name>
        </Trustee>
        <Type xsi:type="PermissionType">
          <PermissionType>Allow</PermissionType>
        </Type>
        <Inherited>false</Inherited>
        <Applicability>
          <ToSelf>true</ToSelf>
          <ToDescendantObjects>false</ToDescendantObjects>
          <ToDescendantContainers>true</ToDescendantContainers>
          <ToDirectDescendantsOnly>false</ToDirectDescendantsOnly>
        </Applicability>
        <Standard>
          <GPOGroupedAccessEnum>Edit, delete, modify security</GPOGroupedAccessEnum>
        </Standard>
        <AccessMask>0</AccessMask>
      </TrusteePermissions>
      <TrusteePermissions>
        <Trustee>
          <SID xmlns="http://www.microsoft.com/GroupPolicy/Types">S-1-5-11</SID>
          <Name xmlns="http://www.microsoft.com/GroupPolicy/Types">NT AUTHORITY\Authenticated Users</Name>
        </Trustee>
        <Type xsi:type="PermissionType">
          <PermissionType>Allow</PermissionType>
        </Type>
        <Inherited>false</Inherited>
        <Applicability>
          <ToSelf>true</ToSelf>
          <ToDescendantObjects>false</ToDescendantObjects>
          <ToDescendantContainers>true</ToDescendantContainers>
          <ToDirectDescendantsOnly>false</ToDirectDescendantsOnly>
        </Applicability>
        <Standard>
          <GPOGroupedAccessEnum>Apply Group Policy</GPOGroupedAccessEnum>
        </Standard>
        <AccessMask>0</AccessMask>
      </TrusteePermissions>
      <TrusteePermissions>
        <Trustee>
          <SID xmlns="http://www.microsoft.com/GroupPolicy/Types">S-1-5-21-3051899438-3589783691-4031204720-519</SID>
          <Name xmlns="http://www.microsoft.com/GroupPolicy/Types">NET\Enterprise Admins</Name>
        </Trustee>
        <Type xsi:type="PermissionType">
          <PermissionType>Allow</PermissionType>
        </Type>
        <Inherited>false</Inherited>
        <Applicability>
          <ToSelf>true</ToSelf>
          <ToDescendantObjects>false</ToDescendantObjects>
          <ToDescendantContainers>true</ToDescendantContainers>
          <ToDirectDescendantsOnly>false</ToDirectDescendantsOnly>
        </Applicability>
        <Standard>
          <GPOGroupedAccessEnum>Edit, delete, modify security</GPOGroupedAccessEnum>
        </Standard>
        <AccessMask>0</AccessMask>
      </TrusteePermissions>
    </Permissions>
    <AuditingPresent xmlns="http://www.microsoft.com/GroupPolicy/Types/Security">false</AuditingPresent>
  </SecurityDescriptor>
  <FilterDataAvailable>true</FilterDataAvailable>
  <Computer>
    <VersionDirectory>0</VersionDirectory>
    <VersionSysvol>0</VersionSysvol>
    <Enabled>false</Enabled>
  </Computer>
  <User>
    <VersionDirectory>29</VersionDirectory>
    <VersionSysvol>29</VersionSysvol>
    <Enabled>true</Enabled>
    <ExtensionData>
      <Extension xmlns:q1="http://www.microsoft.com/GroupPolicy/Settings/Registry" xsi:type="q1:RegistrySettings">
        <q1:Policy>
          <q1:Name>Allow Microsoft News content on the new tab page</q1:Name>
          <q1:State>Disabled</q1:State>
          <q1:Explain>If you enable or don't configure this policy, Microsoft Edge displays Microsoft News content on the new tab page. The user can choose different display options for the content, including but not limited to Content off, Content visible on scroll, Headings only, and Content visible. Enabling this policy doesn't force content to be visible - the user can continue to set their own preferred content position.

If you disable this policy, Microsoft Edge does not display Microsoft News content on the new tab page, the Content control in the NTP settings flyout is disabled and set to 'Content off'.

This policy only applies for Microsoft Edge local user profiles, profiles signed in using a Microsoft Account, and profiles signed in using Active Directory. To configure the Enterprise new tab page for profiles signed in using Azure Active Directory, use the M365 admin portal.

Related policies: 'NewTabPageAllowedBackgroundTypes' (Configure the background types allowed for the new tab page layout), 'NewTabPageQuickLinksEnabled' (Allow quick links on the new tab page)</q1:Explain>
          <q1:Supported>Microsoft Edge version 91, Windows 7 or later</q1:Supported>
          <q1:Category>Microsoft Edge/Startup, home page and new tab page</q1:Category>
        </q1:Policy>
        <q1:Policy>
          <q1:Name>Allow quick links on the new tab page</q1:Name>
          <q1:State>Disabled</q1:State>
          <q1:Explain>If you enable or don't configure this policy, Microsoft Edge displays quick links on the new tab page, and the user can interact with the control, turning quick links on and off. Enabling this policy does not force quick links to be visible - the user can continue to turn quick links on and off.

If you disable this policy, Microsoft Edge hides quick links on the new tab page and disables the quick links control in the NTP settings flyout.

This policy only applies for Microsoft Edge local user profiles, profiles signed in using a Microsoft Account, and profiles signed in using Active Directory. To configure the Enterprise new tab page for profiles signed in using Azure Active Directory, use the M365 admin portal.

Related policies: 'NewTabPageAllowedBackgroundTypes' (Configure the background types allowed for the new tab page layout), 'NewTabPageContentEnabled' (Allow Microsoft News content on the new tab page)</q1:Explain>
          <q1:Supported>Microsoft Edge version 91, Windows 7 or later</q1:Supported>
          <q1:Category>Microsoft Edge/Startup, home page and new tab page</q1:Category>
        </q1:Policy>
        <q1:Policy>
          <q1:Name>Configure the background types allowed for the new tab page layout</q1:Name>
          <q1:State>Enabled</q1:State>
          <q1:Explain>You can configure which types of background image that are allowed on the new tab page layout in Microsoft Edge.

If you don't configure this policy, all background image types on the new tab page are enabled.

Policy options mapping:

* DisableImageOfTheDay (1) = Disable daily background image type

* DisableCustomImage (2) = Disable custom background image type

* DisableAll (3) = Disable all background image types

Use the preceding information when configuring this policy.</q1:Explain>
          <q1:Supported>Microsoft Edge version 86, Windows 7 or later</q1:Supported>
          <q1:Category>Microsoft Edge/Startup, home page and new tab page</q1:Category>
          <q1:DropDownList>
            <q1:Name>New tab page experience</q1:Name>
            <q1:State>Enabled</q1:State>
            <q1:Value>
              <q1:Name>Disable all background image types</q1:Name>
            </q1:Value>
          </q1:DropDownList>
        </q1:Policy>
        <q1:Policy>
          <q1:Name>Hide App Launcher on Microsoft Edge new tab page</q1:Name>
          <q1:State>Enabled</q1:State>
          <q1:Explain>By default, the App Launcher is shown every time a user opens a new tab page.

If you enable or don't configure this policy, there is no change on the Microsoft Edge new tab page and App Launcher is there for users.

If you disable this policy, App Launcher doesn't appear and users won't be able to launch M365 apps from Microsoft Edge new tab page via the App Launcher.</q1:Explain>
          <q1:Supported>Microsoft Edge version 108, Windows 7 or later</q1:Supported>
          <q1:Category>Microsoft Edge/Startup, home page and new tab page</q1:Category>
        </q1:Policy>
        <q1:Policy>
          <q1:Name>Hide the default top sites from the new tab page</q1:Name>
          <q1:State>Enabled</q1:State>
          <q1:Explain>Hides the default top sites from the new tab page in Microsoft Edge.

If you set this policy to true, the default top site tiles are hidden.

If you set this policy to false or don't configure it, the default top site tiles remain visible.</q1:Explain>
          <q1:Supported>Microsoft Edge version 77, Windows 7 or later</q1:Supported>
          <q1:Category>Microsoft Edge/Startup, home page and new tab page</q1:Category>
        </q1:Policy>
        <q1:Blocked>false</q1:Blocked>
      </Extension>
      <Name>Registry</Name>
    </ExtensionData>
  </User>
  <LinksTo>
    <SOMName>Domain Controllers</SOMName>
    <SOMPath>domain.local/Domain Controllers</SOMPath>
    <Enabled>true</Enabled>
    <NoOverride>false</NoOverride>
  </LinksTo>
  <LinksTo>
    <SOMName>Computers</SOMName>
    <SOMPath>domain.local/Directory/Computers</SOMPath>
    <Enabled>true</Enabled>
    <NoOverride>false</NoOverride>
  </LinksTo>
</GPO>