﻿<?xml version="1.0" encoding="utf-16"?>
<GPO xmlns:xsd="http://www.w3.org/2001/XMLSchema" xmlns:xsi="http://www.w3.org/2001/XMLSchema-instance" xmlns="http://www.microsoft.com/GroupPolicy/Settings">
  <Identifier>
    <Identifier xmlns="http://www.microsoft.com/GroupPolicy/Types">{3d44599e-0ea8-4e9c-9255-bb0abf28ad81}</Identifier>
    <Domain xmlns="http://www.microsoft.com/GroupPolicy/Types">domain.local</Domain>
  </Identifier>
  <Name>Security - TLS Protocols - Clients</Name>
  <IncludeComments>true</IncludeComments>
  <CreatedTime>2021-05-17T00:47:38</CreatedTime>
  <ModifiedTime>2025-03-18T03:24:34</ModifiedTime>
  <ReadTime>2025-03-20T16:33:11.2616763Z</ReadTime>
  <SecurityDescriptor>
    <SDDL xmlns="http://www.microsoft.com/GroupPolicy/Types/Security">O:DAG:DAD:PAI(OA;CI;CR;edacfd8f-ffb3-11d1-b41d-00a0c968f939;;AU)(A;;CCDCLCSWRPWPDTLOSDRCWDWO;;;DA)(A;CI;CCDCLCSWRPWPDTLOSDRCWDWO;;;DA)(A;CI;CCDCLCSWRPWPDTLOSDRCWDWO;;;S-1-5-21-3051899438-3589783691-4031204720-519)(A;CI;LCRPLORC;;;ED)(A;CI;LCRPLORC;;;AU)(A;CI;CCDCLCSWRPWPDTLOSDRCWDWO;;;SY)(A;CIIO;CCDCLCSWRPWPDTLOSDRCWDWO;;;CO)S:AI(OU;CIIDSA;WPWD;;f30e3bc2-9ff0-11d1-b603-0000f80367c1;WD)(OU;CIIOIDSA;WP;f30e3bbe-9ff0-11d1-b603-0000f80367c1;bf967aa5-0de6-11d0-a285-00aa003049e2;WD)(OU;CIIOIDSA;WP;f30e3bbf-9ff0-11d1-b603-0000f80367c1;bf967aa5-0de6-11d0-a285-00aa003049e2;WD)</SDDL>
    <Owner xmlns="http://www.microsoft.com/GroupPolicy/Types/Security">
      <SID xmlns="http://www.microsoft.com/GroupPolicy/Types">S-1-5-21-3051899438-3589783691-4031204720-512</SID>
      <Name xmlns="http://www.microsoft.com/GroupPolicy/Types">NET\Domain Admins</Name>
    </Owner>
    <Group xmlns="http://www.microsoft.com/GroupPolicy/Types/Security">
      <SID xmlns="http://www.microsoft.com/GroupPolicy/Types">S-1-5-21-3051899438-3589783691-4031204720-512</SID>
      <Name xmlns="http://www.microsoft.com/GroupPolicy/Types">NET\Domain Admins</Name>
    </Group>
    <PermissionsPresent xmlns="http://www.microsoft.com/GroupPolicy/Types/Security">true</PermissionsPresent>
    <Permissions xmlns="http://www.microsoft.com/GroupPolicy/Types/Security">
      <InheritsFromParent>false</InheritsFromParent>
      <TrusteePermissions>
        <Trustee>
          <SID xmlns="http://www.microsoft.com/GroupPolicy/Types">S-1-5-21-3051899438-3589783691-4031204720-512</SID>
          <Name xmlns="http://www.microsoft.com/GroupPolicy/Types">NET\Domain Admins</Name>
        </Trustee>
        <Type xsi:type="PermissionType">
          <PermissionType>Allow</PermissionType>
        </Type>
        <Inherited>false</Inherited>
        <Applicability>
          <ToSelf>true</ToSelf>
          <ToDescendantObjects>false</ToDescendantObjects>
          <ToDescendantContainers>true</ToDescendantContainers>
          <ToDirectDescendantsOnly>false</ToDirectDescendantsOnly>
        </Applicability>
        <Standard>
          <GPOGroupedAccessEnum>Edit, delete, modify security</GPOGroupedAccessEnum>
        </Standard>
        <AccessMask>0</AccessMask>
      </TrusteePermissions>
      <TrusteePermissions>
        <Trustee>
          <SID xmlns="http://www.microsoft.com/GroupPolicy/Types">S-1-5-9</SID>
          <Name xmlns="http://www.microsoft.com/GroupPolicy/Types">NT AUTHORITY\ENTERPRISE DOMAIN CONTROLLERS</Name>
        </Trustee>
        <Type xsi:type="PermissionType">
          <PermissionType>Allow</PermissionType>
        </Type>
        <Inherited>false</Inherited>
        <Applicability>
          <ToSelf>true</ToSelf>
          <ToDescendantObjects>false</ToDescendantObjects>
          <ToDescendantContainers>true</ToDescendantContainers>
          <ToDirectDescendantsOnly>false</ToDirectDescendantsOnly>
        </Applicability>
        <Standard>
          <GPOGroupedAccessEnum>Read</GPOGroupedAccessEnum>
        </Standard>
        <AccessMask>0</AccessMask>
      </TrusteePermissions>
      <TrusteePermissions>
        <Trustee>
          <SID xmlns="http://www.microsoft.com/GroupPolicy/Types">S-1-5-18</SID>
          <Name xmlns="http://www.microsoft.com/GroupPolicy/Types">NT AUTHORITY\SYSTEM</Name>
        </Trustee>
        <Type xsi:type="PermissionType">
          <PermissionType>Allow</PermissionType>
        </Type>
        <Inherited>false</Inherited>
        <Applicability>
          <ToSelf>true</ToSelf>
          <ToDescendantObjects>false</ToDescendantObjects>
          <ToDescendantContainers>true</ToDescendantContainers>
          <ToDirectDescendantsOnly>false</ToDirectDescendantsOnly>
        </Applicability>
        <Standard>
          <GPOGroupedAccessEnum>Edit, delete, modify security</GPOGroupedAccessEnum>
        </Standard>
        <AccessMask>0</AccessMask>
      </TrusteePermissions>
      <TrusteePermissions>
        <Trustee>
          <SID xmlns="http://www.microsoft.com/GroupPolicy/Types">S-1-5-11</SID>
          <Name xmlns="http://www.microsoft.com/GroupPolicy/Types">NT AUTHORITY\Authenticated Users</Name>
        </Trustee>
        <Type xsi:type="PermissionType">
          <PermissionType>Allow</PermissionType>
        </Type>
        <Inherited>false</Inherited>
        <Applicability>
          <ToSelf>true</ToSelf>
          <ToDescendantObjects>false</ToDescendantObjects>
          <ToDescendantContainers>true</ToDescendantContainers>
          <ToDirectDescendantsOnly>false</ToDirectDescendantsOnly>
        </Applicability>
        <Standard>
          <GPOGroupedAccessEnum>Apply Group Policy</GPOGroupedAccessEnum>
        </Standard>
        <AccessMask>0</AccessMask>
      </TrusteePermissions>
      <TrusteePermissions>
        <Trustee>
          <SID xmlns="http://www.microsoft.com/GroupPolicy/Types">S-1-5-21-3051899438-3589783691-4031204720-519</SID>
          <Name xmlns="http://www.microsoft.com/GroupPolicy/Types">NET\Enterprise Admins</Name>
        </Trustee>
        <Type xsi:type="PermissionType">
          <PermissionType>Allow</PermissionType>
        </Type>
        <Inherited>false</Inherited>
        <Applicability>
          <ToSelf>true</ToSelf>
          <ToDescendantObjects>false</ToDescendantObjects>
          <ToDescendantContainers>true</ToDescendantContainers>
          <ToDirectDescendantsOnly>false</ToDirectDescendantsOnly>
        </Applicability>
        <Standard>
          <GPOGroupedAccessEnum>Edit, delete, modify security</GPOGroupedAccessEnum>
        </Standard>
        <AccessMask>0</AccessMask>
      </TrusteePermissions>
    </Permissions>
    <AuditingPresent xmlns="http://www.microsoft.com/GroupPolicy/Types/Security">false</AuditingPresent>
  </SecurityDescriptor>
  <FilterDataAvailable>true</FilterDataAvailable>
  <Computer>
    <VersionDirectory>85</VersionDirectory>
    <VersionSysvol>85</VersionSysvol>
    <Enabled>true</Enabled>
    <ExtensionData>
      <Extension xmlns:q1="http://www.microsoft.com/GroupPolicy/Settings/Windows/Registry" xsi:type="q1:RegistrySettings">
        <q1:RegistrySettings clsid="{A3CCFC41-DFDB-43a5-8D26-0FE8B954DA51}">
          <q1:Collection clsid="{53B533F5-224C-47e3-B01B-CA3B3F3FF4BF}" name="TLS 1.0">
            <q1:GPOSettingOrder>1</q1:GPOSettingOrder>
            <q1:Filters />
            <q1:Registry clsid="{9CD4B2F4-923D-47f5-A062-E897DD1DAD50}" name="DisabledByDefault" status="DisabledByDefault" image="12" changed="2021-05-17 00:48:57" uid="{5626D8AE-54CF-4928-ACDD-33614FA0C2DD}">
              <q1:GPOSettingOrder>1</q1:GPOSettingOrder>
              <q1:Properties action="U" displayDecimal="0" default="0" hive="HKEY_LOCAL_MACHINE" key="SYSTEM\CurrentControlSet\Control\SecurityProviders\SCHANNEL\Protocols\TLS 1.0\Client" name="DisabledByDefault" type="REG_DWORD" value="00000000">
                <q1:Values />
              </q1:Properties>
              <q1:Filters />
            </q1:Registry>
            <q1:Registry clsid="{9CD4B2F4-923D-47f5-A062-E897DD1DAD50}" name="Enabled" status="Enabled" image="12" changed="2021-05-17 00:48:50" uid="{9CD9F05A-26F1-4374-A7BC-8CE75758B685}">
              <q1:GPOSettingOrder>2</q1:GPOSettingOrder>
              <q1:Properties action="U" displayDecimal="0" default="0" hive="HKEY_LOCAL_MACHINE" key="SYSTEM\CurrentControlSet\Control\SecurityProviders\SCHANNEL\Protocols\TLS 1.0\Client" name="Enabled" type="REG_DWORD" value="00000001">
                <q1:Values />
              </q1:Properties>
              <q1:Filters />
            </q1:Registry>
            <q1:Registry clsid="{9CD4B2F4-923D-47f5-A062-E897DD1DAD50}" name="DisabledByDefault" status="DisabledByDefault" image="12" changed="2020-08-25 19:07:37" uid="{6F4BACEF-7041-4FC6-99D6-850F3E124ED6}">
              <q1:GPOSettingOrder>3</q1:GPOSettingOrder>
              <q1:Properties action="U" displayDecimal="0" default="0" hive="HKEY_LOCAL_MACHINE" key="SYSTEM\CurrentControlSet\Control\SecurityProviders\SCHANNEL\Protocols\TLS 1.0\Server" name="DisabledByDefault" type="REG_DWORD" value="00000001">
                <q1:Values />
              </q1:Properties>
              <q1:Filters />
            </q1:Registry>
            <q1:Registry clsid="{9CD4B2F4-923D-47f5-A062-E897DD1DAD50}" name="Enabled" status="Enabled" image="12" changed="2020-08-25 19:07:26" uid="{115FAB83-4EAB-4379-8CBA-13F630689EF2}">
              <q1:GPOSettingOrder>4</q1:GPOSettingOrder>
              <q1:Properties action="U" displayDecimal="0" default="0" hive="HKEY_LOCAL_MACHINE" key="SYSTEM\CurrentControlSet\Control\SecurityProviders\SCHANNEL\Protocols\TLS 1.0\Server" name="Enabled" type="REG_DWORD" value="00000000">
                <q1:Values />
              </q1:Properties>
              <q1:Filters />
            </q1:Registry>
          </q1:Collection>
          <q1:Collection clsid="{53B533F5-224C-47e3-B01B-CA3B3F3FF4BF}" name="TLS 1.1">
            <q1:GPOSettingOrder>2</q1:GPOSettingOrder>
            <q1:Filters />
            <q1:Registry clsid="{9CD4B2F4-923D-47f5-A062-E897DD1DAD50}" name="DisabledByDefault" status="DisabledByDefault" image="12" changed="2021-05-17 00:48:30" uid="{CC10FD84-344B-40D8-8CD2-699AC915A169}">
              <q1:GPOSettingOrder>1</q1:GPOSettingOrder>
              <q1:Properties action="U" displayDecimal="0" default="0" hive="HKEY_LOCAL_MACHINE" key="SYSTEM\CurrentControlSet\Control\SecurityProviders\SCHANNEL\Protocols\TLS 1.1\Client" name="DisabledByDefault" type="REG_DWORD" value="00000000">
                <q1:Values />
              </q1:Properties>
              <q1:Filters />
            </q1:Registry>
            <q1:Registry clsid="{9CD4B2F4-923D-47f5-A062-E897DD1DAD50}" name="Enabled" status="Enabled" image="12" changed="2021-05-17 00:48:23" uid="{7A80D788-02E5-4DCD-9DCE-757C7E083A05}">
              <q1:GPOSettingOrder>2</q1:GPOSettingOrder>
              <q1:Properties action="U" displayDecimal="0" default="0" hive="HKEY_LOCAL_MACHINE" key="SYSTEM\CurrentControlSet\Control\SecurityProviders\SCHANNEL\Protocols\TLS 1.1\Client" name="Enabled" type="REG_DWORD" value="00000001">
                <q1:Values />
              </q1:Properties>
              <q1:Filters />
            </q1:Registry>
            <q1:Registry clsid="{9CD4B2F4-923D-47f5-A062-E897DD1DAD50}" name="DisabledByDefault" status="DisabledByDefault" image="12" changed="2020-08-25 19:09:07" uid="{C49D75E4-BD18-48DF-AC8B-43C4602B9550}">
              <q1:GPOSettingOrder>3</q1:GPOSettingOrder>
              <q1:Properties action="U" displayDecimal="0" default="0" hive="HKEY_LOCAL_MACHINE" key="SYSTEM\CurrentControlSet\Control\SecurityProviders\SCHANNEL\Protocols\TLS 1.1\Server" name="DisabledByDefault" type="REG_DWORD" value="00000001">
                <q1:Values />
              </q1:Properties>
              <q1:Filters />
            </q1:Registry>
            <q1:Registry clsid="{9CD4B2F4-923D-47f5-A062-E897DD1DAD50}" name="Enabled" status="Enabled" image="12" changed="2020-08-25 19:09:14" uid="{2F712F44-F68B-4C4C-8A54-A36AD67E694C}">
              <q1:GPOSettingOrder>4</q1:GPOSettingOrder>
              <q1:Properties action="U" displayDecimal="0" default="0" hive="HKEY_LOCAL_MACHINE" key="SYSTEM\CurrentControlSet\Control\SecurityProviders\SCHANNEL\Protocols\TLS 1.1\Server" name="Enabled" type="REG_DWORD" value="00000000">
                <q1:Values />
              </q1:Properties>
              <q1:Filters />
            </q1:Registry>
          </q1:Collection>
          <q1:Collection clsid="{53B533F5-224C-47e3-B01B-CA3B3F3FF4BF}" name="TLS 1.2">
            <q1:GPOSettingOrder>3</q1:GPOSettingOrder>
            <q1:Filters />
            <q1:Registry clsid="{9CD4B2F4-923D-47f5-A062-E897DD1DAD50}" name="DisabledByDefault" status="DisabledByDefault" image="12" changed="2020-08-25 18:47:52" uid="{85EB01F1-9A36-4B4B-AF30-0B84F201AC61}">
              <q1:GPOSettingOrder>1</q1:GPOSettingOrder>
              <q1:Properties action="U" displayDecimal="0" default="0" hive="HKEY_LOCAL_MACHINE" key="SYSTEM\CurrentControlSet\Control\SecurityProviders\SCHANNEL\Protocols\TLS 1.2\Client" name="DisabledByDefault" type="REG_DWORD" value="00000000">
                <q1:Values />
              </q1:Properties>
              <q1:Filters />
            </q1:Registry>
            <q1:Registry clsid="{9CD4B2F4-923D-47f5-A062-E897DD1DAD50}" name="Enabled" status="Enabled" image="12" changed="2020-08-25 18:47:16" uid="{438342A3-235E-465B-8668-0C5AAB2E0C5B}">
              <q1:GPOSettingOrder>2</q1:GPOSettingOrder>
              <q1:Properties action="U" displayDecimal="0" default="0" hive="HKEY_LOCAL_MACHINE" key="SYSTEM\CurrentControlSet\Control\SecurityProviders\SCHANNEL\Protocols\TLS 1.2\Client" name="Enabled" type="REG_DWORD" value="00000001">
                <q1:Values />
              </q1:Properties>
              <q1:Filters />
            </q1:Registry>
            <q1:Registry clsid="{9CD4B2F4-923D-47f5-A062-E897DD1DAD50}" name="DisabledByDefault" status="DisabledByDefault" image="12" changed="2020-08-25 18:47:40" uid="{206FC03F-05B4-494A-AFA9-0EB443CD5F4A}">
              <q1:GPOSettingOrder>3</q1:GPOSettingOrder>
              <q1:Properties action="U" displayDecimal="0" default="0" hive="HKEY_LOCAL_MACHINE" key="SYSTEM\CurrentControlSet\Control\SecurityProviders\SCHANNEL\Protocols\TLS 1.2\Server" name="DisabledByDefault" type="REG_DWORD" value="00000000">
                <q1:Values />
              </q1:Properties>
              <q1:Filters />
            </q1:Registry>
            <q1:Registry clsid="{9CD4B2F4-923D-47f5-A062-E897DD1DAD50}" name="Enabled" status="Enabled" image="12" changed="2020-08-25 18:46:56" uid="{2AA42701-AB16-4290-8CEF-B0BCCE93B856}">
              <q1:GPOSettingOrder>4</q1:GPOSettingOrder>
              <q1:Properties action="U" displayDecimal="0" default="0" hive="HKEY_LOCAL_MACHINE" key="SYSTEM\CurrentControlSet\Control\SecurityProviders\SCHANNEL\Protocols\TLS 1.2\Server" name="Enabled" type="REG_DWORD" value="00000001">
                <q1:Values />
              </q1:Properties>
              <q1:Filters />
            </q1:Registry>
          </q1:Collection>
          <q1:Collection clsid="{53B533F5-224C-47e3-B01B-CA3B3F3FF4BF}" name="TLS 1.3">
            <q1:GPOSettingOrder>4</q1:GPOSettingOrder>
            <q1:Filters />
          </q1:Collection>
        </q1:RegistrySettings>
      </Extension>
      <Name>Windows Registry</Name>
    </ExtensionData>
  </Computer>
  <User>
    <VersionDirectory>1</VersionDirectory>
    <VersionSysvol>1</VersionSysvol>
    <Enabled>false</Enabled>
  </User>
  <LinksTo>
    <SOMName>Workstations</SOMName>
    <SOMPath>domain.local/Directory/Computers/Workstations</SOMPath>
    <Enabled>true</Enabled>
    <NoOverride>false</NoOverride>
  </LinksTo>
</GPO>