<BackupInst xmlns="http://www.microsoft.com/GroupPolicy/GPOOperations/Manifest"><GPOGuid><![CDATA[{61f80365-5dbf-474f-81dc-ecb72e018c7f}]]></GPOGuid><GPODomain><![CDATA[domain.local]]></GPODomain><GPODomainGuid><![CDATA[{04cef035-999e-42d2-a4b0-ec110bfb1fc2}]]></GPODomainGuid><GPODomainController><![CDATA[DC-1.domain.local]]></GPODomainController><BackupTime><![CDATA[2025-03-21T06:08:02]]></BackupTime><ID><![CDATA[{6C63568B-2672-412C-AF92-6B3A1D82C2E3}]]></ID><Comment><![CDATA[]]></Comment><GPODisplayName><![CDATA[Explorer - Remove Shutdown]]></GPODisplayName></BackupInst>
