<BackupInst xmlns="http://www.microsoft.com/GroupPolicy/GPOOperations/Manifest"><GPOGuid><![CDATA[{6aee3306-c7fd-49a1-a2a1-af15b58141b4}]]></GPOGuid><GPODomain><![CDATA[domain.local]]></GPODomain><GPODomainGuid><![CDATA[{04cef035-999e-42d2-a4b0-ec110bfb1fc2}]]></GPODomainGuid><GPODomainController><![CDATA[DC-1.domain.local]]></GPODomainController><BackupTime><![CDATA[2025-03-21T06:07:44]]></BackupTime><ID><![CDATA[{7146DF6C-840B-4085-9C6C-DED1F5D838BF}]]></ID><Comment><![CDATA[]]></Comment><GPODisplayName><![CDATA[Windows Update - 6AM Monday - Install]]></GPODisplayName></BackupInst>
