﻿<?xml version="1.0" encoding="utf-16"?>
<GPO xmlns:xsd="http://www.w3.org/2001/XMLSchema" xmlns:xsi="http://www.w3.org/2001/XMLSchema-instance" xmlns="http://www.microsoft.com/GroupPolicy/Settings">
  <Identifier>
    <Identifier xmlns="http://www.microsoft.com/GroupPolicy/Types">{adad0773-04be-4010-8645-ff9357ff1948}</Identifier>
    <Domain xmlns="http://www.microsoft.com/GroupPolicy/Types">domain.local</Domain>
  </Identifier>
  <Name>Windows Defender - PowerShell Transcripts</Name>
  <IncludeComments>true</IncludeComments>
  <CreatedTime>2025-03-17T17:06:09</CreatedTime>
  <ModifiedTime>2025-03-18T03:24:38</ModifiedTime>
  <ReadTime>2025-03-20T16:33:47.1930684Z</ReadTime>
  <SecurityDescriptor>
    <SDDL xmlns="http://www.microsoft.com/GroupPolicy/Types/Security">O:DAG:DAD:PAI(OA;CI;CR;edacfd8f-ffb3-11d1-b41d-00a0c968f939;;AU)(A;;CCDCLCSWRPWPDTLOSDRCWDWO;;;DA)(A;CI;CCDCLCSWRPWPDTLOSDRCWDWO;;;DA)(A;CI;CCDCLCSWRPWPDTLOSDRCWDWO;;;S-1-5-21-3051899438-3589783691-4031204720-519)(A;CI;LCRPLORC;;;ED)(A;CI;LCRPLORC;;;AU)(A;CI;CCDCLCSWRPWPDTLOSDRCWDWO;;;SY)(A;CIIO;CCDCLCSWRPWPDTLOSDRCWDWO;;;CO)S:AI(OU;CIIDSA;WPWD;;f30e3bc2-9ff0-11d1-b603-0000f80367c1;WD)(OU;CIIOIDSA;WP;f30e3bbe-9ff0-11d1-b603-0000f80367c1;bf967aa5-0de6-11d0-a285-00aa003049e2;WD)(OU;CIIOIDSA;WP;f30e3bbf-9ff0-11d1-b603-0000f80367c1;bf967aa5-0de6-11d0-a285-00aa003049e2;WD)</SDDL>
    <Owner xmlns="http://www.microsoft.com/GroupPolicy/Types/Security">
      <SID xmlns="http://www.microsoft.com/GroupPolicy/Types">S-1-5-21-3051899438-3589783691-4031204720-512</SID>
      <Name xmlns="http://www.microsoft.com/GroupPolicy/Types">NET\Domain Admins</Name>
    </Owner>
    <Group xmlns="http://www.microsoft.com/GroupPolicy/Types/Security">
      <SID xmlns="http://www.microsoft.com/GroupPolicy/Types">S-1-5-21-3051899438-3589783691-4031204720-512</SID>
      <Name xmlns="http://www.microsoft.com/GroupPolicy/Types">NET\Domain Admins</Name>
    </Group>
    <PermissionsPresent xmlns="http://www.microsoft.com/GroupPolicy/Types/Security">true</PermissionsPresent>
    <Permissions xmlns="http://www.microsoft.com/GroupPolicy/Types/Security">
      <InheritsFromParent>false</InheritsFromParent>
      <TrusteePermissions>
        <Trustee>
          <SID xmlns="http://www.microsoft.com/GroupPolicy/Types">S-1-5-21-3051899438-3589783691-4031204720-512</SID>
          <Name xmlns="http://www.microsoft.com/GroupPolicy/Types">NET\Domain Admins</Name>
        </Trustee>
        <Type xsi:type="PermissionType">
          <PermissionType>Allow</PermissionType>
        </Type>
        <Inherited>false</Inherited>
        <Applicability>
          <ToSelf>true</ToSelf>
          <ToDescendantObjects>false</ToDescendantObjects>
          <ToDescendantContainers>true</ToDescendantContainers>
          <ToDirectDescendantsOnly>false</ToDirectDescendantsOnly>
        </Applicability>
        <Standard>
          <GPOGroupedAccessEnum>Edit, delete, modify security</GPOGroupedAccessEnum>
        </Standard>
        <AccessMask>0</AccessMask>
      </TrusteePermissions>
      <TrusteePermissions>
        <Trustee>
          <SID xmlns="http://www.microsoft.com/GroupPolicy/Types">S-1-5-9</SID>
          <Name xmlns="http://www.microsoft.com/GroupPolicy/Types">NT AUTHORITY\ENTERPRISE DOMAIN CONTROLLERS</Name>
        </Trustee>
        <Type xsi:type="PermissionType">
          <PermissionType>Allow</PermissionType>
        </Type>
        <Inherited>false</Inherited>
        <Applicability>
          <ToSelf>true</ToSelf>
          <ToDescendantObjects>false</ToDescendantObjects>
          <ToDescendantContainers>true</ToDescendantContainers>
          <ToDirectDescendantsOnly>false</ToDirectDescendantsOnly>
        </Applicability>
        <Standard>
          <GPOGroupedAccessEnum>Read</GPOGroupedAccessEnum>
        </Standard>
        <AccessMask>0</AccessMask>
      </TrusteePermissions>
      <TrusteePermissions>
        <Trustee>
          <SID xmlns="http://www.microsoft.com/GroupPolicy/Types">S-1-5-18</SID>
          <Name xmlns="http://www.microsoft.com/GroupPolicy/Types">NT AUTHORITY\SYSTEM</Name>
        </Trustee>
        <Type xsi:type="PermissionType">
          <PermissionType>Allow</PermissionType>
        </Type>
        <Inherited>false</Inherited>
        <Applicability>
          <ToSelf>true</ToSelf>
          <ToDescendantObjects>false</ToDescendantObjects>
          <ToDescendantContainers>true</ToDescendantContainers>
          <ToDirectDescendantsOnly>false</ToDirectDescendantsOnly>
        </Applicability>
        <Standard>
          <GPOGroupedAccessEnum>Edit, delete, modify security</GPOGroupedAccessEnum>
        </Standard>
        <AccessMask>0</AccessMask>
      </TrusteePermissions>
      <TrusteePermissions>
        <Trustee>
          <SID xmlns="http://www.microsoft.com/GroupPolicy/Types">S-1-5-11</SID>
          <Name xmlns="http://www.microsoft.com/GroupPolicy/Types">NT AUTHORITY\Authenticated Users</Name>
        </Trustee>
        <Type xsi:type="PermissionType">
          <PermissionType>Allow</PermissionType>
        </Type>
        <Inherited>false</Inherited>
        <Applicability>
          <ToSelf>true</ToSelf>
          <ToDescendantObjects>false</ToDescendantObjects>
          <ToDescendantContainers>true</ToDescendantContainers>
          <ToDirectDescendantsOnly>false</ToDirectDescendantsOnly>
        </Applicability>
        <Standard>
          <GPOGroupedAccessEnum>Apply Group Policy</GPOGroupedAccessEnum>
        </Standard>
        <AccessMask>0</AccessMask>
      </TrusteePermissions>
      <TrusteePermissions>
        <Trustee>
          <SID xmlns="http://www.microsoft.com/GroupPolicy/Types">S-1-5-21-3051899438-3589783691-4031204720-519</SID>
          <Name xmlns="http://www.microsoft.com/GroupPolicy/Types">NET\Enterprise Admins</Name>
        </Trustee>
        <Type xsi:type="PermissionType">
          <PermissionType>Allow</PermissionType>
        </Type>
        <Inherited>false</Inherited>
        <Applicability>
          <ToSelf>true</ToSelf>
          <ToDescendantObjects>false</ToDescendantObjects>
          <ToDescendantContainers>true</ToDescendantContainers>
          <ToDirectDescendantsOnly>false</ToDirectDescendantsOnly>
        </Applicability>
        <Standard>
          <GPOGroupedAccessEnum>Edit, delete, modify security</GPOGroupedAccessEnum>
        </Standard>
        <AccessMask>0</AccessMask>
      </TrusteePermissions>
    </Permissions>
    <AuditingPresent xmlns="http://www.microsoft.com/GroupPolicy/Types/Security">false</AuditingPresent>
  </SecurityDescriptor>
  <FilterDataAvailable>true</FilterDataAvailable>
  <Computer>
    <VersionDirectory>1</VersionDirectory>
    <VersionSysvol>1</VersionSysvol>
    <Enabled>true</Enabled>
    <ExtensionData>
      <Extension xmlns:q1="http://www.microsoft.com/GroupPolicy/Settings/Registry" xsi:type="q1:RegistrySettings">
        <q1:Policy>
          <q1:Name>Path Exclusions</q1:Name>
          <q1:State>Enabled</q1:State>
          <q1:Explain>This policy setting allows you to disable scheduled and real-time scanning for files under the paths specified or for the fully qualified resources specified. Paths should be added under the Options for this setting. Each entry must be listed as a name value pair, where the name should be a string representation of a path or a fully qualified resource name. As an example, a path might be defined as: "c:\Windows" to exclude all files in this directory. A fully qualified resource name might be defined as: "C:\Windows\App.exe". The value is not used and it is recommended that this be set to 0.</q1:Explain>
          <q1:Supported>At least Windows Server 2012, Windows 8 or Windows RT</q1:Supported>
          <q1:Category>Windows Components/Microsoft Defender Antivirus/Exclusions</q1:Category>
          <q1:ListBox>
            <q1:Name>Path Exclusions</q1:Name>
            <q1:State>Enabled</q1:State>
            <q1:ExplicitValue>true</q1:ExplicitValue>
            <q1:Additive>true</q1:Additive>
            <q1:Value>
              <q1:Element>
                <q1:Name>C:\ProgramData\PowerShell_textoutput</q1:Name>
                <q1:Data>0</q1:Data>
              </q1:Element>
              <q1:Element>
                <q1:Name>C:\ProgramData\PowerShell_transcript</q1:Name>
                <q1:Data>0</q1:Data>
              </q1:Element>
            </q1:Value>
          </q1:ListBox>
        </q1:Policy>
        <q1:Blocked>false</q1:Blocked>
      </Extension>
      <Name>Registry</Name>
    </ExtensionData>
  </Computer>
  <User>
    <VersionDirectory>0</VersionDirectory>
    <VersionSysvol>0</VersionSysvol>
    <Enabled>false</Enabled>
  </User>
</GPO>