﻿<?xml version="1.0" encoding="utf-16"?>
<GPO xmlns:xsd="http://www.w3.org/2001/XMLSchema" xmlns:xsi="http://www.w3.org/2001/XMLSchema-instance" xmlns="http://www.microsoft.com/GroupPolicy/Settings">
  <Identifier>
    <Identifier xmlns="http://www.microsoft.com/GroupPolicy/Types">{3a62c4df-9dc2-417a-bcdb-6310704a433d}</Identifier>
    <Domain xmlns="http://www.microsoft.com/GroupPolicy/Types">domain.local</Domain>
  </Identifier>
  <Name>Group Policy - Diagnostics</Name>
  <IncludeComments>true</IncludeComments>
  <CreatedTime>2021-05-18T22:27:18</CreatedTime>
  <ModifiedTime>2025-03-18T03:24:34</ModifiedTime>
  <ReadTime>2025-03-20T16:33:12.6146992Z</ReadTime>
  <SecurityDescriptor>
    <SDDL xmlns="http://www.microsoft.com/GroupPolicy/Types/Security">O:DAG:DAD:PAI(OA;CI;CR;edacfd8f-ffb3-11d1-b41d-00a0c968f939;;AU)(A;;CCDCLCSWRPWPDTLOSDRCWDWO;;;DA)(A;CI;CCDCLCSWRPWPDTLOSDRCWDWO;;;DA)(A;CI;CCDCLCSWRPWPDTLOSDRCWDWO;;;S-1-5-21-3051899438-3589783691-4031204720-519)(A;CI;LCRPLORC;;;ED)(A;CI;LCRPLORC;;;AU)(A;CI;CCDCLCSWRPWPDTLOSDRCWDWO;;;SY)(A;CIIO;CCDCLCSWRPWPDTLOSDRCWDWO;;;CO)S:AI(OU;CIIDSA;WPWD;;f30e3bc2-9ff0-11d1-b603-0000f80367c1;WD)(OU;CIIOIDSA;WP;f30e3bbe-9ff0-11d1-b603-0000f80367c1;bf967aa5-0de6-11d0-a285-00aa003049e2;WD)(OU;CIIOIDSA;WP;f30e3bbf-9ff0-11d1-b603-0000f80367c1;bf967aa5-0de6-11d0-a285-00aa003049e2;WD)</SDDL>
    <Owner xmlns="http://www.microsoft.com/GroupPolicy/Types/Security">
      <SID xmlns="http://www.microsoft.com/GroupPolicy/Types">S-1-5-21-3051899438-3589783691-4031204720-512</SID>
      <Name xmlns="http://www.microsoft.com/GroupPolicy/Types">NET\Domain Admins</Name>
    </Owner>
    <Group xmlns="http://www.microsoft.com/GroupPolicy/Types/Security">
      <SID xmlns="http://www.microsoft.com/GroupPolicy/Types">S-1-5-21-3051899438-3589783691-4031204720-512</SID>
      <Name xmlns="http://www.microsoft.com/GroupPolicy/Types">NET\Domain Admins</Name>
    </Group>
    <PermissionsPresent xmlns="http://www.microsoft.com/GroupPolicy/Types/Security">true</PermissionsPresent>
    <Permissions xmlns="http://www.microsoft.com/GroupPolicy/Types/Security">
      <InheritsFromParent>false</InheritsFromParent>
      <TrusteePermissions>
        <Trustee>
          <SID xmlns="http://www.microsoft.com/GroupPolicy/Types">S-1-5-21-3051899438-3589783691-4031204720-512</SID>
          <Name xmlns="http://www.microsoft.com/GroupPolicy/Types">NET\Domain Admins</Name>
        </Trustee>
        <Type xsi:type="PermissionType">
          <PermissionType>Allow</PermissionType>
        </Type>
        <Inherited>false</Inherited>
        <Applicability>
          <ToSelf>true</ToSelf>
          <ToDescendantObjects>false</ToDescendantObjects>
          <ToDescendantContainers>true</ToDescendantContainers>
          <ToDirectDescendantsOnly>false</ToDirectDescendantsOnly>
        </Applicability>
        <Standard>
          <GPOGroupedAccessEnum>Edit, delete, modify security</GPOGroupedAccessEnum>
        </Standard>
        <AccessMask>0</AccessMask>
      </TrusteePermissions>
      <TrusteePermissions>
        <Trustee>
          <SID xmlns="http://www.microsoft.com/GroupPolicy/Types">S-1-5-9</SID>
          <Name xmlns="http://www.microsoft.com/GroupPolicy/Types">NT AUTHORITY\ENTERPRISE DOMAIN CONTROLLERS</Name>
        </Trustee>
        <Type xsi:type="PermissionType">
          <PermissionType>Allow</PermissionType>
        </Type>
        <Inherited>false</Inherited>
        <Applicability>
          <ToSelf>true</ToSelf>
          <ToDescendantObjects>false</ToDescendantObjects>
          <ToDescendantContainers>true</ToDescendantContainers>
          <ToDirectDescendantsOnly>false</ToDirectDescendantsOnly>
        </Applicability>
        <Standard>
          <GPOGroupedAccessEnum>Read</GPOGroupedAccessEnum>
        </Standard>
        <AccessMask>0</AccessMask>
      </TrusteePermissions>
      <TrusteePermissions>
        <Trustee>
          <SID xmlns="http://www.microsoft.com/GroupPolicy/Types">S-1-5-18</SID>
          <Name xmlns="http://www.microsoft.com/GroupPolicy/Types">NT AUTHORITY\SYSTEM</Name>
        </Trustee>
        <Type xsi:type="PermissionType">
          <PermissionType>Allow</PermissionType>
        </Type>
        <Inherited>false</Inherited>
        <Applicability>
          <ToSelf>true</ToSelf>
          <ToDescendantObjects>false</ToDescendantObjects>
          <ToDescendantContainers>true</ToDescendantContainers>
          <ToDirectDescendantsOnly>false</ToDirectDescendantsOnly>
        </Applicability>
        <Standard>
          <GPOGroupedAccessEnum>Edit, delete, modify security</GPOGroupedAccessEnum>
        </Standard>
        <AccessMask>0</AccessMask>
      </TrusteePermissions>
      <TrusteePermissions>
        <Trustee>
          <SID xmlns="http://www.microsoft.com/GroupPolicy/Types">S-1-5-11</SID>
          <Name xmlns="http://www.microsoft.com/GroupPolicy/Types">NT AUTHORITY\Authenticated Users</Name>
        </Trustee>
        <Type xsi:type="PermissionType">
          <PermissionType>Allow</PermissionType>
        </Type>
        <Inherited>false</Inherited>
        <Applicability>
          <ToSelf>true</ToSelf>
          <ToDescendantObjects>false</ToDescendantObjects>
          <ToDescendantContainers>true</ToDescendantContainers>
          <ToDirectDescendantsOnly>false</ToDirectDescendantsOnly>
        </Applicability>
        <Standard>
          <GPOGroupedAccessEnum>Apply Group Policy</GPOGroupedAccessEnum>
        </Standard>
        <AccessMask>0</AccessMask>
      </TrusteePermissions>
      <TrusteePermissions>
        <Trustee>
          <SID xmlns="http://www.microsoft.com/GroupPolicy/Types">S-1-5-21-3051899438-3589783691-4031204720-519</SID>
          <Name xmlns="http://www.microsoft.com/GroupPolicy/Types">NET\Enterprise Admins</Name>
        </Trustee>
        <Type xsi:type="PermissionType">
          <PermissionType>Allow</PermissionType>
        </Type>
        <Inherited>false</Inherited>
        <Applicability>
          <ToSelf>true</ToSelf>
          <ToDescendantObjects>false</ToDescendantObjects>
          <ToDescendantContainers>true</ToDescendantContainers>
          <ToDirectDescendantsOnly>false</ToDirectDescendantsOnly>
        </Applicability>
        <Standard>
          <GPOGroupedAccessEnum>Edit, delete, modify security</GPOGroupedAccessEnum>
        </Standard>
        <AccessMask>0</AccessMask>
      </TrusteePermissions>
    </Permissions>
    <AuditingPresent xmlns="http://www.microsoft.com/GroupPolicy/Types/Security">false</AuditingPresent>
  </SecurityDescriptor>
  <FilterDataAvailable>true</FilterDataAvailable>
  <Computer>
    <VersionDirectory>16</VersionDirectory>
    <VersionSysvol>16</VersionSysvol>
    <Enabled>true</Enabled>
    <ExtensionData>
      <Extension xmlns:q1="http://www.microsoft.com/GroupPolicy/Settings/Folders" xsi:type="q1:FoldersSettings">
        <q1:Folders clsid="{77CC39E7-3D16-4f8f-AF86-EC0BBEE2C861}">
          <q1:Folder clsid="{07DA02F5-F9CD-4397-A550-4AE21B6B4BD3}" name="usermode" status="usermode" image="0" changed="2021-05-18 22:31:45" uid="{30D98440-271A-4AA0-8888-820153A6C878}" bypassErrors="1">
            <q1:GPOSettingOrder>1</q1:GPOSettingOrder>
            <q1:Properties action="C" path="%windir%\debug\usermode" readOnly="0" archive="1" hidden="0" />
            <q1:Filters />
          </q1:Folder>
        </q1:Folders>
      </Extension>
      <Name>Folders</Name>
    </ExtensionData>
    <ExtensionData>
      <Extension xmlns:q2="http://www.microsoft.com/GroupPolicy/Settings/Windows/Registry" xsi:type="q2:RegistrySettings">
        <q2:RegistrySettings clsid="{A3CCFC41-DFDB-43a5-8D26-0FE8B954DA51}">
          <q2:Registry clsid="{9CD4B2F4-923D-47f5-A062-E897DD1DAD50}" name="GPSvcDebugLevel" status="GPSvcDebugLevel" image="11" changed="2024-09-04 13:35:52" uid="{75689DEA-B0CA-4FBD-9175-BB7BB5A8059A}" removePolicy="1" bypassErrors="1">
            <q2:GPOSettingOrder>1</q2:GPOSettingOrder>
            <q2:Properties action="R" displayDecimal="0" default="0" hive="HKEY_LOCAL_MACHINE" key="SOFTWARE\Microsoft\Windows NT\CurrentVersion\Diagnostics" name="GPSvcDebugLevel" type="REG_DWORD" value="00030002">
              <q2:Values />
            </q2:Properties>
            <q2:Filters />
          </q2:Registry>
        </q2:RegistrySettings>
      </Extension>
      <Name>Windows Registry</Name>
    </ExtensionData>
  </Computer>
  <User>
    <VersionDirectory>0</VersionDirectory>
    <VersionSysvol>0</VersionSysvol>
    <Enabled>false</Enabled>
  </User>
  <LinksTo>
    <SOMName>Computers</SOMName>
    <SOMPath>domain.local/Directory/Computers</SOMPath>
    <Enabled>true</Enabled>
    <NoOverride>false</NoOverride>
  </LinksTo>
</GPO>