<BackupInst xmlns="http://www.microsoft.com/GroupPolicy/GPOOperations/Manifest"><GPOGuid><![CDATA[{8686bbff-7466-4f9d-972c-baf942b361ce}]]></GPOGuid><GPODomain><![CDATA[domain.local]]></GPODomain><GPODomainGuid><![CDATA[{04cef035-999e-42d2-a4b0-ec110bfb1fc2}]]></GPODomainGuid><GPODomainController><![CDATA[DC-1.domain.local]]></GPODomainController><BackupTime><![CDATA[2025-03-21T06:08:09]]></BackupTime><ID><![CDATA[{77A62492-5FA0-42DF-9E48-93A6F26FE40D}]]></ID><Comment><![CDATA[]]></Comment><GPODisplayName><![CDATA[MSFT Windows Server 2022 - Defender Antivirus]]></GPODisplayName></BackupInst>
