<BackupInst xmlns="http://www.microsoft.com/GroupPolicy/GPOOperations/Manifest"><GPOGuid><![CDATA[{aaaed136-5662-44cf-9b97-9f0464f6295c}]]></GPOGuid><GPODomain><![CDATA[domain.local]]></GPODomain><GPODomainGuid><![CDATA[{04cef035-999e-42d2-a4b0-ec110bfb1fc2}]]></GPODomainGuid><GPODomainController><![CDATA[DC-1.domain.local]]></GPODomainController><BackupTime><![CDATA[2025-03-21T06:07:47]]></BackupTime><ID><![CDATA[{79D0F272-A701-4A8E-A925-7759FDA1FB0D}]]></ID><Comment><![CDATA[]]></Comment><GPODisplayName><![CDATA[Windows - Fix NumLock State]]></GPODisplayName></BackupInst>
