﻿<?xml version="1.0" encoding="utf-16"?>
<GPO xmlns:xsd="http://www.w3.org/2001/XMLSchema" xmlns:xsi="http://www.w3.org/2001/XMLSchema-instance" xmlns="http://www.microsoft.com/GroupPolicy/Settings">
  <Identifier>
    <Identifier xmlns="http://www.microsoft.com/GroupPolicy/Types">{9dbf0513-4a96-4b69-b785-ccb00f4d098c}</Identifier>
    <Domain xmlns="http://www.microsoft.com/GroupPolicy/Types">domain.local</Domain>
  </Identifier>
  <Name>OneDrive - Enable Ignore List</Name>
  <IncludeComments>true</IncludeComments>
  <CreatedTime>2023-04-18T16:26:17</CreatedTime>
  <ModifiedTime>2025-03-18T03:24:36</ModifiedTime>
  <ReadTime>2025-03-20T16:33:33.2599297Z</ReadTime>
  <SecurityDescriptor>
    <SDDL xmlns="http://www.microsoft.com/GroupPolicy/Types/Security">O:DAG:DAD:PAI(OA;CI;CR;edacfd8f-ffb3-11d1-b41d-00a0c968f939;;AU)(A;;CCDCLCSWRPWPDTLOSDRCWDWO;;;DA)(A;CI;CCDCLCSWRPWPDTLOSDRCWDWO;;;DA)(A;CI;CCDCLCSWRPWPDTLOSDRCWDWO;;;S-1-5-21-3051899438-3589783691-4031204720-519)(A;CI;LCRPLORC;;;ED)(A;CI;LCRPLORC;;;AU)(A;CI;CCDCLCSWRPWPDTLOSDRCWDWO;;;SY)(A;CIIO;CCDCLCSWRPWPDTLOSDRCWDWO;;;CO)S:AI(OU;CIIDSA;WPWD;;f30e3bc2-9ff0-11d1-b603-0000f80367c1;WD)(OU;CIIOIDSA;WP;f30e3bbe-9ff0-11d1-b603-0000f80367c1;bf967aa5-0de6-11d0-a285-00aa003049e2;WD)(OU;CIIOIDSA;WP;f30e3bbf-9ff0-11d1-b603-0000f80367c1;bf967aa5-0de6-11d0-a285-00aa003049e2;WD)</SDDL>
    <Owner xmlns="http://www.microsoft.com/GroupPolicy/Types/Security">
      <SID xmlns="http://www.microsoft.com/GroupPolicy/Types">S-1-5-21-3051899438-3589783691-4031204720-512</SID>
      <Name xmlns="http://www.microsoft.com/GroupPolicy/Types">NET\Domain Admins</Name>
    </Owner>
    <Group xmlns="http://www.microsoft.com/GroupPolicy/Types/Security">
      <SID xmlns="http://www.microsoft.com/GroupPolicy/Types">S-1-5-21-3051899438-3589783691-4031204720-512</SID>
      <Name xmlns="http://www.microsoft.com/GroupPolicy/Types">NET\Domain Admins</Name>
    </Group>
    <PermissionsPresent xmlns="http://www.microsoft.com/GroupPolicy/Types/Security">true</PermissionsPresent>
    <Permissions xmlns="http://www.microsoft.com/GroupPolicy/Types/Security">
      <InheritsFromParent>false</InheritsFromParent>
      <TrusteePermissions>
        <Trustee>
          <SID xmlns="http://www.microsoft.com/GroupPolicy/Types">S-1-5-21-3051899438-3589783691-4031204720-512</SID>
          <Name xmlns="http://www.microsoft.com/GroupPolicy/Types">NET\Domain Admins</Name>
        </Trustee>
        <Type xsi:type="PermissionType">
          <PermissionType>Allow</PermissionType>
        </Type>
        <Inherited>false</Inherited>
        <Applicability>
          <ToSelf>true</ToSelf>
          <ToDescendantObjects>false</ToDescendantObjects>
          <ToDescendantContainers>true</ToDescendantContainers>
          <ToDirectDescendantsOnly>false</ToDirectDescendantsOnly>
        </Applicability>
        <Standard>
          <GPOGroupedAccessEnum>Edit, delete, modify security</GPOGroupedAccessEnum>
        </Standard>
        <AccessMask>0</AccessMask>
      </TrusteePermissions>
      <TrusteePermissions>
        <Trustee>
          <SID xmlns="http://www.microsoft.com/GroupPolicy/Types">S-1-5-9</SID>
          <Name xmlns="http://www.microsoft.com/GroupPolicy/Types">NT AUTHORITY\ENTERPRISE DOMAIN CONTROLLERS</Name>
        </Trustee>
        <Type xsi:type="PermissionType">
          <PermissionType>Allow</PermissionType>
        </Type>
        <Inherited>false</Inherited>
        <Applicability>
          <ToSelf>true</ToSelf>
          <ToDescendantObjects>false</ToDescendantObjects>
          <ToDescendantContainers>true</ToDescendantContainers>
          <ToDirectDescendantsOnly>false</ToDirectDescendantsOnly>
        </Applicability>
        <Standard>
          <GPOGroupedAccessEnum>Read</GPOGroupedAccessEnum>
        </Standard>
        <AccessMask>0</AccessMask>
      </TrusteePermissions>
      <TrusteePermissions>
        <Trustee>
          <SID xmlns="http://www.microsoft.com/GroupPolicy/Types">S-1-5-18</SID>
          <Name xmlns="http://www.microsoft.com/GroupPolicy/Types">NT AUTHORITY\SYSTEM</Name>
        </Trustee>
        <Type xsi:type="PermissionType">
          <PermissionType>Allow</PermissionType>
        </Type>
        <Inherited>false</Inherited>
        <Applicability>
          <ToSelf>true</ToSelf>
          <ToDescendantObjects>false</ToDescendantObjects>
          <ToDescendantContainers>true</ToDescendantContainers>
          <ToDirectDescendantsOnly>false</ToDirectDescendantsOnly>
        </Applicability>
        <Standard>
          <GPOGroupedAccessEnum>Edit, delete, modify security</GPOGroupedAccessEnum>
        </Standard>
        <AccessMask>0</AccessMask>
      </TrusteePermissions>
      <TrusteePermissions>
        <Trustee>
          <SID xmlns="http://www.microsoft.com/GroupPolicy/Types">S-1-5-11</SID>
          <Name xmlns="http://www.microsoft.com/GroupPolicy/Types">NT AUTHORITY\Authenticated Users</Name>
        </Trustee>
        <Type xsi:type="PermissionType">
          <PermissionType>Allow</PermissionType>
        </Type>
        <Inherited>false</Inherited>
        <Applicability>
          <ToSelf>true</ToSelf>
          <ToDescendantObjects>false</ToDescendantObjects>
          <ToDescendantContainers>true</ToDescendantContainers>
          <ToDirectDescendantsOnly>false</ToDirectDescendantsOnly>
        </Applicability>
        <Standard>
          <GPOGroupedAccessEnum>Apply Group Policy</GPOGroupedAccessEnum>
        </Standard>
        <AccessMask>0</AccessMask>
      </TrusteePermissions>
      <TrusteePermissions>
        <Trustee>
          <SID xmlns="http://www.microsoft.com/GroupPolicy/Types">S-1-5-21-3051899438-3589783691-4031204720-519</SID>
          <Name xmlns="http://www.microsoft.com/GroupPolicy/Types">NET\Enterprise Admins</Name>
        </Trustee>
        <Type xsi:type="PermissionType">
          <PermissionType>Allow</PermissionType>
        </Type>
        <Inherited>false</Inherited>
        <Applicability>
          <ToSelf>true</ToSelf>
          <ToDescendantObjects>false</ToDescendantObjects>
          <ToDescendantContainers>true</ToDescendantContainers>
          <ToDirectDescendantsOnly>false</ToDirectDescendantsOnly>
        </Applicability>
        <Standard>
          <GPOGroupedAccessEnum>Edit, delete, modify security</GPOGroupedAccessEnum>
        </Standard>
        <AccessMask>0</AccessMask>
      </TrusteePermissions>
    </Permissions>
    <AuditingPresent xmlns="http://www.microsoft.com/GroupPolicy/Types/Security">false</AuditingPresent>
  </SecurityDescriptor>
  <FilterDataAvailable>true</FilterDataAvailable>
  <Computer>
    <VersionDirectory>31</VersionDirectory>
    <VersionSysvol>31</VersionSysvol>
    <Enabled>true</Enabled>
    <ExtensionData>
      <Extension xmlns:q1="http://www.microsoft.com/GroupPolicy/Settings/Windows/Registry" xsi:type="q1:RegistrySettings">
        <q1:RegistrySettings clsid="{A3CCFC41-DFDB-43a5-8D26-0FE8B954DA51}">
          <q1:Registry clsid="{9CD4B2F4-923D-47f5-A062-E897DD1DAD50}" name=".git" status=".git" image="6" changed="2024-08-01 16:06:34" uid="{0F56AC91-D98F-4C09-8D5F-FC6D6F3BC619}" removePolicy="1" bypassErrors="1">
            <q1:GPOSettingOrder>1</q1:GPOSettingOrder>
            <q1:Properties action="R" displayDecimal="1" default="0" hive="HKEY_LOCAL_MACHINE" key="SOFTWARE\Policies\Microsoft\OneDrive\EnableODIgnoreFolderListFromGPO" name=".git" type="REG_SZ" value=".git">
              <q1:Values />
            </q1:Properties>
            <q1:Filters />
          </q1:Registry>
        </q1:RegistrySettings>
      </Extension>
      <Name>Windows Registry</Name>
    </ExtensionData>
    <ExtensionData>
      <Extension xmlns:q2="http://www.microsoft.com/GroupPolicy/Settings/Registry" xsi:type="q2:RegistrySettings">
        <q2:Policy>
          <q2:Name>Exclude specific kinds of files from being uploaded</q2:Name>
          <q2:State>Enabled</q2:State>
          <q2:Explain>This setting lets you enter keywords to prevent the OneDrive sync app (OneDrive.exe) from uploading certain files to OneDrive or SharePoint. You can enter complete names, such as "setup.exe" or use the asterisk (*) as a wildcard character to represent a series of characters.

If you enable this setting, the sync app doesn't upload new files that match the keywords you specified. No errors appear for the skipped files, and the files remain in the local OneDrive folder. The OneDrive sync app must be restarted after this setting is enabled for the setting to take effect.

If you disable or do not configure this setting, the sync app uploads all supported files in all synced folders.</q2:Explain>
          <q2:Supported>At least Windows Server 2008 R2 or Windows 7</q2:Supported>
          <q2:Category>OneDrive</q2:Category>
          <q2:Text>
            <q2:Name>To specify keywords, select "Show," and then enter the keywords in the Value field.</q2:Name>
          </q2:Text>
          <q2:Text>
            <q2:Name>For example, enter "*.pst" to block all files with the .pst extension. Enter "expense*" to block files that have names beginning with "expense". Enter "*sales*" to block all files that have "sales" in their name. Keywords aren't case sensitive. For example, if you enter "icons.JPEG," it will also block "icons.jpeg." </q2:Name>
          </q2:Text>
          <q2:Text>
            <q2:Name> </q2:Name>
          </q2:Text>
          <q2:ListBox>
            <q2:Name>Keywords: </q2:Name>
            <q2:State>Enabled</q2:State>
            <q2:ExplicitValue>false</q2:ExplicitValue>
            <q2:Additive>true</q2:Additive>
            <q2:Value>
              <q2:Element>
                <q2:Data>*.crdownload</q2:Data>
              </q2:Element>
              <q2:Element>
                <q2:Data>*.vsidx</q2:Data>
              </q2:Element>
            </q2:Value>
          </q2:ListBox>
        </q2:Policy>
        <q2:Policy>
          <q2:Name>Hide the "Deleted files are removed everywhere" reminder</q2:Name>
          <q2:State>Enabled</q2:State>
          <q2:Explain>When a user deletes local files from a synced location, a warning message appears that the files will no longer be available across all the user's devices and on the web. This setting lets you hide the warning message.

If you enable this setting, users won't see the "Deleted files are removed everywhere" reminder when they delete files locally.

If you disable or do not configure this setting, the reminder will appear until users select "Don't show this reminder again."</q2:Explain>
          <q2:Supported>At least Windows Server 2008 R2 or Windows 7</q2:Supported>
          <q2:Category>OneDrive</q2:Category>
        </q2:Policy>
        <q2:Policy>
          <q2:Name>Set the sync app update ring</q2:Name>
          <q2:State>Enabled</q2:State>
          <q2:Explain>Updates to the OneDrive sync app (OneDrive.exe) are released to the public through three rings-first to Insiders, then Production, and finally Deferred. This setting lets you specify the sync app version for users in your organization. When you enable this setting and select a ring, users won't be able to change it.

Insiders ring users will receive builds that let them preview new features coming to OneDrive.

Production ring users will get the latest features as they become available.

Deferred ring users get new features, bug fixes, and performance improvements last. This ring lets you deploy updates from an internal network location and control the timing of the deployment (within a 60-day window).

If you disable or do not configure this setting, users will get OneDrive sync app updates when they become available in the Production ring. Users can join the Office or Windows Insiders programs to get updates on the Insiders ring.</q2:Explain>
          <q2:Supported>At least Windows Server 2008 R2 or Windows 7</q2:Supported>
          <q2:Category>OneDrive</q2:Category>
          <q2:DropDownList>
            <q2:Name>Update ring:</q2:Name>
            <q2:State>Enabled</q2:State>
            <q2:Value>
              <q2:Name>Insiders</q2:Name>
            </q2:Value>
          </q2:DropDownList>
        </q2:Policy>
        <q2:Blocked>false</q2:Blocked>
      </Extension>
      <Name>Registry</Name>
    </ExtensionData>
  </Computer>
  <User>
    <VersionDirectory>0</VersionDirectory>
    <VersionSysvol>0</VersionSysvol>
    <Enabled>false</Enabled>
  </User>
  <LinksTo>
    <SOMName>Computers</SOMName>
    <SOMPath>domain.local/Directory/Computers</SOMPath>
    <Enabled>true</Enabled>
    <NoOverride>false</NoOverride>
  </LinksTo>
</GPO>