<BackupInst xmlns="http://www.microsoft.com/GroupPolicy/GPOOperations/Manifest"><GPOGuid><![CDATA[{660eb9ab-7eb8-4d7a-97d5-c21f8f67fbae}]]></GPOGuid><GPODomain><![CDATA[domain.local]]></GPODomain><GPODomainGuid><![CDATA[{04cef035-999e-42d2-a4b0-ec110bfb1fc2}]]></GPODomainGuid><GPODomainController><![CDATA[DC-1.domain.local]]></GPODomainController><BackupTime><![CDATA[2025-03-21T04:26:52]]></BackupTime><ID><![CDATA[{7F514AE0-BEDE-493F-8F10-0A1B6C20CF98}]]></ID><Comment><![CDATA[]]></Comment><GPODisplayName><![CDATA[Security - TLS Software]]></GPODisplayName></BackupInst>
