﻿<?xml version="1.0" encoding="utf-16"?>
<GPO xmlns:xsd="http://www.w3.org/2001/XMLSchema" xmlns:xsi="http://www.w3.org/2001/XMLSchema-instance" xmlns="http://www.microsoft.com/GroupPolicy/Settings">
  <Identifier>
    <Identifier xmlns="http://www.microsoft.com/GroupPolicy/Types">{867ea7fb-9997-448d-87c1-f7478bbdc29c}</Identifier>
    <Domain xmlns="http://www.microsoft.com/GroupPolicy/Types">domain.local</Domain>
  </Identifier>
  <Name>Explorer - Taskbar</Name>
  <IncludeComments>true</IncludeComments>
  <CreatedTime>2025-03-12T14:50:15</CreatedTime>
  <ModifiedTime>2025-03-18T03:24:38</ModifiedTime>
  <ReadTime>2025-03-20T16:33:46.3830615Z</ReadTime>
  <SecurityDescriptor>
    <SDDL xmlns="http://www.microsoft.com/GroupPolicy/Types/Security">O:DAG:DAD:PAI(OA;CI;CR;edacfd8f-ffb3-11d1-b41d-00a0c968f939;;AU)(A;;CCDCLCSWRPWPDTLOSDRCWDWO;;;DA)(A;CI;CCDCLCSWRPWPDTLOSDRCWDWO;;;DA)(A;CI;CCDCLCSWRPWPDTLOSDRCWDWO;;;S-1-5-21-3051899438-3589783691-4031204720-519)(A;CI;LCRPLORC;;;ED)(A;CI;LCRPLORC;;;AU)(A;CI;CCDCLCSWRPWPDTLOSDRCWDWO;;;SY)(A;CIIO;CCDCLCSWRPWPDTLOSDRCWDWO;;;CO)S:AI(OU;CIIDSA;WPWD;;f30e3bc2-9ff0-11d1-b603-0000f80367c1;WD)(OU;CIIOIDSA;WP;f30e3bbe-9ff0-11d1-b603-0000f80367c1;bf967aa5-0de6-11d0-a285-00aa003049e2;WD)(OU;CIIOIDSA;WP;f30e3bbf-9ff0-11d1-b603-0000f80367c1;bf967aa5-0de6-11d0-a285-00aa003049e2;WD)</SDDL>
    <Owner xmlns="http://www.microsoft.com/GroupPolicy/Types/Security">
      <SID xmlns="http://www.microsoft.com/GroupPolicy/Types">S-1-5-21-3051899438-3589783691-4031204720-512</SID>
      <Name xmlns="http://www.microsoft.com/GroupPolicy/Types">NET\Domain Admins</Name>
    </Owner>
    <Group xmlns="http://www.microsoft.com/GroupPolicy/Types/Security">
      <SID xmlns="http://www.microsoft.com/GroupPolicy/Types">S-1-5-21-3051899438-3589783691-4031204720-512</SID>
      <Name xmlns="http://www.microsoft.com/GroupPolicy/Types">NET\Domain Admins</Name>
    </Group>
    <PermissionsPresent xmlns="http://www.microsoft.com/GroupPolicy/Types/Security">true</PermissionsPresent>
    <Permissions xmlns="http://www.microsoft.com/GroupPolicy/Types/Security">
      <InheritsFromParent>false</InheritsFromParent>
      <TrusteePermissions>
        <Trustee>
          <SID xmlns="http://www.microsoft.com/GroupPolicy/Types">S-1-5-21-3051899438-3589783691-4031204720-512</SID>
          <Name xmlns="http://www.microsoft.com/GroupPolicy/Types">NET\Domain Admins</Name>
        </Trustee>
        <Type xsi:type="PermissionType">
          <PermissionType>Allow</PermissionType>
        </Type>
        <Inherited>false</Inherited>
        <Applicability>
          <ToSelf>true</ToSelf>
          <ToDescendantObjects>false</ToDescendantObjects>
          <ToDescendantContainers>true</ToDescendantContainers>
          <ToDirectDescendantsOnly>false</ToDirectDescendantsOnly>
        </Applicability>
        <Standard>
          <GPOGroupedAccessEnum>Edit, delete, modify security</GPOGroupedAccessEnum>
        </Standard>
        <AccessMask>0</AccessMask>
      </TrusteePermissions>
      <TrusteePermissions>
        <Trustee>
          <SID xmlns="http://www.microsoft.com/GroupPolicy/Types">S-1-5-9</SID>
          <Name xmlns="http://www.microsoft.com/GroupPolicy/Types">NT AUTHORITY\ENTERPRISE DOMAIN CONTROLLERS</Name>
        </Trustee>
        <Type xsi:type="PermissionType">
          <PermissionType>Allow</PermissionType>
        </Type>
        <Inherited>false</Inherited>
        <Applicability>
          <ToSelf>true</ToSelf>
          <ToDescendantObjects>false</ToDescendantObjects>
          <ToDescendantContainers>true</ToDescendantContainers>
          <ToDirectDescendantsOnly>false</ToDirectDescendantsOnly>
        </Applicability>
        <Standard>
          <GPOGroupedAccessEnum>Read</GPOGroupedAccessEnum>
        </Standard>
        <AccessMask>0</AccessMask>
      </TrusteePermissions>
      <TrusteePermissions>
        <Trustee>
          <SID xmlns="http://www.microsoft.com/GroupPolicy/Types">S-1-5-18</SID>
          <Name xmlns="http://www.microsoft.com/GroupPolicy/Types">NT AUTHORITY\SYSTEM</Name>
        </Trustee>
        <Type xsi:type="PermissionType">
          <PermissionType>Allow</PermissionType>
        </Type>
        <Inherited>false</Inherited>
        <Applicability>
          <ToSelf>true</ToSelf>
          <ToDescendantObjects>false</ToDescendantObjects>
          <ToDescendantContainers>true</ToDescendantContainers>
          <ToDirectDescendantsOnly>false</ToDirectDescendantsOnly>
        </Applicability>
        <Standard>
          <GPOGroupedAccessEnum>Edit, delete, modify security</GPOGroupedAccessEnum>
        </Standard>
        <AccessMask>0</AccessMask>
      </TrusteePermissions>
      <TrusteePermissions>
        <Trustee>
          <SID xmlns="http://www.microsoft.com/GroupPolicy/Types">S-1-5-11</SID>
          <Name xmlns="http://www.microsoft.com/GroupPolicy/Types">NT AUTHORITY\Authenticated Users</Name>
        </Trustee>
        <Type xsi:type="PermissionType">
          <PermissionType>Allow</PermissionType>
        </Type>
        <Inherited>false</Inherited>
        <Applicability>
          <ToSelf>true</ToSelf>
          <ToDescendantObjects>false</ToDescendantObjects>
          <ToDescendantContainers>true</ToDescendantContainers>
          <ToDirectDescendantsOnly>false</ToDirectDescendantsOnly>
        </Applicability>
        <Standard>
          <GPOGroupedAccessEnum>Apply Group Policy</GPOGroupedAccessEnum>
        </Standard>
        <AccessMask>0</AccessMask>
      </TrusteePermissions>
      <TrusteePermissions>
        <Trustee>
          <SID xmlns="http://www.microsoft.com/GroupPolicy/Types">S-1-5-21-3051899438-3589783691-4031204720-519</SID>
          <Name xmlns="http://www.microsoft.com/GroupPolicy/Types">NET\Enterprise Admins</Name>
        </Trustee>
        <Type xsi:type="PermissionType">
          <PermissionType>Allow</PermissionType>
        </Type>
        <Inherited>false</Inherited>
        <Applicability>
          <ToSelf>true</ToSelf>
          <ToDescendantObjects>false</ToDescendantObjects>
          <ToDescendantContainers>true</ToDescendantContainers>
          <ToDirectDescendantsOnly>false</ToDirectDescendantsOnly>
        </Applicability>
        <Standard>
          <GPOGroupedAccessEnum>Edit, delete, modify security</GPOGroupedAccessEnum>
        </Standard>
        <AccessMask>0</AccessMask>
      </TrusteePermissions>
    </Permissions>
    <AuditingPresent xmlns="http://www.microsoft.com/GroupPolicy/Types/Security">false</AuditingPresent>
  </SecurityDescriptor>
  <FilterDataAvailable>true</FilterDataAvailable>
  <Computer>
    <VersionDirectory>5</VersionDirectory>
    <VersionSysvol>5</VersionSysvol>
    <Enabled>true</Enabled>
    <ExtensionData>
      <Extension xmlns:q1="http://www.microsoft.com/GroupPolicy/Settings/Registry" xsi:type="q1:RegistrySettings">
        <q1:Policy>
          <q1:Name>Configures the Chat icon on the taskbar</q1:Name>
          <q1:State>Enabled</q1:State>
          <q1:Explain>This policy setting allows you to configure the Chat icon on the taskbar.

If you enable this policy setting and set it to Show, the Chat icon will be displayed on the taskbar by default. Users can show or hide it in Settings.

If you enable this policy setting and set it to Hide, the Chat icon will be hidden by default. Users can show or hide it in Settings.

If you enable this policy setting and set it to Disabled, the Chat icon will not be displayed, and users cannot show or hide it in Settings.

If you disable or do not configure this policy setting, the Chat icon will be configured according to the defaults for your Windows edition.</q1:Explain>
          <q1:Supported>At least Windows Server 2016, Windows 10</q1:Supported>
          <q1:Category>Windows Components/Chat</q1:Category>
          <q1:Text>
            <q1:Name>Configure the Chat icon setting</q1:Name>
          </q1:Text>
          <q1:Text>
            <q1:Name> </q1:Name>
          </q1:Text>
          <q1:DropDownList>
            <q1:Name>State: </q1:Name>
            <q1:State>Enabled</q1:State>
            <q1:Value>
              <q1:Name>Disabled</q1:Name>
            </q1:Value>
          </q1:DropDownList>
          <q1:Text>
            <q1:Name> </q1:Name>
          </q1:Text>
        </q1:Policy>
        <q1:Policy>
          <q1:Name>Enable news and interests on the taskbar</q1:Name>
          <q1:State>Disabled</q1:State>
          <q1:Explain>This policy setting specifies whether news and interests is allowed on the device.</q1:Explain>
          <q1:Supported>At least Windows Server 2016, Windows 10</q1:Supported>
          <q1:Category>Windows Components/News and interests</q1:Category>
        </q1:Policy>
        <q1:Policy>
          <q1:Name>Configures search on the taskbar</q1:Name>
          <q1:State>Enabled</q1:State>
          <q1:Explain>This policy setting allows you to configure search on the taskbar.

If you enable this policy setting and set it to hide, search on taskbar will be hidden by default. Users cannot change it in Settings.

If you enable this policy setting and set it to search icon only, the search icon will be displayed on the taskbar by default. Users cannot change it in Settings.

If you enable this policy setting and set it to search icon and label, the search icon and label will be displayed on the taskbar by default. Users cannot change it in Settings.

If you enable this policy setting and set it to search box, the search box will be displayed on the taskbar by default. Users cannot change it in Settings.

If you disable or do not configure this policy setting, search on taskbar will be configured according to the defaults for your Windows edition. Users will be able to change search on taskbar in Settings.
      </q1:Explain>
          <q1:Supported>At least Windows 11</q1:Supported>
          <q1:Category>Windows Components/Search</q1:Category>
          <q1:DropDownList>
            <q1:Name>Search on the taskbar</q1:Name>
            <q1:State>Enabled</q1:State>
            <q1:Value>
              <q1:Name>Hide</q1:Name>
            </q1:Value>
          </q1:DropDownList>
        </q1:Policy>
        <q1:Policy>
          <q1:Name>Don't search the web or display web results in Search</q1:Name>
          <q1:State>Enabled</q1:State>
          <q1:Explain>This policy setting allows you to control whether or not Search can perform queries on the web, if web results are displayed in Search, and if search highlights are shown in the search box and in search home.

If you enable this policy setting, queries won't be performed on the web, web results won't be displayed when a user performs a query in Search, and search highlights will not be shown in the search box and in search home.

If you disable this policy setting, queries will be performed on the web, web results will be displayed when a user performs a query in Search, and search highlights will be shown in the search box and in search home.

If you don't configure this policy setting, a user can choose whether or not Search can perform queries on the web, and if the web results are displayed in Search, and if search highlights are shown in the search box and in search home.</q1:Explain>
          <q1:Supported>Microsoft Windows 8.1 or later</q1:Supported>
          <q1:Category>Windows Components/Search</q1:Category>
        </q1:Policy>
        <q1:Policy>
          <q1:Name>Allow widgets</q1:Name>
          <q1:State>Disabled</q1:State>
          <q1:Explain>This policy specifies whether the widgets feature is allowed on the device.
Widgets will be turned on by default unless you change this in your settings.
If you turned this feature on before, it will stay on automatically unless you turn it off.</q1:Explain>
          <q1:Supported>At least Windows 10</q1:Supported>
          <q1:Category>Windows Components/Widgets</q1:Category>
        </q1:Policy>
        <q1:Blocked>false</q1:Blocked>
      </Extension>
      <Name>Registry</Name>
    </ExtensionData>
  </Computer>
  <User>
    <VersionDirectory>0</VersionDirectory>
    <VersionSysvol>0</VersionSysvol>
    <Enabled>false</Enabled>
  </User>
  <LinksTo>
    <SOMName>Computers</SOMName>
    <SOMPath>domain.local/Directory/Computers</SOMPath>
    <Enabled>true</Enabled>
    <NoOverride>false</NoOverride>
  </LinksTo>
</GPO>