<?xml version="1.0" encoding="utf-8"?>
<RegistrySettings clsid="{A3CCFC41-DFDB-43a5-8D26-0FE8B954DA51}"><Registry clsid="{9CD4B2F4-923D-47f5-A062-E897DD1DAD50}" name="DisableStealthMode" status="DisableStealthMode" image="12" changed="2023-02-17 17:05:20" uid="{14EB79EC-624E-4C13-947F-A1F4019FB2AE}"><Properties action="U" displayDecimal="1" default="0" hive="HKEY_LOCAL_MACHINE" key="SOFTWARE\Policies\Microsoft\WindowsFirewall\DomainProfile" name="DisableStealthMode" type="REG_DWORD" value="00000001"/></Registry>
	<Registry clsid="{9CD4B2F4-923D-47f5-A062-E897DD1DAD50}" name="DisableStealthMode" status="DisableStealthMode" image="12" changed="2023-02-17 17:06:26" uid="{8C923868-B71B-4FF9-9677-4D947D8EE3F2}"><Properties action="U" displayDecimal="1" default="0" hive="HKEY_LOCAL_MACHINE" key="SOFTWARE\Policies\Microsoft\WindowsFirewall\PrivateProfile" name="DisableStealthMode" type="REG_DWORD" value="00000001"/></Registry>
	<Registry clsid="{9CD4B2F4-923D-47f5-A062-E897DD1DAD50}" name="DisableStealthMode" status="DisableStealthMode" image="12" changed="2023-02-17 17:06:53" uid="{1B265C30-16BB-4ED5-BE57-DE946955C798}"><Properties action="U" displayDecimal="1" default="0" hive="HKEY_LOCAL_MACHINE" key="SOFTWARE\Policies\Microsoft\WindowsFirewall\PublicProfile" name="DisableStealthMode" type="REG_DWORD" value="00000001"/></Registry>
	<Registry clsid="{9CD4B2F4-923D-47f5-A062-E897DD1DAD50}" name="DisableStealthMode" status="DisableStealthMode" image="12" changed="2023-02-17 17:06:37" uid="{AAFF29F7-CE07-4480-B7F2-24DCDC08F6B2}"><Properties action="U" displayDecimal="1" default="0" hive="HKEY_LOCAL_MACHINE" key="SOFTWARE\Policies\Microsoft\WindowsFirewall\StandardProfile" name="DisableStealthMode" type="REG_DWORD" value="00000001"/></Registry>
</RegistrySettings>
