<BackupInst xmlns="http://www.microsoft.com/GroupPolicy/GPOOperations/Manifest"><GPOGuid><![CDATA[{95a64316-7d19-4eee-85ea-e506ac4b1eb1}]]></GPOGuid><GPODomain><![CDATA[domain.local]]></GPODomain><GPODomainGuid><![CDATA[{04cef035-999e-42d2-a4b0-ec110bfb1fc2}]]></GPODomainGuid><GPODomainController><![CDATA[DC-1.domain.local]]></GPODomainController><BackupTime><![CDATA[2025-03-21T06:08:04]]></BackupTime><ID><![CDATA[{8CA809FF-8B5A-4D09-9CFE-2B94C4B8F5D0}]]></ID><Comment><![CDATA[]]></Comment><GPODisplayName><![CDATA[Firewall - Disable Stealth Mode]]></GPODisplayName></BackupInst>
