<BackupInst xmlns="http://www.microsoft.com/GroupPolicy/GPOOperations/Manifest"><GPOGuid><![CDATA[{3774a428-a1a8-412a-a24d-bb75076c3828}]]></GPOGuid><GPODomain><![CDATA[domain.local]]></GPODomain><GPODomainGuid><![CDATA[{04cef035-999e-42d2-a4b0-ec110bfb1fc2}]]></GPODomainGuid><GPODomainController><![CDATA[DC-1.domain.local]]></GPODomainController><BackupTime><![CDATA[2025-03-21T04:27:10]]></BackupTime><ID><![CDATA[{960BE004-17AC-4B2A-AA6D-575D650E5860}]]></ID><Comment><![CDATA[]]></Comment><GPODisplayName><![CDATA[Security - Audit Policy - Network Policy Server]]></GPODisplayName></BackupInst>
