<BackupInst xmlns="http://www.microsoft.com/GroupPolicy/GPOOperations/Manifest"><GPOGuid><![CDATA[{61c6b39c-1d36-4058-8344-398c3cf3d6c6}]]></GPOGuid><GPODomain><![CDATA[domain.local]]></GPODomain><GPODomainGuid><![CDATA[{04cef035-999e-42d2-a4b0-ec110bfb1fc2}]]></GPODomainGuid><GPODomainController><![CDATA[DC-1.domain.local]]></GPODomainController><BackupTime><![CDATA[2025-03-21T06:07:52]]></BackupTime><ID><![CDATA[{9D53A252-975B-410B-8BA4-1381F8B295CB}]]></ID><Comment><![CDATA[]]></Comment><GPODisplayName><![CDATA[Network - Set NetBT to P-mode]]></GPODisplayName></BackupInst>
