﻿<?xml version="1.0" encoding="utf-16"?>
<GPO xmlns:xsd="http://www.w3.org/2001/XMLSchema" xmlns:xsi="http://www.w3.org/2001/XMLSchema-instance" xmlns="http://www.microsoft.com/GroupPolicy/Settings">
  <Identifier>
    <Identifier xmlns="http://www.microsoft.com/GroupPolicy/Types">{d0ee77da-b098-469f-93e8-585857ce95fc}</Identifier>
    <Domain xmlns="http://www.microsoft.com/GroupPolicy/Types">domain.local</Domain>
  </Identifier>
  <Name>Edge - Sidebar and Prompts</Name>
  <IncludeComments>true</IncludeComments>
  <CreatedTime>2023-04-02T21:59:51</CreatedTime>
  <ModifiedTime>2025-03-18T03:24:36</ModifiedTime>
  <ReadTime>2025-03-20T16:33:32.7529262Z</ReadTime>
  <SecurityDescriptor>
    <SDDL xmlns="http://www.microsoft.com/GroupPolicy/Types/Security">O:DAG:DAD:PAI(OA;CI;CR;edacfd8f-ffb3-11d1-b41d-00a0c968f939;;AU)(A;;CCDCLCSWRPWPDTLOSDRCWDWO;;;DA)(A;CI;CCDCLCSWRPWPDTLOSDRCWDWO;;;DA)(A;CI;CCDCLCSWRPWPDTLOSDRCWDWO;;;S-1-5-21-3051899438-3589783691-4031204720-519)(A;CI;LCRPLORC;;;ED)(A;CI;LCRPLORC;;;AU)(A;CI;CCDCLCSWRPWPDTLOSDRCWDWO;;;SY)(A;CIIO;CCDCLCSWRPWPDTLOSDRCWDWO;;;CO)S:AI(OU;CIIDSA;WPWD;;f30e3bc2-9ff0-11d1-b603-0000f80367c1;WD)(OU;CIIOIDSA;WP;f30e3bbe-9ff0-11d1-b603-0000f80367c1;bf967aa5-0de6-11d0-a285-00aa003049e2;WD)(OU;CIIOIDSA;WP;f30e3bbf-9ff0-11d1-b603-0000f80367c1;bf967aa5-0de6-11d0-a285-00aa003049e2;WD)</SDDL>
    <Owner xmlns="http://www.microsoft.com/GroupPolicy/Types/Security">
      <SID xmlns="http://www.microsoft.com/GroupPolicy/Types">S-1-5-21-3051899438-3589783691-4031204720-512</SID>
      <Name xmlns="http://www.microsoft.com/GroupPolicy/Types">NET\Domain Admins</Name>
    </Owner>
    <Group xmlns="http://www.microsoft.com/GroupPolicy/Types/Security">
      <SID xmlns="http://www.microsoft.com/GroupPolicy/Types">S-1-5-21-3051899438-3589783691-4031204720-512</SID>
      <Name xmlns="http://www.microsoft.com/GroupPolicy/Types">NET\Domain Admins</Name>
    </Group>
    <PermissionsPresent xmlns="http://www.microsoft.com/GroupPolicy/Types/Security">true</PermissionsPresent>
    <Permissions xmlns="http://www.microsoft.com/GroupPolicy/Types/Security">
      <InheritsFromParent>false</InheritsFromParent>
      <TrusteePermissions>
        <Trustee>
          <SID xmlns="http://www.microsoft.com/GroupPolicy/Types">S-1-5-21-3051899438-3589783691-4031204720-512</SID>
          <Name xmlns="http://www.microsoft.com/GroupPolicy/Types">NET\Domain Admins</Name>
        </Trustee>
        <Type xsi:type="PermissionType">
          <PermissionType>Allow</PermissionType>
        </Type>
        <Inherited>false</Inherited>
        <Applicability>
          <ToSelf>true</ToSelf>
          <ToDescendantObjects>false</ToDescendantObjects>
          <ToDescendantContainers>true</ToDescendantContainers>
          <ToDirectDescendantsOnly>false</ToDirectDescendantsOnly>
        </Applicability>
        <Standard>
          <GPOGroupedAccessEnum>Edit, delete, modify security</GPOGroupedAccessEnum>
        </Standard>
        <AccessMask>0</AccessMask>
      </TrusteePermissions>
      <TrusteePermissions>
        <Trustee>
          <SID xmlns="http://www.microsoft.com/GroupPolicy/Types">S-1-5-9</SID>
          <Name xmlns="http://www.microsoft.com/GroupPolicy/Types">NT AUTHORITY\ENTERPRISE DOMAIN CONTROLLERS</Name>
        </Trustee>
        <Type xsi:type="PermissionType">
          <PermissionType>Allow</PermissionType>
        </Type>
        <Inherited>false</Inherited>
        <Applicability>
          <ToSelf>true</ToSelf>
          <ToDescendantObjects>false</ToDescendantObjects>
          <ToDescendantContainers>true</ToDescendantContainers>
          <ToDirectDescendantsOnly>false</ToDirectDescendantsOnly>
        </Applicability>
        <Standard>
          <GPOGroupedAccessEnum>Read</GPOGroupedAccessEnum>
        </Standard>
        <AccessMask>0</AccessMask>
      </TrusteePermissions>
      <TrusteePermissions>
        <Trustee>
          <SID xmlns="http://www.microsoft.com/GroupPolicy/Types">S-1-5-18</SID>
          <Name xmlns="http://www.microsoft.com/GroupPolicy/Types">NT AUTHORITY\SYSTEM</Name>
        </Trustee>
        <Type xsi:type="PermissionType">
          <PermissionType>Allow</PermissionType>
        </Type>
        <Inherited>false</Inherited>
        <Applicability>
          <ToSelf>true</ToSelf>
          <ToDescendantObjects>false</ToDescendantObjects>
          <ToDescendantContainers>true</ToDescendantContainers>
          <ToDirectDescendantsOnly>false</ToDirectDescendantsOnly>
        </Applicability>
        <Standard>
          <GPOGroupedAccessEnum>Edit, delete, modify security</GPOGroupedAccessEnum>
        </Standard>
        <AccessMask>0</AccessMask>
      </TrusteePermissions>
      <TrusteePermissions>
        <Trustee>
          <SID xmlns="http://www.microsoft.com/GroupPolicy/Types">S-1-5-11</SID>
          <Name xmlns="http://www.microsoft.com/GroupPolicy/Types">NT AUTHORITY\Authenticated Users</Name>
        </Trustee>
        <Type xsi:type="PermissionType">
          <PermissionType>Allow</PermissionType>
        </Type>
        <Inherited>false</Inherited>
        <Applicability>
          <ToSelf>true</ToSelf>
          <ToDescendantObjects>false</ToDescendantObjects>
          <ToDescendantContainers>true</ToDescendantContainers>
          <ToDirectDescendantsOnly>false</ToDirectDescendantsOnly>
        </Applicability>
        <Standard>
          <GPOGroupedAccessEnum>Apply Group Policy</GPOGroupedAccessEnum>
        </Standard>
        <AccessMask>0</AccessMask>
      </TrusteePermissions>
      <TrusteePermissions>
        <Trustee>
          <SID xmlns="http://www.microsoft.com/GroupPolicy/Types">S-1-5-21-3051899438-3589783691-4031204720-519</SID>
          <Name xmlns="http://www.microsoft.com/GroupPolicy/Types">NET\Enterprise Admins</Name>
        </Trustee>
        <Type xsi:type="PermissionType">
          <PermissionType>Allow</PermissionType>
        </Type>
        <Inherited>false</Inherited>
        <Applicability>
          <ToSelf>true</ToSelf>
          <ToDescendantObjects>false</ToDescendantObjects>
          <ToDescendantContainers>true</ToDescendantContainers>
          <ToDirectDescendantsOnly>false</ToDirectDescendantsOnly>
        </Applicability>
        <Standard>
          <GPOGroupedAccessEnum>Edit, delete, modify security</GPOGroupedAccessEnum>
        </Standard>
        <AccessMask>0</AccessMask>
      </TrusteePermissions>
    </Permissions>
    <AuditingPresent xmlns="http://www.microsoft.com/GroupPolicy/Types/Security">false</AuditingPresent>
  </SecurityDescriptor>
  <FilterDataAvailable>true</FilterDataAvailable>
  <Computer>
    <VersionDirectory>4</VersionDirectory>
    <VersionSysvol>4</VersionSysvol>
    <Enabled>false</Enabled>
  </Computer>
  <User>
    <VersionDirectory>72</VersionDirectory>
    <VersionSysvol>72</VersionSysvol>
    <Enabled>true</Enabled>
    <ExtensionData>
      <Extension xmlns:q1="http://www.microsoft.com/GroupPolicy/Settings/Registry" xsi:type="q1:RegistrySettings">
        <q1:Policy>
          <q1:Name>Allow feature recommendations and browser assistance notifications from Microsoft Edge</q1:Name>
          <q1:State>Disabled</q1:State>
          <q1:Explain>This setting controls the in-browser assistance notifications which are intended to help users get the most out of Microsoft Edge. This is done by recommending features and by helping them use  browser features. These notifications take the form of dialog boxes, flyouts, coach marks and banners in the browser.  An example of an  assistance notification would be when a user has many tabs opened in the browser.  In this instance Microsoft Edge may prompt the user to try out the vertical tabs feature which is designed to give better browser tab management.

Disabling this policy will stop this message from appearing again even if the user has too many tabs open.
      Any features that have been disabled by a management policy are not suggested to users.
If you enable or don't configure this setting, users will receive recommendations or notifications from Microsoft Edge.
      If you disable this setting, users will not receive any recommendations or notifications from Microsoft Edge
</q1:Explain>
          <q1:Supported>Microsoft Edge version 89, Windows 7 or later</q1:Supported>
          <q1:Category>Microsoft Edge</q1:Category>
        </q1:Policy>
        <q1:Policy>
          <q1:Name>Allow personalization of ads, Microsoft Edge, search, news and other Microsoft services by sending browsing history, favorites and collections, usage and other browsing data to Microsoft</q1:Name>
          <q1:State>Disabled</q1:State>
          <q1:Explain>This policy prevents Microsoft from collecting a user's Microsoft Edge browsing history, favorites and collections, usage, and other browsing data to be used for personalizing advertising, search, news, Microsoft Edge and other Microsoft services.

This setting is not available for child accounts or enterprise accounts.

If you disable this policy, users can't change or override the setting. If this policy is enabled or not configured, Microsoft Edge will default to the user's preference.</q1:Explain>
          <q1:Supported>Microsoft Edge version 80, Windows 7 or later</q1:Supported>
          <q1:Category>Microsoft Edge</q1:Category>
        </q1:Policy>
        <q1:Policy>
          <q1:Name>Ask where to save downloaded files</q1:Name>
          <q1:State>Enabled</q1:State>
          <q1:Explain>Set whether to ask where to save a file before downloading it.

If you enable this policy, the user is asked where to save each file before downloading; if you don't configure it, files are saved automatically to the default location, without asking the user.

If you don't configure this policy, the user will be able to change this setting.</q1:Explain>
          <q1:Supported>Microsoft Edge version 77, Windows 7 or later</q1:Supported>
          <q1:Category>Microsoft Edge</q1:Category>
        </q1:Policy>
        <q1:Policy>
          <q1:Name>Hide the First-run experience and splash screen</q1:Name>
          <q1:State>Enabled</q1:State>
          <q1:Explain>If you enable this policy, the First-run experience and the splash screen will not be shown to users when they run Microsoft Edge for the first time.

For the configuration options shown in the First Run Experience, the browser will default to the following:

-On the New Tab Page, the feed type will be set to MSN News and the layout to Inspirational.

-The user will still be automatically signed into Microsoft Edge if the Windows account is of Azure AD or MSA type.

-Sync will not be enabled by default and users will be prompted to choose whether they'd like to sync on browser startup. You can use the 'ForceSync' (Force synchronization of browser data and do not show the sync consent prompt) or the 'SyncDisabled' (Disable synchronization of data using Microsoft sync services) policy to configure sync and the sync consent prompt.

If you disable or don't configure this policy, the First-run experience and the Splash screen will be shown.

Note: The specific configuration options shown to the user in the First Run Experience, can also be managed by using other specific policies. You can use the HideFirstRunExperience policy in combination with these policies to configure a specific browser experience on your managed devices. Some of these other policies are:

-'AutoImportAtFirstRun' (Automatically import another browser's data and settings at first run)

-'NewTabPageLocation' (Configure the new tab page URL)

-'NewTabPageSetFeedType' (Configure the Microsoft Edge new tab page experience)

-'ForceSync'

-'SyncDisabled'

-'BrowserSignin' (Browser sign-in settings)

-'NonRemovableProfileEnabled' (Configure whether a user always has a default profile automatically signed in with their work or school account)</q1:Explain>
          <q1:Supported>Microsoft Edge version 80, Windows 7 or later</q1:Supported>
          <q1:Category>Microsoft Edge</q1:Category>
        </q1:Policy>
        <q1:Policy>
          <q1:Name>Show Hubs Sidebar</q1:Name>
          <q1:State>Disabled</q1:State>
          <q1:Explain>Sidebar is a launcher bar on the right side of Microsoft Edge's screen.

If you enable or don't configure this policy, the Sidebar will be shown.
If you disable this policy, the Sidebar will never be shown.</q1:Explain>
          <q1:Supported>Microsoft Edge version 99, Windows 7 or later</q1:Supported>
          <q1:Category>Microsoft Edge</q1:Category>
        </q1:Policy>
        <q1:Policy>
          <q1:Name>Show Microsoft Rewards experiences</q1:Name>
          <q1:State>Disabled</q1:State>
          <q1:Explain>Show Microsoft Rewards experience and notifications.
If you enable this policy:
   - Microsoft account users (excludes Azure AD accounts) in search, new tab page, and earn markets will see the Microsoft Rewards experience in their Microsoft Edge user profile.
   - The setting to enable Microsoft Rewards in Microsoft Edge settings will be enabled and toggled on.

If you disable this policy:
   - Microsoft account users (excludes Azure AD accounts) in search, new tab page, and earn markets will not see the Microsoft Rewards experience in their Microsoft Edge user profile.
   - The setting to enable Microsoft Rewards in Microsoft Edge settings will be disabled and toggled off.

If you don't configure this policy:
   - Microsoft account users (excludes Azure AD accounts) in search, new tab page, and earn markets will see the Microsoft Rewards experience in their Microsoft Edge user profile.
   - The setting to enable Microsoft Rewards in Microsoft Edge settings will be enabled and toggled on.</q1:Explain>
          <q1:Supported>Microsoft Edge version 88, Windows 7 or later</q1:Supported>
          <q1:Category>Microsoft Edge</q1:Category>
        </q1:Policy>
        <q1:Blocked>false</q1:Blocked>
      </Extension>
      <Name>Registry</Name>
    </ExtensionData>
  </User>
  <LinksTo>
    <SOMName>Domain Controllers</SOMName>
    <SOMPath>domain.local/Domain Controllers</SOMPath>
    <Enabled>true</Enabled>
    <NoOverride>false</NoOverride>
  </LinksTo>
  <LinksTo>
    <SOMName>Computers</SOMName>
    <SOMPath>domain.local/Directory/Computers</SOMPath>
    <Enabled>true</Enabled>
    <NoOverride>false</NoOverride>
  </LinksTo>
</GPO>