﻿<?xml version="1.0" encoding="utf-16"?>
<GPO xmlns:xsd="http://www.w3.org/2001/XMLSchema" xmlns:xsi="http://www.w3.org/2001/XMLSchema-instance" xmlns="http://www.microsoft.com/GroupPolicy/Settings">
  <Identifier>
    <Identifier xmlns="http://www.microsoft.com/GroupPolicy/Types">{c7f272e6-5dd4-4462-a292-f9042529bf5d}</Identifier>
    <Domain xmlns="http://www.microsoft.com/GroupPolicy/Types">domain.local</Domain>
  </Identifier>
  <Name>Security - LAPS - Windows</Name>
  <IncludeComments>true</IncludeComments>
  <CreatedTime>2023-08-01T13:32:15</CreatedTime>
  <ModifiedTime>2025-03-18T03:24:36</ModifiedTime>
  <ReadTime>2025-03-20T16:33:34.7729422Z</ReadTime>
  <SecurityDescriptor>
    <SDDL xmlns="http://www.microsoft.com/GroupPolicy/Types/Security">O:DAG:DAD:PAI(OA;CI;CR;edacfd8f-ffb3-11d1-b41d-00a0c968f939;;AU)(A;;CCDCLCSWRPWPDTLOSDRCWDWO;;;DA)(A;CI;CCDCLCSWRPWPDTLOSDRCWDWO;;;DA)(A;CI;CCDCLCSWRPWPDTLOSDRCWDWO;;;S-1-5-21-3051899438-3589783691-4031204720-519)(A;CI;LCRPLORC;;;ED)(A;CI;LCRPLORC;;;AU)(A;CI;CCDCLCSWRPWPDTLOSDRCWDWO;;;SY)(A;CIIO;CCDCLCSWRPWPDTLOSDRCWDWO;;;CO)S:AI(OU;CIIDSA;WPWD;;f30e3bc2-9ff0-11d1-b603-0000f80367c1;WD)(OU;CIIOIDSA;WP;f30e3bbe-9ff0-11d1-b603-0000f80367c1;bf967aa5-0de6-11d0-a285-00aa003049e2;WD)(OU;CIIOIDSA;WP;f30e3bbf-9ff0-11d1-b603-0000f80367c1;bf967aa5-0de6-11d0-a285-00aa003049e2;WD)</SDDL>
    <Owner xmlns="http://www.microsoft.com/GroupPolicy/Types/Security">
      <SID xmlns="http://www.microsoft.com/GroupPolicy/Types">S-1-5-21-3051899438-3589783691-4031204720-512</SID>
      <Name xmlns="http://www.microsoft.com/GroupPolicy/Types">NET\Domain Admins</Name>
    </Owner>
    <Group xmlns="http://www.microsoft.com/GroupPolicy/Types/Security">
      <SID xmlns="http://www.microsoft.com/GroupPolicy/Types">S-1-5-21-3051899438-3589783691-4031204720-512</SID>
      <Name xmlns="http://www.microsoft.com/GroupPolicy/Types">NET\Domain Admins</Name>
    </Group>
    <PermissionsPresent xmlns="http://www.microsoft.com/GroupPolicy/Types/Security">true</PermissionsPresent>
    <Permissions xmlns="http://www.microsoft.com/GroupPolicy/Types/Security">
      <InheritsFromParent>false</InheritsFromParent>
      <TrusteePermissions>
        <Trustee>
          <SID xmlns="http://www.microsoft.com/GroupPolicy/Types">S-1-5-21-3051899438-3589783691-4031204720-512</SID>
          <Name xmlns="http://www.microsoft.com/GroupPolicy/Types">NET\Domain Admins</Name>
        </Trustee>
        <Type xsi:type="PermissionType">
          <PermissionType>Allow</PermissionType>
        </Type>
        <Inherited>false</Inherited>
        <Applicability>
          <ToSelf>true</ToSelf>
          <ToDescendantObjects>false</ToDescendantObjects>
          <ToDescendantContainers>true</ToDescendantContainers>
          <ToDirectDescendantsOnly>false</ToDirectDescendantsOnly>
        </Applicability>
        <Standard>
          <GPOGroupedAccessEnum>Edit, delete, modify security</GPOGroupedAccessEnum>
        </Standard>
        <AccessMask>0</AccessMask>
      </TrusteePermissions>
      <TrusteePermissions>
        <Trustee>
          <SID xmlns="http://www.microsoft.com/GroupPolicy/Types">S-1-5-9</SID>
          <Name xmlns="http://www.microsoft.com/GroupPolicy/Types">NT AUTHORITY\ENTERPRISE DOMAIN CONTROLLERS</Name>
        </Trustee>
        <Type xsi:type="PermissionType">
          <PermissionType>Allow</PermissionType>
        </Type>
        <Inherited>false</Inherited>
        <Applicability>
          <ToSelf>true</ToSelf>
          <ToDescendantObjects>false</ToDescendantObjects>
          <ToDescendantContainers>true</ToDescendantContainers>
          <ToDirectDescendantsOnly>false</ToDirectDescendantsOnly>
        </Applicability>
        <Standard>
          <GPOGroupedAccessEnum>Read</GPOGroupedAccessEnum>
        </Standard>
        <AccessMask>0</AccessMask>
      </TrusteePermissions>
      <TrusteePermissions>
        <Trustee>
          <SID xmlns="http://www.microsoft.com/GroupPolicy/Types">S-1-5-18</SID>
          <Name xmlns="http://www.microsoft.com/GroupPolicy/Types">NT AUTHORITY\SYSTEM</Name>
        </Trustee>
        <Type xsi:type="PermissionType">
          <PermissionType>Allow</PermissionType>
        </Type>
        <Inherited>false</Inherited>
        <Applicability>
          <ToSelf>true</ToSelf>
          <ToDescendantObjects>false</ToDescendantObjects>
          <ToDescendantContainers>true</ToDescendantContainers>
          <ToDirectDescendantsOnly>false</ToDirectDescendantsOnly>
        </Applicability>
        <Standard>
          <GPOGroupedAccessEnum>Edit, delete, modify security</GPOGroupedAccessEnum>
        </Standard>
        <AccessMask>0</AccessMask>
      </TrusteePermissions>
      <TrusteePermissions>
        <Trustee>
          <SID xmlns="http://www.microsoft.com/GroupPolicy/Types">S-1-5-11</SID>
          <Name xmlns="http://www.microsoft.com/GroupPolicy/Types">NT AUTHORITY\Authenticated Users</Name>
        </Trustee>
        <Type xsi:type="PermissionType">
          <PermissionType>Allow</PermissionType>
        </Type>
        <Inherited>false</Inherited>
        <Applicability>
          <ToSelf>true</ToSelf>
          <ToDescendantObjects>false</ToDescendantObjects>
          <ToDescendantContainers>true</ToDescendantContainers>
          <ToDirectDescendantsOnly>false</ToDirectDescendantsOnly>
        </Applicability>
        <Standard>
          <GPOGroupedAccessEnum>Apply Group Policy</GPOGroupedAccessEnum>
        </Standard>
        <AccessMask>0</AccessMask>
      </TrusteePermissions>
      <TrusteePermissions>
        <Trustee>
          <SID xmlns="http://www.microsoft.com/GroupPolicy/Types">S-1-5-21-3051899438-3589783691-4031204720-519</SID>
          <Name xmlns="http://www.microsoft.com/GroupPolicy/Types">NET\Enterprise Admins</Name>
        </Trustee>
        <Type xsi:type="PermissionType">
          <PermissionType>Allow</PermissionType>
        </Type>
        <Inherited>false</Inherited>
        <Applicability>
          <ToSelf>true</ToSelf>
          <ToDescendantObjects>false</ToDescendantObjects>
          <ToDescendantContainers>true</ToDescendantContainers>
          <ToDirectDescendantsOnly>false</ToDirectDescendantsOnly>
        </Applicability>
        <Standard>
          <GPOGroupedAccessEnum>Edit, delete, modify security</GPOGroupedAccessEnum>
        </Standard>
        <AccessMask>0</AccessMask>
      </TrusteePermissions>
    </Permissions>
    <AuditingPresent xmlns="http://www.microsoft.com/GroupPolicy/Types/Security">false</AuditingPresent>
  </SecurityDescriptor>
  <FilterDataAvailable>true</FilterDataAvailable>
  <Computer>
    <VersionDirectory>4</VersionDirectory>
    <VersionSysvol>4</VersionSysvol>
    <Enabled>true</Enabled>
    <ExtensionData>
      <Extension xmlns:q1="http://www.microsoft.com/GroupPolicy/Settings/Registry" xsi:type="q1:RegistrySettings">
        <q1:Policy>
          <q1:Name>Configure password backup directory</q1:Name>
          <q1:State>Enabled</q1:State>
          <q1:Explain>Use this setting to configure which directory the local admin account password is backed up to.

The allowable settings are:

0=Disabled (password will not be backed up)

1=Backup the password to Azure Active Directory

2=Backup the password to Active Directory

If not specified, this setting will default to 0 (Disabled).

If this setting is configured to 1, and the managed device is not joined to Azure Active Directory, the local administrator password will not be managed.

If this setting is configured to 2, and the managed device is not joined to Active Directory, the local administrator password will not be managed.

If this setting is disabled or not configured, the local administrator password is not managed.

See https://go.microsoft.com/fwlink/?linkid=2188435 for more information.
      </q1:Explain>
          <q1:Supported>At least Microsoft Windows 10 or later</q1:Supported>
          <q1:Category>System/LAPS</q1:Category>
          <q1:DropDownList>
            <q1:Name>Backup directory</q1:Name>
            <q1:State>Enabled</q1:State>
            <q1:Value>
              <q1:Name>Active Directory</q1:Name>
            </q1:Value>
          </q1:DropDownList>
        </q1:Policy>
        <q1:Policy>
          <q1:Name>Configure size of encrypted password history</q1:Name>
          <q1:State>Enabled</q1:State>
          <q1:Explain>Use this setting to configure how many previous encrypted passwords will be stored in Active Directory.

Configuring this setting has no effect unless 1) the password has been configured to be backed up to Active Directory and 2) password encryption has been enabled.

If this setting is enabled, the specified number of older passwords will be stored in Active Directory.

If this setting is disabled or not configured, zero older passwords will be stored in Active Directory.

This setting has a minimum allowed value of 0 passwords.

This setting has a maximum allowed value of 12 passwords.

See https://go.microsoft.com/fwlink/?linkid=2188435 for more information.
      </q1:Explain>
          <q1:Supported>At least Microsoft Windows 10 or later</q1:Supported>
          <q1:Category>System/LAPS</q1:Category>
          <q1:Numeric>
            <q1:Name>Encrypted password history size</q1:Name>
            <q1:State>Enabled</q1:State>
            <q1:Value>12</q1:Value>
          </q1:Numeric>
        </q1:Policy>
        <q1:Policy>
          <q1:Name>Enable password encryption</q1:Name>
          <q1:State>Enabled</q1:State>
          <q1:Explain>When you enable this setting, the managed password is encrypted before being sent to Active Directory.

Enabling this setting has no effect unless 1) the password has been configured to be backed up to Active Directory and 2) the Active Directory domain functional level is at Windows Server 2016 or above.

If this setting is enabled, and the domain functional level is at or above Windows Server 2016, the managed account password is encrypted.

If this setting is enabled, and the domain functional level is less than Windows Server 2016, the managed account password is not backed up to the directory.

If this setting is disabled, the managed account password is not encrypted.

This setting will default to enabled if not configured.

See https://go.microsoft.com/fwlink/?linkid=2188435 for more information.
      </q1:Explain>
          <q1:Supported>At least Microsoft Windows 10 or later</q1:Supported>
          <q1:Category>System/LAPS</q1:Category>
        </q1:Policy>
        <q1:Policy>
          <q1:Name>Password Settings</q1:Name>
          <q1:State>Enabled</q1:State>
          <q1:Explain>Configures password parameters

Password complexity: which characters are used when generating a new password
  Default: Large letters + small letters + numbers + special characters

Password length
  Minimum: 8 characters
  Maximum: 64 characters
  Default: 14 characters

Password age in days
  Minimum: 1 day (7 days when backup directory is configured to be Azure AD)
  Maximum: 365 days
  Default: 30 days

See https://go.microsoft.com/fwlink/?linkid=2188435 for more information.
      </q1:Explain>
          <q1:Supported>At least Microsoft Windows 10 or later</q1:Supported>
          <q1:Category>System/LAPS</q1:Category>
          <q1:DropDownList>
            <q1:Name>Password Complexity</q1:Name>
            <q1:State>Enabled</q1:State>
            <q1:Value>
              <q1:Name>Large letters + small letters + numbers + specials</q1:Name>
            </q1:Value>
          </q1:DropDownList>
          <q1:Numeric>
            <q1:Name>Password Length</q1:Name>
            <q1:State>Enabled</q1:State>
            <q1:Value>32</q1:Value>
          </q1:Numeric>
          <q1:Numeric>
            <q1:Name>Password Age (Days)</q1:Name>
            <q1:State>Enabled</q1:State>
            <q1:Value>30</q1:Value>
          </q1:Numeric>
        </q1:Policy>
        <q1:Blocked>false</q1:Blocked>
      </Extension>
      <Name>Registry</Name>
    </ExtensionData>
  </Computer>
  <User>
    <VersionDirectory>0</VersionDirectory>
    <VersionSysvol>0</VersionSysvol>
    <Enabled>false</Enabled>
  </User>
  <LinksTo>
    <SOMName>Servers</SOMName>
    <SOMPath>domain.local/Directory/Computers/Servers</SOMPath>
    <Enabled>true</Enabled>
    <NoOverride>false</NoOverride>
  </LinksTo>
  <LinksTo>
    <SOMName>Desktops</SOMName>
    <SOMPath>domain.local/Directory/Computers/Desktops</SOMPath>
    <Enabled>true</Enabled>
    <NoOverride>false</NoOverride>
  </LinksTo>
</GPO>