<BackupInst xmlns="http://www.microsoft.com/GroupPolicy/GPOOperations/Manifest"><GPOGuid><![CDATA[{f4657801-8e7e-446e-84f1-d47c56c3ff33}]]></GPOGuid><GPODomain><![CDATA[domain.local]]></GPODomain><GPODomainGuid><![CDATA[{04cef035-999e-42d2-a4b0-ec110bfb1fc2}]]></GPODomainGuid><GPODomainController><![CDATA[DC-1.domain.local]]></GPODomainController><BackupTime><![CDATA[2025-03-21T06:07:45]]></BackupTime><ID><![CDATA[{B6A3D4CC-5D16-47F7-A3DF-1BAB51032C53}]]></ID><Comment><![CDATA[]]></Comment><GPODisplayName><![CDATA[Explorer - Start Menu and Taskbar]]></GPODisplayName></BackupInst>
