<BackupInst xmlns="http://www.microsoft.com/GroupPolicy/GPOOperations/Manifest"><GPOGuid><![CDATA[{9d32d75b-bce8-4608-a0f2-9fb03bcda99b}]]></GPOGuid><GPODomain><![CDATA[domain.local]]></GPODomain><GPODomainGuid><![CDATA[{04cef035-999e-42d2-a4b0-ec110bfb1fc2}]]></GPODomainGuid><GPODomainController><![CDATA[DC-1.domain.local]]></GPODomainController><BackupTime><![CDATA[2025-03-21T06:08:15]]></BackupTime><ID><![CDATA[{B91DDB6F-D045-4F2C-891F-19AED6D6F7A5}]]></ID><Comment><![CDATA[]]></Comment><GPODisplayName><![CDATA[DNS Server - Maximum UDP Packet Size]]></GPODisplayName></BackupInst>
