﻿<?xml version="1.0" encoding="utf-16"?>
<GPO xmlns:xsd="http://www.w3.org/2001/XMLSchema" xmlns:xsi="http://www.w3.org/2001/XMLSchema-instance" xmlns="http://www.microsoft.com/GroupPolicy/Settings">
  <Identifier>
    <Identifier xmlns="http://www.microsoft.com/GroupPolicy/Types">{8393eef8-5816-4c66-939c-a84ef96ac92b}</Identifier>
    <Domain xmlns="http://www.microsoft.com/GroupPolicy/Types">domain.local</Domain>
  </Identifier>
  <Name>Firewall - Enable with Logfile</Name>
  <IncludeComments>true</IncludeComments>
  <CreatedTime>2016-12-14T20:57:06</CreatedTime>
  <ModifiedTime>2025-03-17T16:45:34</ModifiedTime>
  <ReadTime>2025-03-20T16:32:46.7656822Z</ReadTime>
  <SecurityDescriptor>
    <SDDL xmlns="http://www.microsoft.com/GroupPolicy/Types/Security">O:DAG:DAD:PAI(OA;CI;CR;edacfd8f-ffb3-11d1-b41d-00a0c968f939;;AU)(A;;CCDCLCSWRPWPDTLOSDRCWDWO;;;DA)(A;CI;CCDCLCSWRPWPDTLOSDRCWDWO;;;DA)(A;CI;CCDCLCSWRPWPDTLOSDRCWDWO;;;S-1-5-21-3051899438-3589783691-4031204720-519)(A;CI;LCRPLORC;;;ED)(A;CI;LCRPLORC;;;AU)(A;CI;CCDCLCSWRPWPDTLOSDRCWDWO;;;SY)(A;CIIO;CCDCLCSWRPWPDTLOSDRCWDWO;;;CO)S:AI(OU;CIIDSA;WPWD;;f30e3bc2-9ff0-11d1-b603-0000f80367c1;WD)(OU;CIIOIDSA;WP;f30e3bbe-9ff0-11d1-b603-0000f80367c1;bf967aa5-0de6-11d0-a285-00aa003049e2;WD)(OU;CIIOIDSA;WP;f30e3bbf-9ff0-11d1-b603-0000f80367c1;bf967aa5-0de6-11d0-a285-00aa003049e2;WD)</SDDL>
    <Owner xmlns="http://www.microsoft.com/GroupPolicy/Types/Security">
      <SID xmlns="http://www.microsoft.com/GroupPolicy/Types">S-1-5-21-3051899438-3589783691-4031204720-512</SID>
      <Name xmlns="http://www.microsoft.com/GroupPolicy/Types">NET\Domain Admins</Name>
    </Owner>
    <Group xmlns="http://www.microsoft.com/GroupPolicy/Types/Security">
      <SID xmlns="http://www.microsoft.com/GroupPolicy/Types">S-1-5-21-3051899438-3589783691-4031204720-512</SID>
      <Name xmlns="http://www.microsoft.com/GroupPolicy/Types">NET\Domain Admins</Name>
    </Group>
    <PermissionsPresent xmlns="http://www.microsoft.com/GroupPolicy/Types/Security">true</PermissionsPresent>
    <Permissions xmlns="http://www.microsoft.com/GroupPolicy/Types/Security">
      <InheritsFromParent>false</InheritsFromParent>
      <TrusteePermissions>
        <Trustee>
          <SID xmlns="http://www.microsoft.com/GroupPolicy/Types">S-1-5-21-3051899438-3589783691-4031204720-512</SID>
          <Name xmlns="http://www.microsoft.com/GroupPolicy/Types">NET\Domain Admins</Name>
        </Trustee>
        <Type xsi:type="PermissionType">
          <PermissionType>Allow</PermissionType>
        </Type>
        <Inherited>false</Inherited>
        <Applicability>
          <ToSelf>true</ToSelf>
          <ToDescendantObjects>false</ToDescendantObjects>
          <ToDescendantContainers>true</ToDescendantContainers>
          <ToDirectDescendantsOnly>false</ToDirectDescendantsOnly>
        </Applicability>
        <Standard>
          <GPOGroupedAccessEnum>Edit, delete, modify security</GPOGroupedAccessEnum>
        </Standard>
        <AccessMask>0</AccessMask>
      </TrusteePermissions>
      <TrusteePermissions>
        <Trustee>
          <SID xmlns="http://www.microsoft.com/GroupPolicy/Types">S-1-5-9</SID>
          <Name xmlns="http://www.microsoft.com/GroupPolicy/Types">NT AUTHORITY\ENTERPRISE DOMAIN CONTROLLERS</Name>
        </Trustee>
        <Type xsi:type="PermissionType">
          <PermissionType>Allow</PermissionType>
        </Type>
        <Inherited>false</Inherited>
        <Applicability>
          <ToSelf>true</ToSelf>
          <ToDescendantObjects>false</ToDescendantObjects>
          <ToDescendantContainers>true</ToDescendantContainers>
          <ToDirectDescendantsOnly>false</ToDirectDescendantsOnly>
        </Applicability>
        <Standard>
          <GPOGroupedAccessEnum>Read</GPOGroupedAccessEnum>
        </Standard>
        <AccessMask>0</AccessMask>
      </TrusteePermissions>
      <TrusteePermissions>
        <Trustee>
          <SID xmlns="http://www.microsoft.com/GroupPolicy/Types">S-1-5-18</SID>
          <Name xmlns="http://www.microsoft.com/GroupPolicy/Types">NT AUTHORITY\SYSTEM</Name>
        </Trustee>
        <Type xsi:type="PermissionType">
          <PermissionType>Allow</PermissionType>
        </Type>
        <Inherited>false</Inherited>
        <Applicability>
          <ToSelf>true</ToSelf>
          <ToDescendantObjects>false</ToDescendantObjects>
          <ToDescendantContainers>true</ToDescendantContainers>
          <ToDirectDescendantsOnly>false</ToDirectDescendantsOnly>
        </Applicability>
        <Standard>
          <GPOGroupedAccessEnum>Edit, delete, modify security</GPOGroupedAccessEnum>
        </Standard>
        <AccessMask>0</AccessMask>
      </TrusteePermissions>
      <TrusteePermissions>
        <Trustee>
          <SID xmlns="http://www.microsoft.com/GroupPolicy/Types">S-1-5-11</SID>
          <Name xmlns="http://www.microsoft.com/GroupPolicy/Types">NT AUTHORITY\Authenticated Users</Name>
        </Trustee>
        <Type xsi:type="PermissionType">
          <PermissionType>Allow</PermissionType>
        </Type>
        <Inherited>false</Inherited>
        <Applicability>
          <ToSelf>true</ToSelf>
          <ToDescendantObjects>false</ToDescendantObjects>
          <ToDescendantContainers>true</ToDescendantContainers>
          <ToDirectDescendantsOnly>false</ToDirectDescendantsOnly>
        </Applicability>
        <Standard>
          <GPOGroupedAccessEnum>Apply Group Policy</GPOGroupedAccessEnum>
        </Standard>
        <AccessMask>0</AccessMask>
      </TrusteePermissions>
      <TrusteePermissions>
        <Trustee>
          <SID xmlns="http://www.microsoft.com/GroupPolicy/Types">S-1-5-21-3051899438-3589783691-4031204720-519</SID>
          <Name xmlns="http://www.microsoft.com/GroupPolicy/Types">NET\Enterprise Admins</Name>
        </Trustee>
        <Type xsi:type="PermissionType">
          <PermissionType>Allow</PermissionType>
        </Type>
        <Inherited>false</Inherited>
        <Applicability>
          <ToSelf>true</ToSelf>
          <ToDescendantObjects>false</ToDescendantObjects>
          <ToDescendantContainers>true</ToDescendantContainers>
          <ToDirectDescendantsOnly>false</ToDirectDescendantsOnly>
        </Applicability>
        <Standard>
          <GPOGroupedAccessEnum>Edit, delete, modify security</GPOGroupedAccessEnum>
        </Standard>
        <AccessMask>0</AccessMask>
      </TrusteePermissions>
    </Permissions>
    <AuditingPresent xmlns="http://www.microsoft.com/GroupPolicy/Types/Security">false</AuditingPresent>
  </SecurityDescriptor>
  <FilterDataAvailable>true</FilterDataAvailable>
  <Computer>
    <VersionDirectory>68</VersionDirectory>
    <VersionSysvol>68</VersionSysvol>
    <Enabled>true</Enabled>
    <ExtensionData>
      <Extension xmlns:q1="http://www.microsoft.com/GroupPolicy/Settings/Folders" xsi:type="q1:FoldersSettings">
        <q1:Folders clsid="{77CC39E7-3D16-4f8f-AF86-EC0BBEE2C861}">
          <q1:Folder clsid="{07DA02F5-F9CD-4397-A550-4AE21B6B4BD3}" name="Firewall" status="Firewall" image="0" changed="2020-08-27 22:26:32" uid="{6608C7DC-E957-4364-A00A-2CD40081C54D}" bypassErrors="1">
            <q1:GPOSettingOrder>1</q1:GPOSettingOrder>
            <q1:Properties action="C" path="%SystemRoot%\System32\LogFiles\Firewall" readOnly="0" archive="0" hidden="0" />
            <q1:Filters />
          </q1:Folder>
        </q1:Folders>
      </Extension>
      <Name>Folders</Name>
    </ExtensionData>
    <ExtensionData>
      <Extension xmlns:q2="http://www.microsoft.com/GroupPolicy/Settings/Security" xsi:type="q2:SecuritySettings">
        <q2:File>
          <q2:Path>%SystemRoot%\System32\LogFiles</q2:Path>
          <q2:SecurityDescriptor>
            <SDDL xmlns="http://www.microsoft.com/GroupPolicy/Types/Security">D:AR</SDDL>
            <PermissionsPresent xmlns="http://www.microsoft.com/GroupPolicy/Types/Security">true</PermissionsPresent>
            <Permissions xmlns="http://www.microsoft.com/GroupPolicy/Types/Security">
              <InheritsFromParent>true</InheritsFromParent>
            </Permissions>
            <AuditingPresent xmlns="http://www.microsoft.com/GroupPolicy/Types/Security">false</AuditingPresent>
          </q2:SecurityDescriptor>
          <q2:Mode>Propogate</q2:Mode>
        </q2:File>
        <q2:File>
          <q2:Path>%SystemRoot%\System32\LogFiles\Firewall</q2:Path>
          <q2:SecurityDescriptor>
            <SDDL xmlns="http://www.microsoft.com/GroupPolicy/Types/Security">D:AR(A;OICI;0x1301bf;;;S-1-5-80-3088073201-1464728630-1879813800-1107566885-823218052)</SDDL>
            <PermissionsPresent xmlns="http://www.microsoft.com/GroupPolicy/Types/Security">true</PermissionsPresent>
            <Permissions xmlns="http://www.microsoft.com/GroupPolicy/Types/Security">
              <InheritsFromParent>true</InheritsFromParent>
              <TrusteePermissions>
                <Trustee>
                  <SID xmlns="http://www.microsoft.com/GroupPolicy/Types">S-1-5-80-3088073201-1464728630-1879813800-1107566885-823218052</SID>
                  <Name xmlns="http://www.microsoft.com/GroupPolicy/Types">NT SERVICE\mpssvc</Name>
                </Trustee>
                <Type xsi:type="PermissionType">
                  <PermissionType>Allow</PermissionType>
                </Type>
                <Inherited>false</Inherited>
                <Applicability>
                  <ToSelf>true</ToSelf>
                  <ToDescendantObjects>true</ToDescendantObjects>
                  <ToDescendantContainers>true</ToDescendantContainers>
                  <ToDirectDescendantsOnly>false</ToDirectDescendantsOnly>
                </Applicability>
                <Standard>
                  <FileGroupedAccessEnum>Modify</FileGroupedAccessEnum>
                </Standard>
                <AccessMask>197055</AccessMask>
              </TrusteePermissions>
            </Permissions>
            <AuditingPresent xmlns="http://www.microsoft.com/GroupPolicy/Types/Security">false</AuditingPresent>
          </q2:SecurityDescriptor>
          <q2:Mode>Propogate</q2:Mode>
        </q2:File>
        <q2:Blocked>false</q2:Blocked>
      </Extension>
      <Name>Security</Name>
    </ExtensionData>
    <ExtensionData>
      <Extension xmlns:q3="http://www.microsoft.com/GroupPolicy/Settings/WindowsFirewall" xsi:type="q3:WindowsFirewallSettings">
        <q3:GlobalSettings>
          <q3:PolicyVersion>
            <q3:Value>538</q3:Value>
          </q3:PolicyVersion>
        </q3:GlobalSettings>
        <q3:DomainProfile>
          <q3:DefaultInboundAction>
            <q3:Value>true</q3:Value>
          </q3:DefaultInboundAction>
          <q3:DefaultOutboundAction>
            <q3:Value>false</q3:Value>
          </q3:DefaultOutboundAction>
          <q3:EnableFirewall>
            <q3:Value>true</q3:Value>
          </q3:EnableFirewall>
          <q3:LogFilePath>
            <q3:Value>%systemroot%\system32\logfiles\firewall\pfirewall.log</q3:Value>
          </q3:LogFilePath>
          <q3:LogFileSize>
            <q3:Value>4096</q3:Value>
          </q3:LogFileSize>
          <q3:LogDroppedPackets>
            <q3:Value>true</q3:Value>
          </q3:LogDroppedPackets>
          <q3:LogSuccessfulConnections>
            <q3:Value>true</q3:Value>
          </q3:LogSuccessfulConnections>
        </q3:DomainProfile>
        <q3:PublicProfile>
          <q3:DefaultInboundAction>
            <q3:Value>true</q3:Value>
          </q3:DefaultInboundAction>
          <q3:DefaultOutboundAction>
            <q3:Value>false</q3:Value>
          </q3:DefaultOutboundAction>
          <q3:EnableFirewall>
            <q3:Value>true</q3:Value>
          </q3:EnableFirewall>
          <q3:LogFilePath>
            <q3:Value>%systemroot%\system32\logfiles\firewall\pfirewall.log</q3:Value>
          </q3:LogFilePath>
          <q3:LogFileSize>
            <q3:Value>4096</q3:Value>
          </q3:LogFileSize>
          <q3:LogDroppedPackets>
            <q3:Value>true</q3:Value>
          </q3:LogDroppedPackets>
          <q3:LogSuccessfulConnections>
            <q3:Value>true</q3:Value>
          </q3:LogSuccessfulConnections>
        </q3:PublicProfile>
        <q3:PrivateProfile>
          <q3:DefaultInboundAction>
            <q3:Value>true</q3:Value>
          </q3:DefaultInboundAction>
          <q3:DefaultOutboundAction>
            <q3:Value>false</q3:Value>
          </q3:DefaultOutboundAction>
          <q3:EnableFirewall>
            <q3:Value>true</q3:Value>
          </q3:EnableFirewall>
          <q3:LogFilePath>
            <q3:Value>%systemroot%\system32\logfiles\firewall\pfirewall.log</q3:Value>
          </q3:LogFilePath>
          <q3:LogFileSize>
            <q3:Value>4096</q3:Value>
          </q3:LogFileSize>
          <q3:LogDroppedPackets>
            <q3:Value>true</q3:Value>
          </q3:LogDroppedPackets>
          <q3:LogSuccessfulConnections>
            <q3:Value>true</q3:Value>
          </q3:LogSuccessfulConnections>
        </q3:PrivateProfile>
      </Extension>
      <Name>Windows Firewall</Name>
    </ExtensionData>
    <ExtensionData>
      <Extension xmlns:q4="http://www.microsoft.com/GroupPolicy/Settings/Registry" xsi:type="q4:RegistrySettings">
        <q4:Policy>
          <q4:Name>Windows Defender Firewall: Allow logging</q4:Name>
          <q4:State>Enabled</q4:State>
          <q4:Explain>Allows Windows Defender Firewall to record information about the unsolicited incoming messages that it receives.

If you enable this policy setting, Windows Defender Firewall writes the information to a log file. You must provide the name, location, and maximum size of the log file. The location can contain environment variables. You must also specify whether to record information about incoming messages that the firewall blocks (drops) and information about successful incoming and outgoing connections. Windows Defender Firewall does not provide an option to log successful incoming messages.

If you are configuring the log file name, ensure that the Windows Defender Firewall service account has write permissions to the folder containing the log file. Default path for the log file is %systemroot%\system32\LogFiles\Firewall\pfirewall.log.

If you disable this policy setting, Windows Defender Firewall does not record information in the log file. If you enable this policy setting, and Windows Defender Firewall creates the log file and adds information, then upon disabling this policy setting, Windows Defender Firewall leaves the log file intact.

If you do not configure this policy setting, Windows Defender Firewall behaves as if the policy setting were disabled.

</q4:Explain>
          <q4:Supported>At least Windows XP Professional with SP2</q4:Supported>
          <q4:Category>Network/Network Connections/Windows Defender Firewall/Domain Profile</q4:Category>
          <q4:CheckBox>
            <q4:Name>Log dropped packets</q4:Name>
            <q4:State>Enabled</q4:State>
          </q4:CheckBox>
          <q4:CheckBox>
            <q4:Name>Log successful connections</q4:Name>
            <q4:State>Enabled</q4:State>
          </q4:CheckBox>
          <q4:EditText>
            <q4:Name>Log file path and name:</q4:Name>
            <q4:State>Enabled</q4:State>
            <q4:Value>%systemroot%\system32\logfiles\firewall\pfirewall.log</q4:Value>
          </q4:EditText>
          <q4:Numeric>
            <q4:Name>Size limit (KB):</q4:Name>
            <q4:State>Enabled</q4:State>
            <q4:Value>4096</q4:Value>
          </q4:Numeric>
        </q4:Policy>
        <q4:Policy>
          <q4:Name>Windows Defender Firewall: Protect all network connections</q4:Name>
          <q4:State>Enabled</q4:State>
          <q4:Explain>Turns on Windows Defender Firewall.

If you enable this policy setting, Windows Defender Firewall runs and ignores the "Computer Configuration\Administrative Templates\Network\Network Connections\Prohibit use of Internet Connection Firewall on your DNS domain network" policy setting.

If you disable this policy setting, Windows Defender Firewall does not run. This is the only way to ensure that Windows Defender Firewall does not run and administrators who log on locally cannot start it.

If you do not configure this policy setting, administrators can use the Windows Defender Firewall component in Control Panel to turn Windows Defender Firewall on or off, unless the "Prohibit use of Internet Connection Firewall on your DNS domain network" policy setting overrides.</q4:Explain>
          <q4:Supported>At least Windows XP Professional with SP2</q4:Supported>
          <q4:Category>Network/Network Connections/Windows Defender Firewall/Domain Profile</q4:Category>
        </q4:Policy>
        <q4:Policy>
          <q4:Name>Windows Defender Firewall: Allow logging</q4:Name>
          <q4:State>Enabled</q4:State>
          <q4:Explain>Allows Windows Defender Firewall to record information about the unsolicited incoming messages that it receives.

If you enable this policy setting, Windows Defender Firewall writes the information to a log file. You must provide the name, location, and maximum size of the log file. The location can contain environment variables. You must also specify whether to record information about incoming messages that the firewall blocks (drops) and information about successful incoming and outgoing connections. Windows Defender Firewall does not provide an option to log successful incoming messages.

If you are configuring the log file name, ensure that the Windows Defender Firewall service account has write permissions to the folder containing the log file. Default path for the log file is %systemroot%\system32\LogFiles\Firewall\pfirewall.log.

If you disable this policy setting, Windows Defender Firewall does not record information in the log file. If you enable this policy setting, and Windows Defender Firewall creates the log file and adds information, then upon disabling this policy setting, Windows Defender Firewall leaves the log file intact.

If you do not configure this policy setting, Windows Defender Firewall behaves as if the policy setting were disabled.

</q4:Explain>
          <q4:Supported>At least Windows XP Professional with SP2</q4:Supported>
          <q4:Category>Network/Network Connections/Windows Defender Firewall/Standard Profile</q4:Category>
          <q4:CheckBox>
            <q4:Name>Log dropped packets</q4:Name>
            <q4:State>Enabled</q4:State>
          </q4:CheckBox>
          <q4:CheckBox>
            <q4:Name>Log successful connections</q4:Name>
            <q4:State>Enabled</q4:State>
          </q4:CheckBox>
          <q4:EditText>
            <q4:Name>Log file path and name:</q4:Name>
            <q4:State>Enabled</q4:State>
            <q4:Value>%systemroot%\system32\logfiles\firewall\pfirewall.log</q4:Value>
          </q4:EditText>
          <q4:Numeric>
            <q4:Name>Size limit (KB):</q4:Name>
            <q4:State>Enabled</q4:State>
            <q4:Value>4096</q4:Value>
          </q4:Numeric>
        </q4:Policy>
        <q4:Policy>
          <q4:Name>Windows Defender Firewall: Protect all network connections</q4:Name>
          <q4:State>Enabled</q4:State>
          <q4:Explain>Turns on Windows Defender Firewall.

If you enable this policy setting, Windows Defender Firewall runs and ignores the "Computer Configuration\Administrative Templates\Network\Network Connections\Prohibit use of Internet Connection Firewall on your DNS domain network" policy setting.

If you disable this policy setting, Windows Defender Firewall does not run. This is the only way to ensure that Windows Defender Firewall does not run and administrators who log on locally cannot start it.

If you do not configure this policy setting, administrators can use the Windows Defender Firewall component in Control Panel to turn Windows Defender Firewall on or off, unless the "Prohibit use of Internet Connection Firewall on your DNS domain network" policy setting overrides.</q4:Explain>
          <q4:Supported>At least Windows XP Professional with SP2</q4:Supported>
          <q4:Category>Network/Network Connections/Windows Defender Firewall/Standard Profile</q4:Category>
        </q4:Policy>
        <q4:RegistrySetting>
          <q4:KeyPath>SOFTWARE\Policies\Microsoft\WindowsFirewall\FirewallRules</q4:KeyPath>
          <q4:AdmSetting>false</q4:AdmSetting>
        </q4:RegistrySetting>
        <q4:Blocked>false</q4:Blocked>
      </Extension>
      <Name>Registry</Name>
    </ExtensionData>
  </Computer>
  <User>
    <VersionDirectory>0</VersionDirectory>
    <VersionSysvol>0</VersionSysvol>
    <Enabled>false</Enabled>
  </User>
  <LinksTo>
    <SOMName>Domain Controllers</SOMName>
    <SOMPath>domain.local/Domain Controllers</SOMPath>
    <Enabled>true</Enabled>
    <NoOverride>false</NoOverride>
  </LinksTo>
  <LinksTo>
    <SOMName>Computers</SOMName>
    <SOMPath>domain.local/Directory/Computers</SOMPath>
    <Enabled>true</Enabled>
    <NoOverride>false</NoOverride>
  </LinksTo>
</GPO>