<BackupInst xmlns="http://www.microsoft.com/GroupPolicy/GPOOperations/Manifest"><GPOGuid><![CDATA[{c7f272e6-5dd4-4462-a292-f9042529bf5d}]]></GPOGuid><GPODomain><![CDATA[domain.local]]></GPODomain><GPODomainGuid><![CDATA[{04cef035-999e-42d2-a4b0-ec110bfb1fc2}]]></GPODomainGuid><GPODomainController><![CDATA[DC-1.domain.local]]></GPODomainController><BackupTime><![CDATA[2025-03-21T06:08:06]]></BackupTime><ID><![CDATA[{C719D572-0B11-4713-BE93-6BE616D79D6B}]]></ID><Comment><![CDATA[]]></Comment><GPODisplayName><![CDATA[Security - LAPS - Windows]]></GPODisplayName></BackupInst>
