﻿<?xml version="1.0" encoding="utf-16"?>
<GPO xmlns:xsd="http://www.w3.org/2001/XMLSchema" xmlns:xsi="http://www.w3.org/2001/XMLSchema-instance" xmlns="http://www.microsoft.com/GroupPolicy/Settings">
  <Identifier>
    <Identifier xmlns="http://www.microsoft.com/GroupPolicy/Types">{8b540bd7-7b5e-4a10-b2e4-041551161873}</Identifier>
    <Domain xmlns="http://www.microsoft.com/GroupPolicy/Types">domain.local</Domain>
  </Identifier>
  <Name>Security - TLS Software - Clients</Name>
  <IncludeComments>true</IncludeComments>
  <CreatedTime>2021-05-16T23:35:58</CreatedTime>
  <ModifiedTime>2025-03-18T03:24:34</ModifiedTime>
  <ReadTime>2025-03-20T16:33:10.2671427Z</ReadTime>
  <SecurityDescriptor>
    <SDDL xmlns="http://www.microsoft.com/GroupPolicy/Types/Security">O:DAG:DAD:PAI(OA;CI;CR;edacfd8f-ffb3-11d1-b41d-00a0c968f939;;AU)(A;;CCDCLCSWRPWPDTLOSDRCWDWO;;;DA)(A;CI;CCDCLCSWRPWPDTLOSDRCWDWO;;;DA)(A;CI;CCDCLCSWRPWPDTLOSDRCWDWO;;;S-1-5-21-3051899438-3589783691-4031204720-519)(A;CI;LCRPLORC;;;ED)(A;CI;LCRPLORC;;;AU)(A;CI;CCDCLCSWRPWPDTLOSDRCWDWO;;;SY)(A;CIIO;CCDCLCSWRPWPDTLOSDRCWDWO;;;CO)S:AI(OU;CIIDSA;WPWD;;f30e3bc2-9ff0-11d1-b603-0000f80367c1;WD)(OU;CIIOIDSA;WP;f30e3bbe-9ff0-11d1-b603-0000f80367c1;bf967aa5-0de6-11d0-a285-00aa003049e2;WD)(OU;CIIOIDSA;WP;f30e3bbf-9ff0-11d1-b603-0000f80367c1;bf967aa5-0de6-11d0-a285-00aa003049e2;WD)</SDDL>
    <Owner xmlns="http://www.microsoft.com/GroupPolicy/Types/Security">
      <SID xmlns="http://www.microsoft.com/GroupPolicy/Types">S-1-5-21-3051899438-3589783691-4031204720-512</SID>
      <Name xmlns="http://www.microsoft.com/GroupPolicy/Types">NET\Domain Admins</Name>
    </Owner>
    <Group xmlns="http://www.microsoft.com/GroupPolicy/Types/Security">
      <SID xmlns="http://www.microsoft.com/GroupPolicy/Types">S-1-5-21-3051899438-3589783691-4031204720-512</SID>
      <Name xmlns="http://www.microsoft.com/GroupPolicy/Types">NET\Domain Admins</Name>
    </Group>
    <PermissionsPresent xmlns="http://www.microsoft.com/GroupPolicy/Types/Security">true</PermissionsPresent>
    <Permissions xmlns="http://www.microsoft.com/GroupPolicy/Types/Security">
      <InheritsFromParent>false</InheritsFromParent>
      <TrusteePermissions>
        <Trustee>
          <SID xmlns="http://www.microsoft.com/GroupPolicy/Types">S-1-5-21-3051899438-3589783691-4031204720-512</SID>
          <Name xmlns="http://www.microsoft.com/GroupPolicy/Types">NET\Domain Admins</Name>
        </Trustee>
        <Type xsi:type="PermissionType">
          <PermissionType>Allow</PermissionType>
        </Type>
        <Inherited>false</Inherited>
        <Applicability>
          <ToSelf>true</ToSelf>
          <ToDescendantObjects>false</ToDescendantObjects>
          <ToDescendantContainers>true</ToDescendantContainers>
          <ToDirectDescendantsOnly>false</ToDirectDescendantsOnly>
        </Applicability>
        <Standard>
          <GPOGroupedAccessEnum>Edit, delete, modify security</GPOGroupedAccessEnum>
        </Standard>
        <AccessMask>0</AccessMask>
      </TrusteePermissions>
      <TrusteePermissions>
        <Trustee>
          <SID xmlns="http://www.microsoft.com/GroupPolicy/Types">S-1-5-9</SID>
          <Name xmlns="http://www.microsoft.com/GroupPolicy/Types">NT AUTHORITY\ENTERPRISE DOMAIN CONTROLLERS</Name>
        </Trustee>
        <Type xsi:type="PermissionType">
          <PermissionType>Allow</PermissionType>
        </Type>
        <Inherited>false</Inherited>
        <Applicability>
          <ToSelf>true</ToSelf>
          <ToDescendantObjects>false</ToDescendantObjects>
          <ToDescendantContainers>true</ToDescendantContainers>
          <ToDirectDescendantsOnly>false</ToDirectDescendantsOnly>
        </Applicability>
        <Standard>
          <GPOGroupedAccessEnum>Read</GPOGroupedAccessEnum>
        </Standard>
        <AccessMask>0</AccessMask>
      </TrusteePermissions>
      <TrusteePermissions>
        <Trustee>
          <SID xmlns="http://www.microsoft.com/GroupPolicy/Types">S-1-5-18</SID>
          <Name xmlns="http://www.microsoft.com/GroupPolicy/Types">NT AUTHORITY\SYSTEM</Name>
        </Trustee>
        <Type xsi:type="PermissionType">
          <PermissionType>Allow</PermissionType>
        </Type>
        <Inherited>false</Inherited>
        <Applicability>
          <ToSelf>true</ToSelf>
          <ToDescendantObjects>false</ToDescendantObjects>
          <ToDescendantContainers>true</ToDescendantContainers>
          <ToDirectDescendantsOnly>false</ToDirectDescendantsOnly>
        </Applicability>
        <Standard>
          <GPOGroupedAccessEnum>Edit, delete, modify security</GPOGroupedAccessEnum>
        </Standard>
        <AccessMask>0</AccessMask>
      </TrusteePermissions>
      <TrusteePermissions>
        <Trustee>
          <SID xmlns="http://www.microsoft.com/GroupPolicy/Types">S-1-5-11</SID>
          <Name xmlns="http://www.microsoft.com/GroupPolicy/Types">NT AUTHORITY\Authenticated Users</Name>
        </Trustee>
        <Type xsi:type="PermissionType">
          <PermissionType>Allow</PermissionType>
        </Type>
        <Inherited>false</Inherited>
        <Applicability>
          <ToSelf>true</ToSelf>
          <ToDescendantObjects>false</ToDescendantObjects>
          <ToDescendantContainers>true</ToDescendantContainers>
          <ToDirectDescendantsOnly>false</ToDirectDescendantsOnly>
        </Applicability>
        <Standard>
          <GPOGroupedAccessEnum>Apply Group Policy</GPOGroupedAccessEnum>
        </Standard>
        <AccessMask>0</AccessMask>
      </TrusteePermissions>
      <TrusteePermissions>
        <Trustee>
          <SID xmlns="http://www.microsoft.com/GroupPolicy/Types">S-1-5-21-3051899438-3589783691-4031204720-519</SID>
          <Name xmlns="http://www.microsoft.com/GroupPolicy/Types">NET\Enterprise Admins</Name>
        </Trustee>
        <Type xsi:type="PermissionType">
          <PermissionType>Allow</PermissionType>
        </Type>
        <Inherited>false</Inherited>
        <Applicability>
          <ToSelf>true</ToSelf>
          <ToDescendantObjects>false</ToDescendantObjects>
          <ToDescendantContainers>true</ToDescendantContainers>
          <ToDirectDescendantsOnly>false</ToDirectDescendantsOnly>
        </Applicability>
        <Standard>
          <GPOGroupedAccessEnum>Edit, delete, modify security</GPOGroupedAccessEnum>
        </Standard>
        <AccessMask>0</AccessMask>
      </TrusteePermissions>
    </Permissions>
    <AuditingPresent xmlns="http://www.microsoft.com/GroupPolicy/Types/Security">false</AuditingPresent>
  </SecurityDescriptor>
  <FilterDataAvailable>true</FilterDataAvailable>
  <Computer>
    <VersionDirectory>115</VersionDirectory>
    <VersionSysvol>115</VersionSysvol>
    <Enabled>true</Enabled>
    <ExtensionData>
      <Extension xmlns:q1="http://www.microsoft.com/GroupPolicy/Settings/Windows/Registry" xsi:type="q1:RegistrySettings">
        <q1:RegistrySettings clsid="{A3CCFC41-DFDB-43a5-8D26-0FE8B954DA51}">
          <q1:Collection clsid="{53B533F5-224C-47e3-B01B-CA3B3F3FF4BF}" name="32-bit">
            <q1:GPOSettingOrder>1</q1:GPOSettingOrder>
            <q1:Filters />
            <q1:Registry clsid="{9CD4B2F4-923D-47f5-A062-E897DD1DAD50}" name="SchUseStrongCrypto" status="SchUseStrongCrypto" image="12" changed="2020-08-25 18:50:30" uid="{962DC0F4-C9E9-41ED-B1D3-181345F41C1C}">
              <q1:GPOSettingOrder>1</q1:GPOSettingOrder>
              <q1:Properties action="U" displayDecimal="0" default="0" hive="HKEY_LOCAL_MACHINE" key="SOFTWARE\Wow6432Node\Microsoft\.NETFramework\v4.0.30319" name="SchUseStrongCrypto" type="REG_DWORD" value="00000001">
                <q1:Values />
              </q1:Properties>
              <q1:Filters />
            </q1:Registry>
            <q1:Registry clsid="{9CD4B2F4-923D-47f5-A062-E897DD1DAD50}" name="SchUseStrongCrypto" status="SchUseStrongCrypto" image="12" changed="2020-08-26 04:59:31" uid="{7683457F-4F6D-4B31-AB49-0061BB840C0E}">
              <q1:GPOSettingOrder>2</q1:GPOSettingOrder>
              <q1:Properties action="U" displayDecimal="0" default="0" hive="HKEY_LOCAL_MACHINE" key="SOFTWARE\Wow6432Node\Microsoft\.NETFramework\v2.0.50727" name="SchUseStrongCrypto" type="REG_DWORD" value="00000001">
                <q1:Values />
              </q1:Properties>
              <q1:Filters />
            </q1:Registry>
            <q1:Registry clsid="{9CD4B2F4-923D-47f5-A062-E897DD1DAD50}" name="SystemDefaultTlsVersions" status="SystemDefaultTlsVersions" image="12" changed="2020-08-25 18:50:37" uid="{A0D8EBF8-B9F7-480E-9F6A-AFEA4E85F040}">
              <q1:GPOSettingOrder>3</q1:GPOSettingOrder>
              <q1:Properties action="U" displayDecimal="0" default="0" hive="HKEY_LOCAL_MACHINE" key="SOFTWARE\Wow6432Node\Microsoft\.NETFramework\v4.0.30319" name="SystemDefaultTlsVersions" type="REG_DWORD" value="00000001">
                <q1:Values />
              </q1:Properties>
              <q1:Filters />
            </q1:Registry>
            <q1:Registry clsid="{9CD4B2F4-923D-47f5-A062-E897DD1DAD50}" name="SystemDefaultTlsVersions" status="SystemDefaultTlsVersions" image="12" changed="2020-08-26 04:55:07" uid="{1E5E3B98-0E4B-4434-AA92-D9564B866189}">
              <q1:GPOSettingOrder>4</q1:GPOSettingOrder>
              <q1:Properties action="U" displayDecimal="0" default="0" hive="HKEY_LOCAL_MACHINE" key="SOFTWARE\Wow6432Node\Microsoft\.NETFramework\v2.0.50727" name="SystemDefaultTlsVersions" type="REG_DWORD" value="00000001">
                <q1:Values />
              </q1:Properties>
              <q1:Filters />
            </q1:Registry>
            <q1:Registry clsid="{9CD4B2F4-923D-47f5-A062-E897DD1DAD50}" name="DefaultSecureProtocols" status="DefaultSecureProtocols" image="12" changed="2023-06-28 00:38:51" uid="{174BE8F4-8025-445D-9083-E103AC1820F3}">
              <q1:GPOSettingOrder>5</q1:GPOSettingOrder>
              <q1:Properties action="U" displayDecimal="0" default="0" hive="HKEY_LOCAL_MACHINE" key="SOFTWARE\Wow6432Node\Microsoft\Windows\CurrentVersion\Internet Settings\WinHttp" name="DefaultSecureProtocols" type="REG_DWORD" value="00000A80">
                <q1:Values />
              </q1:Properties>
              <q1:Filters />
            </q1:Registry>
          </q1:Collection>
          <q1:Collection clsid="{53B533F5-224C-47e3-B01B-CA3B3F3FF4BF}" name="64-bit">
            <q1:GPOSettingOrder>2</q1:GPOSettingOrder>
            <q1:Filters />
            <q1:Registry clsid="{9CD4B2F4-923D-47f5-A062-E897DD1DAD50}" name="SchUseStrongCrypto" status="SchUseStrongCrypto" image="12" changed="2020-08-26 05:00:17" uid="{432E177E-E1E8-4C5D-AFE8-424A254ACE72}">
              <q1:GPOSettingOrder>1</q1:GPOSettingOrder>
              <q1:Properties action="U" displayDecimal="0" default="0" hive="HKEY_LOCAL_MACHINE" key="SOFTWARE\Microsoft\.NETFramework\v2.0.50727" name="SchUseStrongCrypto" type="REG_DWORD" value="00000001">
                <q1:Values />
              </q1:Properties>
              <q1:Filters />
            </q1:Registry>
            <q1:Registry clsid="{9CD4B2F4-923D-47f5-A062-E897DD1DAD50}" name="SchUseStrongCrypto" status="SchUseStrongCrypto" image="12" changed="2020-08-25 18:46:28" uid="{9EFEC33A-B8F7-4AEC-915C-98F18E67F48C}">
              <q1:GPOSettingOrder>2</q1:GPOSettingOrder>
              <q1:Properties action="U" displayDecimal="0" default="0" hive="HKEY_LOCAL_MACHINE" key="SOFTWARE\Microsoft\.NETFramework\v4.0.30319" name="SchUseStrongCrypto" type="REG_DWORD" value="00000001">
                <q1:Values />
              </q1:Properties>
              <q1:Filters />
            </q1:Registry>
            <q1:Registry clsid="{9CD4B2F4-923D-47f5-A062-E897DD1DAD50}" name="SystemDefaultTlsVersions" status="SystemDefaultTlsVersions" image="12" changed="2020-08-25 18:46:22" uid="{0641391D-7225-417F-A7DF-9A763B248B42}">
              <q1:GPOSettingOrder>3</q1:GPOSettingOrder>
              <q1:Properties action="U" displayDecimal="0" default="0" hive="HKEY_LOCAL_MACHINE" key="SOFTWARE\Microsoft\.NETFramework\v4.0.30319" name="SystemDefaultTlsVersions" type="REG_DWORD" value="00000001">
                <q1:Values />
              </q1:Properties>
              <q1:Filters />
            </q1:Registry>
            <q1:Registry clsid="{9CD4B2F4-923D-47f5-A062-E897DD1DAD50}" name="SystemDefaultTlsVersions" status="SystemDefaultTlsVersions" image="12" changed="2020-08-26 05:00:23" uid="{2F516C4F-4E7C-4589-A081-37D133179378}">
              <q1:GPOSettingOrder>4</q1:GPOSettingOrder>
              <q1:Properties action="U" displayDecimal="0" default="0" hive="HKEY_LOCAL_MACHINE" key="SOFTWARE\Microsoft\.NETFramework\v2.0.50727" name="SystemDefaultTlsVersions" type="REG_DWORD" value="00000001">
                <q1:Values />
              </q1:Properties>
              <q1:Filters />
            </q1:Registry>
            <q1:Registry clsid="{9CD4B2F4-923D-47f5-A062-E897DD1DAD50}" name="DefaultSecureProtocols" status="DefaultSecureProtocols" image="12" changed="2023-06-28 00:38:42" uid="{2B567162-6E52-44DC-BF3D-507296CB93CF}">
              <q1:GPOSettingOrder>5</q1:GPOSettingOrder>
              <q1:Properties action="U" displayDecimal="0" default="0" hive="HKEY_LOCAL_MACHINE" key="SOFTWARE\Microsoft\Windows\CurrentVersion\Internet Settings\WinHttp" name="DefaultSecureProtocols" type="REG_DWORD" value="00000A80">
                <q1:Values />
              </q1:Properties>
              <q1:Filters />
            </q1:Registry>
          </q1:Collection>
        </q1:RegistrySettings>
      </Extension>
      <Name>Windows Registry</Name>
    </ExtensionData>
  </Computer>
  <User>
    <VersionDirectory>1</VersionDirectory>
    <VersionSysvol>1</VersionSysvol>
    <Enabled>false</Enabled>
  </User>
  <LinksTo>
    <SOMName>Workstations</SOMName>
    <SOMPath>domain.local/Directory/Computers/Workstations</SOMPath>
    <Enabled>true</Enabled>
    <NoOverride>false</NoOverride>
  </LinksTo>
</GPO>