﻿<?xml version="1.0" encoding="utf-16"?>
<GPO xmlns:xsd="http://www.w3.org/2001/XMLSchema" xmlns:xsi="http://www.w3.org/2001/XMLSchema-instance" xmlns="http://www.microsoft.com/GroupPolicy/Settings">
  <Identifier>
    <Identifier xmlns="http://www.microsoft.com/GroupPolicy/Types">{cdc13d5b-e38a-4a73-bef6-da6c51974197}</Identifier>
    <Domain xmlns="http://www.microsoft.com/GroupPolicy/Types">domain.local</Domain>
  </Identifier>
  <Name>Firewall Rules - File Sharing</Name>
  <IncludeComments>true</IncludeComments>
  <CreatedTime>2019-02-12T03:10:00</CreatedTime>
  <ModifiedTime>2023-11-07T13:13:48</ModifiedTime>
  <ReadTime>2025-03-20T16:32:53.6098471Z</ReadTime>
  <SecurityDescriptor>
    <SDDL xmlns="http://www.microsoft.com/GroupPolicy/Types/Security">O:DAG:DAD:PAI(OA;CI;CR;edacfd8f-ffb3-11d1-b41d-00a0c968f939;;AU)(A;;CCDCLCSWRPWPDTLOSDRCWDWO;;;DA)(A;CI;CCDCLCSWRPWPDTLOSDRCWDWO;;;DA)(A;CI;CCDCLCSWRPWPDTLOSDRCWDWO;;;S-1-5-21-3051899438-3589783691-4031204720-519)(A;CI;LCRPLORC;;;ED)(A;CI;LCRPLORC;;;AU)(A;CI;CCDCLCSWRPWPDTLOSDRCWDWO;;;SY)(A;CIIO;CCDCLCSWRPWPDTLOSDRCWDWO;;;CO)S:AI(OU;CIIDSA;WPWD;;f30e3bc2-9ff0-11d1-b603-0000f80367c1;WD)(OU;CIIOIDSA;WP;f30e3bbe-9ff0-11d1-b603-0000f80367c1;bf967aa5-0de6-11d0-a285-00aa003049e2;WD)(OU;CIIOIDSA;WP;f30e3bbf-9ff0-11d1-b603-0000f80367c1;bf967aa5-0de6-11d0-a285-00aa003049e2;WD)</SDDL>
    <Owner xmlns="http://www.microsoft.com/GroupPolicy/Types/Security">
      <SID xmlns="http://www.microsoft.com/GroupPolicy/Types">S-1-5-21-3051899438-3589783691-4031204720-512</SID>
      <Name xmlns="http://www.microsoft.com/GroupPolicy/Types">NET\Domain Admins</Name>
    </Owner>
    <Group xmlns="http://www.microsoft.com/GroupPolicy/Types/Security">
      <SID xmlns="http://www.microsoft.com/GroupPolicy/Types">S-1-5-21-3051899438-3589783691-4031204720-512</SID>
      <Name xmlns="http://www.microsoft.com/GroupPolicy/Types">NET\Domain Admins</Name>
    </Group>
    <PermissionsPresent xmlns="http://www.microsoft.com/GroupPolicy/Types/Security">true</PermissionsPresent>
    <Permissions xmlns="http://www.microsoft.com/GroupPolicy/Types/Security">
      <InheritsFromParent>false</InheritsFromParent>
      <TrusteePermissions>
        <Trustee>
          <SID xmlns="http://www.microsoft.com/GroupPolicy/Types">S-1-5-21-3051899438-3589783691-4031204720-512</SID>
          <Name xmlns="http://www.microsoft.com/GroupPolicy/Types">NET\Domain Admins</Name>
        </Trustee>
        <Type xsi:type="PermissionType">
          <PermissionType>Allow</PermissionType>
        </Type>
        <Inherited>false</Inherited>
        <Applicability>
          <ToSelf>true</ToSelf>
          <ToDescendantObjects>false</ToDescendantObjects>
          <ToDescendantContainers>true</ToDescendantContainers>
          <ToDirectDescendantsOnly>false</ToDirectDescendantsOnly>
        </Applicability>
        <Standard>
          <GPOGroupedAccessEnum>Edit, delete, modify security</GPOGroupedAccessEnum>
        </Standard>
        <AccessMask>0</AccessMask>
      </TrusteePermissions>
      <TrusteePermissions>
        <Trustee>
          <SID xmlns="http://www.microsoft.com/GroupPolicy/Types">S-1-5-9</SID>
          <Name xmlns="http://www.microsoft.com/GroupPolicy/Types">NT AUTHORITY\ENTERPRISE DOMAIN CONTROLLERS</Name>
        </Trustee>
        <Type xsi:type="PermissionType">
          <PermissionType>Allow</PermissionType>
        </Type>
        <Inherited>false</Inherited>
        <Applicability>
          <ToSelf>true</ToSelf>
          <ToDescendantObjects>false</ToDescendantObjects>
          <ToDescendantContainers>true</ToDescendantContainers>
          <ToDirectDescendantsOnly>false</ToDirectDescendantsOnly>
        </Applicability>
        <Standard>
          <GPOGroupedAccessEnum>Read</GPOGroupedAccessEnum>
        </Standard>
        <AccessMask>0</AccessMask>
      </TrusteePermissions>
      <TrusteePermissions>
        <Trustee>
          <SID xmlns="http://www.microsoft.com/GroupPolicy/Types">S-1-5-18</SID>
          <Name xmlns="http://www.microsoft.com/GroupPolicy/Types">NT AUTHORITY\SYSTEM</Name>
        </Trustee>
        <Type xsi:type="PermissionType">
          <PermissionType>Allow</PermissionType>
        </Type>
        <Inherited>false</Inherited>
        <Applicability>
          <ToSelf>true</ToSelf>
          <ToDescendantObjects>false</ToDescendantObjects>
          <ToDescendantContainers>true</ToDescendantContainers>
          <ToDirectDescendantsOnly>false</ToDirectDescendantsOnly>
        </Applicability>
        <Standard>
          <GPOGroupedAccessEnum>Edit, delete, modify security</GPOGroupedAccessEnum>
        </Standard>
        <AccessMask>0</AccessMask>
      </TrusteePermissions>
      <TrusteePermissions>
        <Trustee>
          <SID xmlns="http://www.microsoft.com/GroupPolicy/Types">S-1-5-11</SID>
          <Name xmlns="http://www.microsoft.com/GroupPolicy/Types">NT AUTHORITY\Authenticated Users</Name>
        </Trustee>
        <Type xsi:type="PermissionType">
          <PermissionType>Allow</PermissionType>
        </Type>
        <Inherited>false</Inherited>
        <Applicability>
          <ToSelf>true</ToSelf>
          <ToDescendantObjects>false</ToDescendantObjects>
          <ToDescendantContainers>true</ToDescendantContainers>
          <ToDirectDescendantsOnly>false</ToDirectDescendantsOnly>
        </Applicability>
        <Standard>
          <GPOGroupedAccessEnum>Apply Group Policy</GPOGroupedAccessEnum>
        </Standard>
        <AccessMask>0</AccessMask>
      </TrusteePermissions>
      <TrusteePermissions>
        <Trustee>
          <SID xmlns="http://www.microsoft.com/GroupPolicy/Types">S-1-5-21-3051899438-3589783691-4031204720-519</SID>
          <Name xmlns="http://www.microsoft.com/GroupPolicy/Types">NET\Enterprise Admins</Name>
        </Trustee>
        <Type xsi:type="PermissionType">
          <PermissionType>Allow</PermissionType>
        </Type>
        <Inherited>false</Inherited>
        <Applicability>
          <ToSelf>true</ToSelf>
          <ToDescendantObjects>false</ToDescendantObjects>
          <ToDescendantContainers>true</ToDescendantContainers>
          <ToDirectDescendantsOnly>false</ToDirectDescendantsOnly>
        </Applicability>
        <Standard>
          <GPOGroupedAccessEnum>Edit, delete, modify security</GPOGroupedAccessEnum>
        </Standard>
        <AccessMask>0</AccessMask>
      </TrusteePermissions>
    </Permissions>
    <AuditingPresent xmlns="http://www.microsoft.com/GroupPolicy/Types/Security">false</AuditingPresent>
  </SecurityDescriptor>
  <FilterDataAvailable>true</FilterDataAvailable>
  <Computer>
    <VersionDirectory>23</VersionDirectory>
    <VersionSysvol>23</VersionSysvol>
    <Enabled>true</Enabled>
    <ExtensionData>
      <Extension xmlns:q1="http://www.microsoft.com/GroupPolicy/Settings/WindowsFirewall" xsi:type="q1:WindowsFirewallSettings">
        <q1:GlobalSettings>
          <q1:PolicyVersion>
            <q1:Value>541</q1:Value>
          </q1:PolicyVersion>
        </q1:GlobalSettings>
        <q1:InboundFirewallRules>
          <q1:Version>2.28</q1:Version>
          <q1:Action>Allow</q1:Action>
          <q1:Name>@FirewallAPI.dll,-28545</q1:Name>
          <q1:Dir>In</q1:Dir>
          <q1:App>System</q1:App>
          <q1:Protocol>58</q1:Protocol>
          <q1:ICMP6>128:*</q1:ICMP6>
          <q1:Desc>@FirewallAPI.dll,-28547</q1:Desc>
          <q1:Active>true</q1:Active>
          <q1:EmbedCtxt>@FirewallAPI.dll,-28502</q1:EmbedCtxt>
        </q1:InboundFirewallRules>
        <q1:InboundFirewallRules>
          <q1:Version>2.28</q1:Version>
          <q1:Action>Allow</q1:Action>
          <q1:Name>@FirewallAPI.dll,-28543</q1:Name>
          <q1:Dir>In</q1:Dir>
          <q1:App>System</q1:App>
          <q1:Protocol>1</q1:Protocol>
          <q1:ICMP4>8:*</q1:ICMP4>
          <q1:Desc>@FirewallAPI.dll,-28547</q1:Desc>
          <q1:Active>true</q1:Active>
          <q1:EmbedCtxt>@FirewallAPI.dll,-28502</q1:EmbedCtxt>
        </q1:InboundFirewallRules>
        <q1:InboundFirewallRules>
          <q1:Version>2.28</q1:Version>
          <q1:Action>Allow</q1:Action>
          <q1:Name>@FirewallAPI.dll,-28548</q1:Name>
          <q1:Dir>In</q1:Dir>
          <q1:App>%SystemRoot%\system32\svchost.exe</q1:App>
          <q1:Svc>dnscache</q1:Svc>
          <q1:RA4>LocalSubnet</q1:RA4>
          <q1:RA6>LocalSubnet</q1:RA6>
          <q1:LPort>5355</q1:LPort>
          <q1:Protocol>17</q1:Protocol>
          <q1:Desc>@FirewallAPI.dll,-28549</q1:Desc>
          <q1:Active>true</q1:Active>
          <q1:EmbedCtxt>@FirewallAPI.dll,-28502</q1:EmbedCtxt>
        </q1:InboundFirewallRules>
        <q1:InboundFirewallRules>
          <q1:Version>2.28</q1:Version>
          <q1:Action>Allow</q1:Action>
          <q1:Name>@FirewallAPI.dll,-28539</q1:Name>
          <q1:Dir>In</q1:Dir>
          <q1:App>%SystemRoot%\system32\svchost.exe</q1:App>
          <q1:Svc>Rpcss</q1:Svc>
          <q1:LPort>RPC-EPMap</q1:LPort>
          <q1:Protocol>6</q1:Protocol>
          <q1:Desc>@FirewallAPI.dll,-28542</q1:Desc>
          <q1:Active>true</q1:Active>
          <q1:EmbedCtxt>@FirewallAPI.dll,-28502</q1:EmbedCtxt>
        </q1:InboundFirewallRules>
        <q1:InboundFirewallRules>
          <q1:Version>2.28</q1:Version>
          <q1:Action>Allow</q1:Action>
          <q1:Name>@FirewallAPI.dll,-28535</q1:Name>
          <q1:Dir>In</q1:Dir>
          <q1:App>%SystemRoot%\system32\spoolsv.exe</q1:App>
          <q1:Svc>Spooler</q1:Svc>
          <q1:LPort>RPC</q1:LPort>
          <q1:Protocol>6</q1:Protocol>
          <q1:Desc>@FirewallAPI.dll,-28538</q1:Desc>
          <q1:Active>true</q1:Active>
          <q1:EmbedCtxt>@FirewallAPI.dll,-28502</q1:EmbedCtxt>
        </q1:InboundFirewallRules>
        <q1:InboundFirewallRules>
          <q1:Version>2.28</q1:Version>
          <q1:Action>Allow</q1:Action>
          <q1:Name>@FirewallAPI.dll,-28527</q1:Name>
          <q1:Dir>In</q1:Dir>
          <q1:App>System</q1:App>
          <q1:LPort>138</q1:LPort>
          <q1:Protocol>17</q1:Protocol>
          <q1:Desc>@FirewallAPI.dll,-28530</q1:Desc>
          <q1:Active>true</q1:Active>
          <q1:EmbedCtxt>@FirewallAPI.dll,-28502</q1:EmbedCtxt>
        </q1:InboundFirewallRules>
        <q1:InboundFirewallRules>
          <q1:Version>2.28</q1:Version>
          <q1:Action>Allow</q1:Action>
          <q1:Name>@FirewallAPI.dll,-28519</q1:Name>
          <q1:Dir>In</q1:Dir>
          <q1:App>System</q1:App>
          <q1:LPort>137</q1:LPort>
          <q1:Protocol>17</q1:Protocol>
          <q1:Desc>@FirewallAPI.dll,-28522</q1:Desc>
          <q1:Active>true</q1:Active>
          <q1:EmbedCtxt>@FirewallAPI.dll,-28502</q1:EmbedCtxt>
        </q1:InboundFirewallRules>
        <q1:InboundFirewallRules>
          <q1:Version>2.28</q1:Version>
          <q1:Action>Allow</q1:Action>
          <q1:Name>@FirewallAPI.dll,-28511</q1:Name>
          <q1:Dir>In</q1:Dir>
          <q1:App>System</q1:App>
          <q1:LPort>445</q1:LPort>
          <q1:Protocol>6</q1:Protocol>
          <q1:Desc>@FirewallAPI.dll,-28514</q1:Desc>
          <q1:Active>true</q1:Active>
          <q1:EmbedCtxt>@FirewallAPI.dll,-28502</q1:EmbedCtxt>
        </q1:InboundFirewallRules>
        <q1:InboundFirewallRules>
          <q1:Version>2.28</q1:Version>
          <q1:Action>Allow</q1:Action>
          <q1:Name>@FirewallAPI.dll,-28503</q1:Name>
          <q1:Dir>In</q1:Dir>
          <q1:App>System</q1:App>
          <q1:LPort>139</q1:LPort>
          <q1:Protocol>6</q1:Protocol>
          <q1:Desc>@FirewallAPI.dll,-28506</q1:Desc>
          <q1:Active>true</q1:Active>
          <q1:EmbedCtxt>@FirewallAPI.dll,-28502</q1:EmbedCtxt>
        </q1:InboundFirewallRules>
      </Extension>
      <Name>Windows Firewall</Name>
    </ExtensionData>
    <ExtensionData>
      <Extension xmlns:q2="http://www.microsoft.com/GroupPolicy/Settings/Registry" xsi:type="q2:RegistrySettings">
        <q2:Blocked>false</q2:Blocked>
      </Extension>
      <Name>Registry</Name>
    </ExtensionData>
  </Computer>
  <User>
    <VersionDirectory>0</VersionDirectory>
    <VersionSysvol>0</VersionSysvol>
    <Enabled>false</Enabled>
  </User>
  <LinksTo>
    <SOMName>Computers</SOMName>
    <SOMPath>domain.local/Directory/Computers</SOMPath>
    <Enabled>true</Enabled>
    <NoOverride>false</NoOverride>
  </LinksTo>
</GPO>