<BackupInst xmlns="http://www.microsoft.com/GroupPolicy/GPOOperations/Manifest"><GPOGuid><![CDATA[{962df16b-e25d-454c-be46-74ea7e32c288}]]></GPOGuid><GPODomain><![CDATA[domain.local]]></GPODomain><GPODomainGuid><![CDATA[{04cef035-999e-42d2-a4b0-ec110bfb1fc2}]]></GPODomainGuid><GPODomainController><![CDATA[DC-1.domain.local]]></GPODomainController><BackupTime><![CDATA[2025-03-21T06:08:02]]></BackupTime><ID><![CDATA[{D25E3C28-7117-4016-97C4-548BAAC8CE03}]]></ID><Comment><![CDATA[]]></Comment><GPODisplayName><![CDATA[Windows - Do not Power Off after Shutdown]]></GPODisplayName></BackupInst>
