﻿<?xml version="1.0" encoding="utf-16"?>
<GPO xmlns:xsd="http://www.w3.org/2001/XMLSchema" xmlns:xsi="http://www.w3.org/2001/XMLSchema-instance" xmlns="http://www.microsoft.com/GroupPolicy/Settings">
  <Identifier>
    <Identifier xmlns="http://www.microsoft.com/GroupPolicy/Types">{30fcb249-588e-43e0-aeee-63992841f963}</Identifier>
    <Domain xmlns="http://www.microsoft.com/GroupPolicy/Types">domain.local</Domain>
  </Identifier>
  <Name>Windows - External Time Source</Name>
  <IncludeComments>true</IncludeComments>
  <CreatedTime>2019-09-12T23:16:58</CreatedTime>
  <ModifiedTime>2022-03-31T16:24:54</ModifiedTime>
  <ReadTime>2025-03-20T16:32:55.9636937Z</ReadTime>
  <SecurityDescriptor>
    <SDDL xmlns="http://www.microsoft.com/GroupPolicy/Types/Security">O:DAG:DAD:PAI(OA;CI;CR;edacfd8f-ffb3-11d1-b41d-00a0c968f939;;AU)(A;;CCDCLCSWRPWPDTLOSDRCWDWO;;;DA)(A;CI;CCDCLCSWRPWPDTLOSDRCWDWO;;;DA)(A;CI;CCDCLCSWRPWPDTLOSDRCWDWO;;;S-1-5-21-3051899438-3589783691-4031204720-519)(A;CI;LCRPLORC;;;ED)(A;CI;LCRPLORC;;;AU)(A;CI;CCDCLCSWRPWPDTLOSDRCWDWO;;;SY)(A;CIIO;CCDCLCSWRPWPDTLOSDRCWDWO;;;CO)S:AI(OU;CIIDSA;WPWD;;f30e3bc2-9ff0-11d1-b603-0000f80367c1;WD)(OU;CIIOIDSA;WP;f30e3bbe-9ff0-11d1-b603-0000f80367c1;bf967aa5-0de6-11d0-a285-00aa003049e2;WD)(OU;CIIOIDSA;WP;f30e3bbf-9ff0-11d1-b603-0000f80367c1;bf967aa5-0de6-11d0-a285-00aa003049e2;WD)</SDDL>
    <Owner xmlns="http://www.microsoft.com/GroupPolicy/Types/Security">
      <SID xmlns="http://www.microsoft.com/GroupPolicy/Types">S-1-5-21-3051899438-3589783691-4031204720-512</SID>
      <Name xmlns="http://www.microsoft.com/GroupPolicy/Types">NET\Domain Admins</Name>
    </Owner>
    <Group xmlns="http://www.microsoft.com/GroupPolicy/Types/Security">
      <SID xmlns="http://www.microsoft.com/GroupPolicy/Types">S-1-5-21-3051899438-3589783691-4031204720-512</SID>
      <Name xmlns="http://www.microsoft.com/GroupPolicy/Types">NET\Domain Admins</Name>
    </Group>
    <PermissionsPresent xmlns="http://www.microsoft.com/GroupPolicy/Types/Security">true</PermissionsPresent>
    <Permissions xmlns="http://www.microsoft.com/GroupPolicy/Types/Security">
      <InheritsFromParent>false</InheritsFromParent>
      <TrusteePermissions>
        <Trustee>
          <SID xmlns="http://www.microsoft.com/GroupPolicy/Types">S-1-5-21-3051899438-3589783691-4031204720-512</SID>
          <Name xmlns="http://www.microsoft.com/GroupPolicy/Types">NET\Domain Admins</Name>
        </Trustee>
        <Type xsi:type="PermissionType">
          <PermissionType>Allow</PermissionType>
        </Type>
        <Inherited>false</Inherited>
        <Applicability>
          <ToSelf>true</ToSelf>
          <ToDescendantObjects>false</ToDescendantObjects>
          <ToDescendantContainers>true</ToDescendantContainers>
          <ToDirectDescendantsOnly>false</ToDirectDescendantsOnly>
        </Applicability>
        <Standard>
          <GPOGroupedAccessEnum>Edit, delete, modify security</GPOGroupedAccessEnum>
        </Standard>
        <AccessMask>0</AccessMask>
      </TrusteePermissions>
      <TrusteePermissions>
        <Trustee>
          <SID xmlns="http://www.microsoft.com/GroupPolicy/Types">S-1-5-9</SID>
          <Name xmlns="http://www.microsoft.com/GroupPolicy/Types">NT AUTHORITY\ENTERPRISE DOMAIN CONTROLLERS</Name>
        </Trustee>
        <Type xsi:type="PermissionType">
          <PermissionType>Allow</PermissionType>
        </Type>
        <Inherited>false</Inherited>
        <Applicability>
          <ToSelf>true</ToSelf>
          <ToDescendantObjects>false</ToDescendantObjects>
          <ToDescendantContainers>true</ToDescendantContainers>
          <ToDirectDescendantsOnly>false</ToDirectDescendantsOnly>
        </Applicability>
        <Standard>
          <GPOGroupedAccessEnum>Read</GPOGroupedAccessEnum>
        </Standard>
        <AccessMask>0</AccessMask>
      </TrusteePermissions>
      <TrusteePermissions>
        <Trustee>
          <SID xmlns="http://www.microsoft.com/GroupPolicy/Types">S-1-5-18</SID>
          <Name xmlns="http://www.microsoft.com/GroupPolicy/Types">NT AUTHORITY\SYSTEM</Name>
        </Trustee>
        <Type xsi:type="PermissionType">
          <PermissionType>Allow</PermissionType>
        </Type>
        <Inherited>false</Inherited>
        <Applicability>
          <ToSelf>true</ToSelf>
          <ToDescendantObjects>false</ToDescendantObjects>
          <ToDescendantContainers>true</ToDescendantContainers>
          <ToDirectDescendantsOnly>false</ToDirectDescendantsOnly>
        </Applicability>
        <Standard>
          <GPOGroupedAccessEnum>Edit, delete, modify security</GPOGroupedAccessEnum>
        </Standard>
        <AccessMask>0</AccessMask>
      </TrusteePermissions>
      <TrusteePermissions>
        <Trustee>
          <SID xmlns="http://www.microsoft.com/GroupPolicy/Types">S-1-5-11</SID>
          <Name xmlns="http://www.microsoft.com/GroupPolicy/Types">NT AUTHORITY\Authenticated Users</Name>
        </Trustee>
        <Type xsi:type="PermissionType">
          <PermissionType>Allow</PermissionType>
        </Type>
        <Inherited>false</Inherited>
        <Applicability>
          <ToSelf>true</ToSelf>
          <ToDescendantObjects>false</ToDescendantObjects>
          <ToDescendantContainers>true</ToDescendantContainers>
          <ToDirectDescendantsOnly>false</ToDirectDescendantsOnly>
        </Applicability>
        <Standard>
          <GPOGroupedAccessEnum>Apply Group Policy</GPOGroupedAccessEnum>
        </Standard>
        <AccessMask>0</AccessMask>
      </TrusteePermissions>
      <TrusteePermissions>
        <Trustee>
          <SID xmlns="http://www.microsoft.com/GroupPolicy/Types">S-1-5-21-3051899438-3589783691-4031204720-519</SID>
          <Name xmlns="http://www.microsoft.com/GroupPolicy/Types">NET\Enterprise Admins</Name>
        </Trustee>
        <Type xsi:type="PermissionType">
          <PermissionType>Allow</PermissionType>
        </Type>
        <Inherited>false</Inherited>
        <Applicability>
          <ToSelf>true</ToSelf>
          <ToDescendantObjects>false</ToDescendantObjects>
          <ToDescendantContainers>true</ToDescendantContainers>
          <ToDirectDescendantsOnly>false</ToDirectDescendantsOnly>
        </Applicability>
        <Standard>
          <GPOGroupedAccessEnum>Edit, delete, modify security</GPOGroupedAccessEnum>
        </Standard>
        <AccessMask>0</AccessMask>
      </TrusteePermissions>
    </Permissions>
    <AuditingPresent xmlns="http://www.microsoft.com/GroupPolicy/Types/Security">false</AuditingPresent>
  </SecurityDescriptor>
  <FilterDataAvailable>true</FilterDataAvailable>
  <Computer>
    <VersionDirectory>2</VersionDirectory>
    <VersionSysvol>2</VersionSysvol>
    <Enabled>true</Enabled>
    <ExtensionData>
      <Extension xmlns:q1="http://www.microsoft.com/GroupPolicy/Settings/Registry" xsi:type="q1:RegistrySettings">
        <q1:Policy>
          <q1:Name>Configure Windows NTP Client</q1:Name>
          <q1:State>Enabled</q1:State>
          <q1:Explain>This policy setting specifies a set of parameters for controlling the Windows NTP Client.

If you enable this policy setting, you can specify the following parameters for the Windows NTP Client.

If you disable or do not configure this policy setting, the WIndows NTP Client uses the defaults of each of the following parameters.

NtpServer
The Domain Name System (DNS) name or IP address of an NTP time source. This value is in the form of ""dnsName,flags"" where ""flags"" is a hexadecimal bitmask of the flags for that host. For more information, see the NTP Client Group Policy Settings Associated with Windows Time section of the Windows Time Service Group Policy Settings.  The default value is ""time.windows.com,0x09"". 

Type
This value controls the authentication that W32time uses. The default value is NT5DS.

CrossSiteSyncFlags
This value, expressed as a bitmask, controls how W32time chooses time sources outside its own site. The possible values are 0, 1, and 2. Setting this value to 0 (None) indicates that the time client should not attempt to synchronize time outside its site. Setting this value to 1 (PdcOnly) indicates that only the computers that function as primary domain controller (PDC) emulator operations masters in other domains can be used as synchronization partners when the client has to synchronize time with a partner outside its own site. Setting a value of 2 (All) indicates that any synchronization partner can be used. This value is ignored if the NT5DS value is not set. The default value is 2 decimal (0x02 hexadecimal).

ResolvePeerBackoffMinutes
This value, expressed in minutes, controls how long W32time waits before it attempts to resolve a DNS name when a previous attempt failed. The default value is 15 minutes.

ResolvePeerBackoffMaxTimes
This value controls how many times W32time attempts to resolve a DNS name before the discovery process is restarted. Each time DNS name resolution fails, the amount of time to wait before the next attempt will be twice the previous amount. The default value is seven attempts.

SpecialPollInterval
This NTP client value, expressed in seconds, controls how often a manually configured time source is polled when the time source is configured to use a special polling interval. If the SpecialInterval flag is enabled on the NTPServer setting, the client uses the value that is set as the SpecialPollInterval, instead of a variable interval between MinPollInterval and MaxPollInterval values, to determine how frequently to poll the time source. SpecialPollInterval must be in the range of [MinPollInterval, MaxPollInterval], else the nearest value of the range is picked. Default: 1024 seconds.

EventLogFlags
This value is a bitmask that controls events that may be logged to the System log in Event Viewer. Setting this value to 0x1 indicates that W32time will create an event whenever a time jump is detected. Setting this value to 0x2 indicates that W32time will create an event whenever a time source change is made. Because it is a bitmask value, setting 0x3 (the addition of 0x1 and 0x2) indicates that both time jumps and time source changes will be logged.
      </q1:Explain>
          <q1:Supported>At least Windows Server 2003 operating systems or Windows XP Professional</q1:Supported>
          <q1:Category>System/Windows Time Service/Time Providers</q1:Category>
          <q1:EditText>
            <q1:Name>NtpServer</q1:Name>
            <q1:State>Enabled</q1:State>
            <q1:Value>time.windows.com,0x9</q1:Value>
          </q1:EditText>
          <q1:DropDownList>
            <q1:Name>Type</q1:Name>
            <q1:State>Enabled</q1:State>
            <q1:Value>
              <q1:Name>NTP</q1:Name>
            </q1:Value>
          </q1:DropDownList>
          <q1:Numeric>
            <q1:Name>CrossSiteSyncFlags</q1:Name>
            <q1:State>Enabled</q1:State>
            <q1:Value>2</q1:Value>
          </q1:Numeric>
          <q1:Numeric>
            <q1:Name>ResolvePeerBackoffMinutes</q1:Name>
            <q1:State>Enabled</q1:State>
            <q1:Value>15</q1:Value>
          </q1:Numeric>
          <q1:Numeric>
            <q1:Name>ResolvePeerBackoffMaxTimes</q1:Name>
            <q1:State>Enabled</q1:State>
            <q1:Value>7</q1:Value>
          </q1:Numeric>
          <q1:Numeric>
            <q1:Name>SpecialPollInterval</q1:Name>
            <q1:State>Enabled</q1:State>
            <q1:Value>1024</q1:Value>
          </q1:Numeric>
          <q1:Numeric>
            <q1:Name>EventLogFlags</q1:Name>
            <q1:State>Enabled</q1:State>
            <q1:Value>2</q1:Value>
          </q1:Numeric>
        </q1:Policy>
        <q1:Policy>
          <q1:Name>Enable Windows NTP Client</q1:Name>
          <q1:State>Enabled</q1:State>
          <q1:Explain>This policy setting specifies whether the Windows NTP Client is enabled.

Enabling the Windows NTP Client allows your computer to synchronize its computer clock with other NTP servers. You might want to disable this service if you decide to use a third-party time provider.

If you enable this policy setting, you can set the local computer clock to synchronize time with NTP servers.

If you disable or do not configure this policy setting, the local computer clock does not synchronize time with NTP servers.
      </q1:Explain>
          <q1:Supported>At least Windows Server 2003 operating systems or Windows XP Professional</q1:Supported>
          <q1:Category>System/Windows Time Service/Time Providers</q1:Category>
        </q1:Policy>
        <q1:Blocked>false</q1:Blocked>
      </Extension>
      <Name>Registry</Name>
    </ExtensionData>
  </Computer>
  <User>
    <VersionDirectory>0</VersionDirectory>
    <VersionSysvol>0</VersionSysvol>
    <Enabled>false</Enabled>
  </User>
  <LinksTo>
    <SOMName>Hypervisors</SOMName>
    <SOMPath>domain.local/Directory/Computers/Hypervisors</SOMPath>
    <Enabled>true</Enabled>
    <NoOverride>false</NoOverride>
  </LinksTo>
</GPO>