﻿<?xml version="1.0" encoding="utf-16"?>
<GPO xmlns:xsd="http://www.w3.org/2001/XMLSchema" xmlns:xsi="http://www.w3.org/2001/XMLSchema-instance" xmlns="http://www.microsoft.com/GroupPolicy/Settings">
  <Identifier>
    <Identifier xmlns="http://www.microsoft.com/GroupPolicy/Types">{8e0fb088-cceb-4ab4-964e-efae345da99a}</Identifier>
    <Domain xmlns="http://www.microsoft.com/GroupPolicy/Types">domain.local</Domain>
  </Identifier>
  <Name>Windows Update - Settings</Name>
  <IncludeComments>true</IncludeComments>
  <CreatedTime>2017-02-07T00:01:49</CreatedTime>
  <ModifiedTime>2022-11-05T06:10:36</ModifiedTime>
  <ReadTime>2025-03-20T16:32:48.2356853Z</ReadTime>
  <SecurityDescriptor>
    <SDDL xmlns="http://www.microsoft.com/GroupPolicy/Types/Security">O:DAG:DAD:PAI(OA;CI;CR;edacfd8f-ffb3-11d1-b41d-00a0c968f939;;AU)(A;;CCDCLCSWRPWPDTLOSDRCWDWO;;;DA)(A;CI;CCDCLCSWRPWPDTLOSDRCWDWO;;;DA)(A;CI;CCDCLCSWRPWPDTLOSDRCWDWO;;;S-1-5-21-3051899438-3589783691-4031204720-519)(A;CI;LCRPLORC;;;ED)(A;CI;LCRPLORC;;;AU)(A;CI;CCDCLCSWRPWPDTLOSDRCWDWO;;;SY)(A;CIIO;CCDCLCSWRPWPDTLOSDRCWDWO;;;CO)S:AI(OU;CIIDSA;WPWD;;f30e3bc2-9ff0-11d1-b603-0000f80367c1;WD)(OU;CIIOIDSA;WP;f30e3bbe-9ff0-11d1-b603-0000f80367c1;bf967aa5-0de6-11d0-a285-00aa003049e2;WD)(OU;CIIOIDSA;WP;f30e3bbf-9ff0-11d1-b603-0000f80367c1;bf967aa5-0de6-11d0-a285-00aa003049e2;WD)</SDDL>
    <Owner xmlns="http://www.microsoft.com/GroupPolicy/Types/Security">
      <SID xmlns="http://www.microsoft.com/GroupPolicy/Types">S-1-5-21-3051899438-3589783691-4031204720-512</SID>
      <Name xmlns="http://www.microsoft.com/GroupPolicy/Types">NET\Domain Admins</Name>
    </Owner>
    <Group xmlns="http://www.microsoft.com/GroupPolicy/Types/Security">
      <SID xmlns="http://www.microsoft.com/GroupPolicy/Types">S-1-5-21-3051899438-3589783691-4031204720-512</SID>
      <Name xmlns="http://www.microsoft.com/GroupPolicy/Types">NET\Domain Admins</Name>
    </Group>
    <PermissionsPresent xmlns="http://www.microsoft.com/GroupPolicy/Types/Security">true</PermissionsPresent>
    <Permissions xmlns="http://www.microsoft.com/GroupPolicy/Types/Security">
      <InheritsFromParent>false</InheritsFromParent>
      <TrusteePermissions>
        <Trustee>
          <SID xmlns="http://www.microsoft.com/GroupPolicy/Types">S-1-5-21-3051899438-3589783691-4031204720-512</SID>
          <Name xmlns="http://www.microsoft.com/GroupPolicy/Types">NET\Domain Admins</Name>
        </Trustee>
        <Type xsi:type="PermissionType">
          <PermissionType>Allow</PermissionType>
        </Type>
        <Inherited>false</Inherited>
        <Applicability>
          <ToSelf>true</ToSelf>
          <ToDescendantObjects>false</ToDescendantObjects>
          <ToDescendantContainers>true</ToDescendantContainers>
          <ToDirectDescendantsOnly>false</ToDirectDescendantsOnly>
        </Applicability>
        <Standard>
          <GPOGroupedAccessEnum>Edit, delete, modify security</GPOGroupedAccessEnum>
        </Standard>
        <AccessMask>0</AccessMask>
      </TrusteePermissions>
      <TrusteePermissions>
        <Trustee>
          <SID xmlns="http://www.microsoft.com/GroupPolicy/Types">S-1-5-9</SID>
          <Name xmlns="http://www.microsoft.com/GroupPolicy/Types">NT AUTHORITY\ENTERPRISE DOMAIN CONTROLLERS</Name>
        </Trustee>
        <Type xsi:type="PermissionType">
          <PermissionType>Allow</PermissionType>
        </Type>
        <Inherited>false</Inherited>
        <Applicability>
          <ToSelf>true</ToSelf>
          <ToDescendantObjects>false</ToDescendantObjects>
          <ToDescendantContainers>true</ToDescendantContainers>
          <ToDirectDescendantsOnly>false</ToDirectDescendantsOnly>
        </Applicability>
        <Standard>
          <GPOGroupedAccessEnum>Read</GPOGroupedAccessEnum>
        </Standard>
        <AccessMask>0</AccessMask>
      </TrusteePermissions>
      <TrusteePermissions>
        <Trustee>
          <SID xmlns="http://www.microsoft.com/GroupPolicy/Types">S-1-5-18</SID>
          <Name xmlns="http://www.microsoft.com/GroupPolicy/Types">NT AUTHORITY\SYSTEM</Name>
        </Trustee>
        <Type xsi:type="PermissionType">
          <PermissionType>Allow</PermissionType>
        </Type>
        <Inherited>false</Inherited>
        <Applicability>
          <ToSelf>true</ToSelf>
          <ToDescendantObjects>false</ToDescendantObjects>
          <ToDescendantContainers>true</ToDescendantContainers>
          <ToDirectDescendantsOnly>false</ToDirectDescendantsOnly>
        </Applicability>
        <Standard>
          <GPOGroupedAccessEnum>Edit, delete, modify security</GPOGroupedAccessEnum>
        </Standard>
        <AccessMask>0</AccessMask>
      </TrusteePermissions>
      <TrusteePermissions>
        <Trustee>
          <SID xmlns="http://www.microsoft.com/GroupPolicy/Types">S-1-5-11</SID>
          <Name xmlns="http://www.microsoft.com/GroupPolicy/Types">NT AUTHORITY\Authenticated Users</Name>
        </Trustee>
        <Type xsi:type="PermissionType">
          <PermissionType>Allow</PermissionType>
        </Type>
        <Inherited>false</Inherited>
        <Applicability>
          <ToSelf>true</ToSelf>
          <ToDescendantObjects>false</ToDescendantObjects>
          <ToDescendantContainers>true</ToDescendantContainers>
          <ToDirectDescendantsOnly>false</ToDirectDescendantsOnly>
        </Applicability>
        <Standard>
          <GPOGroupedAccessEnum>Apply Group Policy</GPOGroupedAccessEnum>
        </Standard>
        <AccessMask>0</AccessMask>
      </TrusteePermissions>
      <TrusteePermissions>
        <Trustee>
          <SID xmlns="http://www.microsoft.com/GroupPolicy/Types">S-1-5-21-3051899438-3589783691-4031204720-519</SID>
          <Name xmlns="http://www.microsoft.com/GroupPolicy/Types">NET\Enterprise Admins</Name>
        </Trustee>
        <Type xsi:type="PermissionType">
          <PermissionType>Allow</PermissionType>
        </Type>
        <Inherited>false</Inherited>
        <Applicability>
          <ToSelf>true</ToSelf>
          <ToDescendantObjects>false</ToDescendantObjects>
          <ToDescendantContainers>true</ToDescendantContainers>
          <ToDirectDescendantsOnly>false</ToDirectDescendantsOnly>
        </Applicability>
        <Standard>
          <GPOGroupedAccessEnum>Edit, delete, modify security</GPOGroupedAccessEnum>
        </Standard>
        <AccessMask>0</AccessMask>
      </TrusteePermissions>
    </Permissions>
    <AuditingPresent xmlns="http://www.microsoft.com/GroupPolicy/Types/Security">false</AuditingPresent>
  </SecurityDescriptor>
  <FilterDataAvailable>true</FilterDataAvailable>
  <Computer>
    <VersionDirectory>9</VersionDirectory>
    <VersionSysvol>9</VersionSysvol>
    <Enabled>true</Enabled>
    <ExtensionData>
      <Extension xmlns:q1="http://www.microsoft.com/GroupPolicy/Settings/Registry" xsi:type="q1:RegistrySettings">
        <q1:Policy>
          <q1:Name>Specify settings for optional component installation and component repair</q1:Name>
          <q1:State>Enabled</q1:State>
          <q1:Explain>
This policy setting specifies the network locations that will be used for the repair of operating system corruption and for enabling optional features that have had their payload files removed.

If you enable this policy setting and specify the new location, the files in that location will be used to repair operating system corruption and for enabling optional features that have had their payload files removed. You must enter the fully qualified path to the new location in the ""Alternate source file path"" text box. Multiple locations can be specified when each path is separated by a semicolon. 

The network location can be either a folder, or a WIM file. If it is a WIM file, the location should be specified by prefixing the path with “wim:” and include the index of the image to use in the WIM file. For example “wim:\\server\share\install.wim:3”.

If you disable or do not configure this policy setting, or if the required files cannot be found at the locations specified in this policy setting, the files will be downloaded from Windows Update, if that is allowed by the policy settings for the computer.
      </q1:Explain>
          <q1:Supported>At least Windows Server 2012, Windows 8 or Windows RT</q1:Supported>
          <q1:Category>System</q1:Category>
          <q1:EditText>
            <q1:Name>Alternate source file path</q1:Name>
            <q1:State>Enabled</q1:State>
            <q1:Value />
          </q1:EditText>
          <q1:CheckBox>
            <q1:Name>Never attempt to download payload from Windows Update</q1:Name>
            <q1:State>Disabled</q1:State>
          </q1:CheckBox>
          <q1:CheckBox>
            <q1:Name>Download repair content and optional features directly from Windows Update instead of Windows Server Update Services (WSUS)</q1:Name>
            <q1:State>Enabled</q1:State>
          </q1:CheckBox>
        </q1:Policy>
        <q1:Policy>
          <q1:Name>Allow Automatic Updates immediate installation</q1:Name>
          <q1:State>Enabled</q1:State>
          <q1:Explain>Specifies whether Automatic Updates should automatically install certain updates that neither interrupt Windows services nor restart Windows.

If the status is set to Enabled, Automatic Updates will immediately install these updates once they are downloaded and ready to install.

If the status is set to Disabled, such updates will not be installed immediately.

Note: If the "Configure Automatic Updates" policy is disabled, this policy has no effect.</q1:Explain>
          <q1:Supported>At least Windows XP Professional Service Pack 1 or At least Windows 2000 Service Pack 3 through Windows 8.1 or Windows Server 2012 R2 with most current service pack. Not supported on Windows 10 and above.</q1:Supported>
          <q1:Category>Windows Components/Windows Update/Legacy Policies</q1:Category>
        </q1:Policy>
        <q1:Policy>
          <q1:Name>Do not adjust default option to 'Install Updates and Shut Down' in Shut Down Windows dialog box</q1:Name>
          <q1:State>Enabled</q1:State>
          <q1:Explain>This policy setting allows you to manage whether the 'Install Updates and Shut Down' option is allowed to be the default choice in the Shut Down Windows dialog.

If you enable this policy setting, the user's last shut down choice (Hibernate, Restart, etc.) is the default option in the Shut Down Windows dialog box, regardless of whether the 'Install Updates and Shut Down' option is available in the 'What do you want the computer to do?' list.

If you disable or do not configure this policy setting, the 'Install Updates and Shut Down' option will be the default option in the Shut Down Windows dialog box if updates are available for installation at the time the user selects the Shut Down option in the Start menu.

Note that this policy setting has no impact if the Computer Configuration\Administrative Templates\Windows Components\Windows Update\Do not display 'Install Updates and Shut Down' option in Shut Down Windows dialog box policy setting is enabled.</q1:Explain>
          <q1:Supported>Windows 7, Windows Server 2008 R2, Windows Vista, Windows XP SP2</q1:Supported>
          <q1:Category>Windows Components/Windows Update/Legacy Policies</q1:Category>
        </q1:Policy>
        <q1:Policy>
          <q1:Name>Do not display 'Install Updates and Shut Down' option in Shut Down Windows dialog box</q1:Name>
          <q1:State>Enabled</q1:State>
          <q1:Explain>This policy setting allows you to manage whether the 'Install Updates and Shut Down' option is displayed in the Shut Down Windows dialog box.

If you enable this policy setting, 'Install Updates and Shut Down' will not appear as a choice in the Shut Down Windows dialog box, even if updates are available for installation when the user selects the Shut Down option in the Start menu.

If you disable or do not configure this policy setting, the 'Install Updates and Shut Down' option will be available in the Shut Down Windows dialog box if updates are available when the user selects the Shut Down option in the Start menu.</q1:Explain>
          <q1:Supported>Windows 7, Windows Server 2008 R2, Windows Vista, Windows XP SP2</q1:Supported>
          <q1:Category>Windows Components/Windows Update/Legacy Policies</q1:Category>
        </q1:Policy>
        <q1:Policy>
          <q1:Name>Enabling Windows Update Power Management to automatically wake up the system to install scheduled updates</q1:Name>
          <q1:State>Enabled</q1:State>
          <q1:Explain>Specifies whether the Windows Update will use the Windows Power Management features to automatically wake up the system from sleep, if there are updates scheduled for installation.

Windows Update will only automatically wake up the system if Windows Update is configured to install updates automatically. If the system is in sleep when the scheduled install time occurs and there are updates to be applied, then Windows Update will use the Windows Power management features to automatically wake the system up to install the updates.

Windows update will also wake the system up and install an update if an install deadline occurs.

The system will not wake unless there are updates to be installed. If the system is on battery power, when Windows Update wakes it up, it will not install updates and the system will automatically return to sleep in 2 minutes.</q1:Explain>
          <q1:Supported>Windows Server 2008, Windows 7, Windows Vista, and Windows 10</q1:Supported>
          <q1:Category>Windows Components/Windows Update/Legacy Policies</q1:Category>
        </q1:Policy>
        <q1:Policy>
          <q1:Name>Turn on recommended updates via Automatic Updates</q1:Name>
          <q1:State>Enabled</q1:State>
          <q1:Explain>Specifies whether Automatic Updates will deliver both important as well as recommended updates from the Windows Update update service.

When this policy is enabled, Automatic Updates will install recommended updates as well as important updates from Windows Update update service.

When disabled or not configured Automatic Updates will continue to deliver important updates if it is already configured to do so.</q1:Explain>
          <q1:Supported>At least Windows Vista through Windows 8.1 or Windows Server 2012 R2 with most current service pack. Not supported on Windows 10 and above.</q1:Supported>
          <q1:Category>Windows Components/Windows Update/Legacy Policies</q1:Category>
        </q1:Policy>
        <q1:Policy>
          <q1:Name>Always automatically restart at the scheduled time</q1:Name>
          <q1:State>Enabled</q1:State>
          <q1:Explain>If you enable this policy, a restart timer will always begin immediately after Windows Update installs important updates, instead of first notifying users on the login screen for at least two days.

The restart timer can be configured to start with any value from 15 to 180 minutes. When the timer runs out, the restart will proceed even if the PC has signed-in users.

If you disable or do not configure this policy, Windows Update will not alter its restart behavior.

If the "No auto-restart with logged on users for scheduled automatic updates installations" policy is enabled, then this policy has no effect.</q1:Explain>
          <q1:Supported>At least Windows Server 2012, Windows 8 or Windows RT</q1:Supported>
          <q1:Category>Windows Components/Windows Update/Manage end user experience</q1:Category>
          <q1:Text>
            <q1:Name>The restart timer will give users this much time to save their</q1:Name>
          </q1:Text>
          <q1:Numeric>
            <q1:Name>work (minutes): </q1:Name>
            <q1:State>Enabled</q1:State>
            <q1:Value>15</q1:Value>
          </q1:Numeric>
        </q1:Policy>
        <q1:Blocked>false</q1:Blocked>
      </Extension>
      <Name>Registry</Name>
    </ExtensionData>
  </Computer>
  <User>
    <VersionDirectory>0</VersionDirectory>
    <VersionSysvol>0</VersionSysvol>
    <Enabled>false</Enabled>
  </User>
  <LinksTo>
    <SOMName>Domain Controllers</SOMName>
    <SOMPath>domain.local/Domain Controllers</SOMPath>
    <Enabled>true</Enabled>
    <NoOverride>false</NoOverride>
  </LinksTo>
  <LinksTo>
    <SOMName>Computers</SOMName>
    <SOMPath>domain.local/Directory/Computers</SOMPath>
    <Enabled>true</Enabled>
    <NoOverride>false</NoOverride>
  </LinksTo>
</GPO>