<BackupInst xmlns="http://www.microsoft.com/GroupPolicy/GPOOperations/Manifest"><GPOGuid><![CDATA[{c151cd77-c2f4-44fe-a6fa-853c72075778}]]></GPOGuid><GPODomain><![CDATA[domain.local]]></GPODomain><GPODomainGuid><![CDATA[{04cef035-999e-42d2-a4b0-ec110bfb1fc2}]]></GPODomainGuid><GPODomainController><![CDATA[DC-1.domain.local]]></GPODomainController><BackupTime><![CDATA[2025-03-21T06:08:00]]></BackupTime><ID><![CDATA[{DA3D13D8-2794-40A7-9525-338D6126A606}]]></ID><Comment><![CDATA[]]></Comment><GPODisplayName><![CDATA[Windows Update - Block drivers]]></GPODisplayName></BackupInst>
