﻿<?xml version="1.0" encoding="utf-8"?><!-- Copyright (c) Microsoft Corporation.  All rights reserved. --><GroupPolicyBackupScheme bkp:version="2.0" bkp:type="GroupPolicyBackupTemplate" xmlns:bkp="http://www.microsoft.com/GroupPolicy/GPOOperations" xmlns="http://www.microsoft.com/GroupPolicy/GPOOperations">
    <GroupPolicyObject><SecurityGroups><Group bkp:Source="FromDACL"><Sid><![CDATA[S-1-5-21-3051899438-3589783691-4031204720-519]]></Sid><SamAccountName><![CDATA[Enterprise Admins]]></SamAccountName><Type><![CDATA[UniversalGroup]]></Type><NetBIOSDomainName><![CDATA[LOCAL]]></NetBIOSDomainName><DnsDomainName><![CDATA[domain.local]]></DnsDomainName><UPN><![CDATA[Enterprise Admins@domain.local]]></UPN></Group><Group bkp:Source="FromDACL"><Sid><![CDATA[S-1-5-21-3051899438-3589783691-4031204720-512]]></Sid><SamAccountName><![CDATA[Domain Admins]]></SamAccountName><Type><![CDATA[GlobalGroup]]></Type><NetBIOSDomainName><![CDATA[LOCAL]]></NetBIOSDomainName><DnsDomainName><![CDATA[domain.local]]></DnsDomainName><UPN><![CDATA[Domain Admins@domain.local]]></UPN></Group></SecurityGroups><FilePaths/><GroupPolicyCoreSettings><ID><![CDATA[{852b236e-3a7e-4d18-bed0-5db8afd62881}]]></ID><Domain><![CDATA[domain.local]]></Domain><SecurityDescriptor>01 00 04 9c 00 00 00 00 00 00 00 00 00 00 00 00 14 00 00 00 04 00 ec 00 08 00 00 00 05 02 28 00 00 01 00 00 01 00 00 00 8f fd ac ed b3 ff d1 11 b4 1d 00 a0 c9 68 f9 39 01 01 00 00 00 00 00 05 0b 00 00 00 00 00 24 00 ff 00 0f 00 01 05 00 00 00 00 00 05 15 00 00 00 2e 4a e8 b5 8b c0 f7 d5 70 4d 47 f0 00 02 00 00 00 02 24 00 ff 00 0f 00 01 05 00 00 00 00 00 05 15 00 00 00 2e 4a e8 b5 8b c0 f7 d5 70 4d 47 f0 00 02 00 00 00 02 24 00 ff 00 0f 00 01 05 00 00 00 00 00 05 15 00 00 00 2e 4a e8 b5 8b c0 f7 d5 70 4d 47 f0 07 02 00 00 00 02 14 00 94 00 02 00 01 01 00 00 00 00 00 05 09 00 00 00 00 02 14 00 94 00 02 00 01 01 00 00 00 00 00 05 0b 00 00 00 00 02 14 00 ff 00 0f 00 01 01 00 00 00 00 00 05 12 00 00 00 00 0a 14 00 ff 00 0f 00 01 01 00 00 00 00 00 03 00 00 00 00</SecurityDescriptor><DisplayName><![CDATA[Scripts - Update-Windows]]></DisplayName><Options><![CDATA[1]]></Options><UserVersionNumber><![CDATA[0]]></UserVersionNumber><MachineVersionNumber><![CDATA[131074]]></MachineVersionNumber><MachineExtensionGuids><![CDATA[[{42B5FAAE-6536-11D2-AE5A-0000F87571E3}{40B6664F-4972-11D1-A7CA-0000F87571E3}]]]></MachineExtensionGuids><UserExtensionGuids/><WMIFilter/></GroupPolicyCoreSettings> 
        <GroupPolicyExtension bkp:ID="{35378EAC-683F-11D2-A89A-00C04FBBCFA2}" bkp:DescName="Registry">
            
            
            <FSObjectFile bkp:Path="%GPO_FSPATH%\Adm\*.*" bkp:SourceExpandedPath="\\DC-1.domain.local\sysvol\domain.local\Policies\{852b236e-3a7e-4d18-bed0-5db8afd62881}\Adm\*.*"/>
        </GroupPolicyExtension>
        
        
        <GroupPolicyExtension bkp:ID="{42B5FAAE-6536-11d2-AE5A-0000F87571E3}" bkp:DescName="Scripts">
            <FSObjectFile bkp:Path="%GPO_MACH_FSPATH%\Scripts\scripts.ini" bkp:SourceExpandedPath="\\DC-1.domain.local\sysvol\domain.local\Policies\{852b236e-3a7e-4d18-bed0-5db8afd62881}\Machine\Scripts\scripts.ini" bkp:ReEvaluateFunction="ScriptsValidatePaths" bkp:Location="DomainSysvol\GPO\Machine\Scripts\scripts.ini"/>
	    <FSObjectFile bkp:Path="%GPO_MACH_FSPATH%\Scripts\PSscripts.ini" bkp:SourceExpandedPath="\\DC-1.domain.local\sysvol\domain.local\Policies\{852b236e-3a7e-4d18-bed0-5db8afd62881}\Machine\Scripts\PSscripts.ini" bkp:Location="DomainSysvol\GPO\Machine\Scripts\PSscripts.ini"/>
            <FSObjectDir bkp:Path="%GPO_MACH_FSPATH%\Scripts\Startup\*" bkp:SourceExpandedPath="\\DC-1.domain.local\sysvol\domain.local\Policies\{852b236e-3a7e-4d18-bed0-5db8afd62881}\Machine\Scripts\Startup\*"><FSObjectDir bkp:Path="%GPO_MACH_FSPATH%\Scripts\Startup" bkp:SourceExpandedPath="\\DC-1.domain.local\sysvol\domain.local\Policies\{852b236e-3a7e-4d18-bed0-5db8afd62881}\Machine\Scripts\Startup" bkp:Location="DomainSysvol\GPO\Machine\Scripts\Startup"/></FSObjectDir>
            <FSObjectFile bkp:Path="%GPO_MACH_FSPATH%\Scripts\Startup\*" bkp:SourceExpandedPath="\\DC-1.domain.local\sysvol\domain.local\Policies\{852b236e-3a7e-4d18-bed0-5db8afd62881}\Machine\Scripts\Startup\*"><FSObjectFile bkp:Path="%GPO_MACH_FSPATH%\Scripts\Startup\Update-Windows.ps1" bkp:SourceExpandedPath="\\DC-1.domain.local\sysvol\domain.local\Policies\{852b236e-3a7e-4d18-bed0-5db8afd62881}\Machine\Scripts\Startup\Update-Windows.ps1" bkp:Location="DomainSysvol\GPO\Machine\Scripts\Startup\Update-Windows.ps1"/></FSObjectFile>
            <FSObjectDir bkp:Path="%GPO_MACH_FSPATH%\Scripts\Shutdown\*" bkp:SourceExpandedPath="\\DC-1.domain.local\sysvol\domain.local\Policies\{852b236e-3a7e-4d18-bed0-5db8afd62881}\Machine\Scripts\Shutdown\*"><FSObjectDir bkp:Path="%GPO_MACH_FSPATH%\Scripts\Shutdown" bkp:SourceExpandedPath="\\DC-1.domain.local\sysvol\domain.local\Policies\{852b236e-3a7e-4d18-bed0-5db8afd62881}\Machine\Scripts\Shutdown" bkp:Location="DomainSysvol\GPO\Machine\Scripts\Shutdown"/></FSObjectDir>
            <FSObjectFile bkp:Path="%GPO_MACH_FSPATH%\Scripts\Shutdown\*" bkp:SourceExpandedPath="\\DC-1.domain.local\sysvol\domain.local\Policies\{852b236e-3a7e-4d18-bed0-5db8afd62881}\Machine\Scripts\Shutdown\*"/>
            
	    
            <FSObjectDir bkp:Path="%GPO_USER_FSPATH%\Scripts\Logon\*" bkp:SourceExpandedPath="\\DC-1.domain.local\sysvol\domain.local\Policies\{852b236e-3a7e-4d18-bed0-5db8afd62881}\User\Scripts\Logon\*"/>
            <FSObjectFile bkp:Path="%GPO_USER_FSPATH%\Scripts\Logon\*" bkp:SourceExpandedPath="\\DC-1.domain.local\sysvol\domain.local\Policies\{852b236e-3a7e-4d18-bed0-5db8afd62881}\User\Scripts\Logon\*"/>
            <FSObjectDir bkp:Path="%GPO_USER_FSPATH%\Scripts\Logoff\*" bkp:SourceExpandedPath="\\DC-1.domain.local\sysvol\domain.local\Policies\{852b236e-3a7e-4d18-bed0-5db8afd62881}\User\Scripts\Logoff\*"/>
            <FSObjectFile bkp:Path="%GPO_USER_FSPATH%\Scripts\Logoff\*" bkp:SourceExpandedPath="\\DC-1.domain.local\sysvol\domain.local\Policies\{852b236e-3a7e-4d18-bed0-5db8afd62881}\User\Scripts\Logoff\*"/>
        </GroupPolicyExtension>
        
        
        
        
        
        
    <GroupPolicyExtension bkp:ID="{F15C46CD-82A0-4C2D-A210-5D0D3182A418}" bkp:DescName="Unknown Extension"><FSObjectDir bkp:Path="%GPO_MACH_FSPATH%\Microsoft" bkp:SourceExpandedPath="\\DC-1.domain.local\sysvol\domain.local\Policies\{852b236e-3a7e-4d18-bed0-5db8afd62881}\Machine\Microsoft" bkp:Location="DomainSysvol\GPO\Machine\Microsoft"/><FSObjectDir bkp:Path="%GPO_MACH_FSPATH%\Microsoft\Windows NT" bkp:SourceExpandedPath="\\DC-1.domain.local\sysvol\domain.local\Policies\{852b236e-3a7e-4d18-bed0-5db8afd62881}\Machine\Microsoft\Windows NT" bkp:Location="DomainSysvol\GPO\Machine\Microsoft\Windows NT"/><FSObjectDir bkp:Path="%GPO_MACH_FSPATH%\Microsoft\Windows NT\SecEdit" bkp:SourceExpandedPath="\\DC-1.domain.local\sysvol\domain.local\Policies\{852b236e-3a7e-4d18-bed0-5db8afd62881}\Machine\Microsoft\Windows NT\SecEdit" bkp:Location="DomainSysvol\GPO\Machine\Microsoft\Windows NT\SecEdit"/><FSObjectFile bkp:Path="%GPO_MACH_FSPATH%\Microsoft\Windows NT\SecEdit\GptTmpl.inf" bkp:SourceExpandedPath="\\DC-1.domain.local\sysvol\domain.local\Policies\{852b236e-3a7e-4d18-bed0-5db8afd62881}\Machine\Microsoft\Windows NT\SecEdit\GptTmpl.inf" bkp:Location="DomainSysvol\GPO\Machine\Microsoft\Windows NT\SecEdit\GptTmpl.inf"/><FSObjectDir bkp:Path="%GPO_MACH_FSPATH%\Scripts" bkp:SourceExpandedPath="\\DC-1.domain.local\sysvol\domain.local\Policies\{852b236e-3a7e-4d18-bed0-5db8afd62881}\Machine\Scripts" bkp:Location="DomainSysvol\GPO\Machine\Scripts"/></GroupPolicyExtension></GroupPolicyObject>
</GroupPolicyBackupScheme>