<BackupInst xmlns="http://www.microsoft.com/GroupPolicy/GPOOperations/Manifest"><GPOGuid><![CDATA[{30fcb249-588e-43e0-aeee-63992841f963}]]></GPOGuid><GPODomain><![CDATA[domain.local]]></GPODomain><GPODomainGuid><![CDATA[{04cef035-999e-42d2-a4b0-ec110bfb1fc2}]]></GPODomainGuid><GPODomainController><![CDATA[DC-1.domain.local]]></GPODomainController><BackupTime><![CDATA[2025-03-21T06:07:48]]></BackupTime><ID><![CDATA[{E5DC4BEF-33F4-491A-9F50-E787EB6CCC92}]]></ID><Comment><![CDATA[]]></Comment><GPODisplayName><![CDATA[Windows - External Time Source]]></GPODisplayName></BackupInst>
