﻿<?xml version="1.0" encoding="utf-16"?>
<GPO xmlns:xsd="http://www.w3.org/2001/XMLSchema" xmlns:xsi="http://www.w3.org/2001/XMLSchema-instance" xmlns="http://www.microsoft.com/GroupPolicy/Settings">
  <Identifier>
    <Identifier xmlns="http://www.microsoft.com/GroupPolicy/Types">{84e8f445-d8ff-456c-a99e-98afd1a7ee9f}</Identifier>
    <Domain xmlns="http://www.microsoft.com/GroupPolicy/Types">domain.local</Domain>
  </Identifier>
  <Name>MSFT Windows Server 2022 - Member Server Credential Guard</Name>
  <IncludeComments>true</IncludeComments>
  <CreatedTime>2024-01-04T16:58:31</CreatedTime>
  <ModifiedTime>2025-03-18T03:24:37</ModifiedTime>
  <ReadTime>2025-03-20T16:33:41.5209904Z</ReadTime>
  <SecurityDescriptor>
    <SDDL xmlns="http://www.microsoft.com/GroupPolicy/Types/Security">O:DAG:DAD:PAI(OA;CI;CR;edacfd8f-ffb3-11d1-b41d-00a0c968f939;;AU)(A;;CCDCLCSWRPWPDTLOSDRCWDWO;;;DA)(A;CI;CCDCLCSWRPWPDTLOSDRCWDWO;;;DA)(A;CI;CCDCLCSWRPWPDTLOSDRCWDWO;;;S-1-5-21-3051899438-3589783691-4031204720-519)(A;CI;LCRPLORC;;;ED)(A;CI;LCRPLORC;;;AU)(A;CI;CCDCLCSWRPWPDTLOSDRCWDWO;;;SY)(A;CIIO;CCDCLCSWRPWPDTLOSDRCWDWO;;;CO)S:AI(OU;CIIDSA;WPWD;;f30e3bc2-9ff0-11d1-b603-0000f80367c1;WD)(OU;CIIOIDSA;WP;f30e3bbe-9ff0-11d1-b603-0000f80367c1;bf967aa5-0de6-11d0-a285-00aa003049e2;WD)(OU;CIIOIDSA;WP;f30e3bbf-9ff0-11d1-b603-0000f80367c1;bf967aa5-0de6-11d0-a285-00aa003049e2;WD)</SDDL>
    <Owner xmlns="http://www.microsoft.com/GroupPolicy/Types/Security">
      <SID xmlns="http://www.microsoft.com/GroupPolicy/Types">S-1-5-21-3051899438-3589783691-4031204720-512</SID>
      <Name xmlns="http://www.microsoft.com/GroupPolicy/Types">NET\Domain Admins</Name>
    </Owner>
    <Group xmlns="http://www.microsoft.com/GroupPolicy/Types/Security">
      <SID xmlns="http://www.microsoft.com/GroupPolicy/Types">S-1-5-21-3051899438-3589783691-4031204720-512</SID>
      <Name xmlns="http://www.microsoft.com/GroupPolicy/Types">NET\Domain Admins</Name>
    </Group>
    <PermissionsPresent xmlns="http://www.microsoft.com/GroupPolicy/Types/Security">true</PermissionsPresent>
    <Permissions xmlns="http://www.microsoft.com/GroupPolicy/Types/Security">
      <InheritsFromParent>false</InheritsFromParent>
      <TrusteePermissions>
        <Trustee>
          <SID xmlns="http://www.microsoft.com/GroupPolicy/Types">S-1-5-21-3051899438-3589783691-4031204720-512</SID>
          <Name xmlns="http://www.microsoft.com/GroupPolicy/Types">NET\Domain Admins</Name>
        </Trustee>
        <Type xsi:type="PermissionType">
          <PermissionType>Allow</PermissionType>
        </Type>
        <Inherited>false</Inherited>
        <Applicability>
          <ToSelf>true</ToSelf>
          <ToDescendantObjects>false</ToDescendantObjects>
          <ToDescendantContainers>true</ToDescendantContainers>
          <ToDirectDescendantsOnly>false</ToDirectDescendantsOnly>
        </Applicability>
        <Standard>
          <GPOGroupedAccessEnum>Edit, delete, modify security</GPOGroupedAccessEnum>
        </Standard>
        <AccessMask>0</AccessMask>
      </TrusteePermissions>
      <TrusteePermissions>
        <Trustee>
          <SID xmlns="http://www.microsoft.com/GroupPolicy/Types">S-1-5-9</SID>
          <Name xmlns="http://www.microsoft.com/GroupPolicy/Types">NT AUTHORITY\ENTERPRISE DOMAIN CONTROLLERS</Name>
        </Trustee>
        <Type xsi:type="PermissionType">
          <PermissionType>Allow</PermissionType>
        </Type>
        <Inherited>false</Inherited>
        <Applicability>
          <ToSelf>true</ToSelf>
          <ToDescendantObjects>false</ToDescendantObjects>
          <ToDescendantContainers>true</ToDescendantContainers>
          <ToDirectDescendantsOnly>false</ToDirectDescendantsOnly>
        </Applicability>
        <Standard>
          <GPOGroupedAccessEnum>Read</GPOGroupedAccessEnum>
        </Standard>
        <AccessMask>0</AccessMask>
      </TrusteePermissions>
      <TrusteePermissions>
        <Trustee>
          <SID xmlns="http://www.microsoft.com/GroupPolicy/Types">S-1-5-18</SID>
          <Name xmlns="http://www.microsoft.com/GroupPolicy/Types">NT AUTHORITY\SYSTEM</Name>
        </Trustee>
        <Type xsi:type="PermissionType">
          <PermissionType>Allow</PermissionType>
        </Type>
        <Inherited>false</Inherited>
        <Applicability>
          <ToSelf>true</ToSelf>
          <ToDescendantObjects>false</ToDescendantObjects>
          <ToDescendantContainers>true</ToDescendantContainers>
          <ToDirectDescendantsOnly>false</ToDirectDescendantsOnly>
        </Applicability>
        <Standard>
          <GPOGroupedAccessEnum>Edit, delete, modify security</GPOGroupedAccessEnum>
        </Standard>
        <AccessMask>0</AccessMask>
      </TrusteePermissions>
      <TrusteePermissions>
        <Trustee>
          <SID xmlns="http://www.microsoft.com/GroupPolicy/Types">S-1-5-11</SID>
          <Name xmlns="http://www.microsoft.com/GroupPolicy/Types">NT AUTHORITY\Authenticated Users</Name>
        </Trustee>
        <Type xsi:type="PermissionType">
          <PermissionType>Allow</PermissionType>
        </Type>
        <Inherited>false</Inherited>
        <Applicability>
          <ToSelf>true</ToSelf>
          <ToDescendantObjects>false</ToDescendantObjects>
          <ToDescendantContainers>true</ToDescendantContainers>
          <ToDirectDescendantsOnly>false</ToDirectDescendantsOnly>
        </Applicability>
        <Standard>
          <GPOGroupedAccessEnum>Apply Group Policy</GPOGroupedAccessEnum>
        </Standard>
        <AccessMask>0</AccessMask>
      </TrusteePermissions>
      <TrusteePermissions>
        <Trustee>
          <SID xmlns="http://www.microsoft.com/GroupPolicy/Types">S-1-5-21-3051899438-3589783691-4031204720-519</SID>
          <Name xmlns="http://www.microsoft.com/GroupPolicy/Types">NET\Enterprise Admins</Name>
        </Trustee>
        <Type xsi:type="PermissionType">
          <PermissionType>Allow</PermissionType>
        </Type>
        <Inherited>false</Inherited>
        <Applicability>
          <ToSelf>true</ToSelf>
          <ToDescendantObjects>false</ToDescendantObjects>
          <ToDescendantContainers>true</ToDescendantContainers>
          <ToDirectDescendantsOnly>false</ToDirectDescendantsOnly>
        </Applicability>
        <Standard>
          <GPOGroupedAccessEnum>Edit, delete, modify security</GPOGroupedAccessEnum>
        </Standard>
        <AccessMask>0</AccessMask>
      </TrusteePermissions>
    </Permissions>
    <AuditingPresent xmlns="http://www.microsoft.com/GroupPolicy/Types/Security">false</AuditingPresent>
  </SecurityDescriptor>
  <FilterDataAvailable>true</FilterDataAvailable>
  <Computer>
    <VersionDirectory>1</VersionDirectory>
    <VersionSysvol>1</VersionSysvol>
    <Enabled>true</Enabled>
    <ExtensionData>
      <Extension xmlns:q1="http://www.microsoft.com/GroupPolicy/Settings/Registry" xsi:type="q1:RegistrySettings">
        <q1:Policy>
          <q1:Name>Turn On Virtualization Based Security</q1:Name>
          <q1:State>Enabled</q1:State>
          <q1:Explain>Specifies whether Virtualization Based Security is enabled.

Virtualization Based Security uses the Windows Hypervisor to provide support for security services. Virtualization Based Security requires Secure Boot, and can optionally be enabled with the use of DMA Protections. DMA protections require hardware support and will only be enabled on correctly configured devices.

Virtualization Based Protection of Code Integrity

This setting enables virtualization based protection of Kernel Mode Code Integrity. When this is enabled, kernel mode memory protections are enforced and the Code Integrity validation path is protected by the Virtualization Based Security feature.

The "Disabled" option turns off Virtualization Based Protection of Code Integrity remotely if it was previously turned on with the "Enabled without lock" option.

The "Enabled with UEFI lock" option ensures that Virtualization Based Protection of Code Integrity cannot be disabled remotely. In order to disable the feature, you must set the Group Policy to "Disabled" as well as remove the security functionality from each computer, with a physically present user, in order to clear configuration persisted in UEFI.

The "Enabled without lock" option allows Virtualization Based Protection of Code Integrity to be disabled remotely by using Group Policy.

The "Not Configured" option leaves the policy setting undefined. Group Policy does not write the policy setting to the registry, and so it has no impact on computers or users. If there is a current setting in the registry it will not be modified.

The "Require UEFI Memory Attributes Table" option will only enable Virtualization Based Protection of Code Integrity on devices with UEFI firmware support for the Memory Attributes Table. Devices without the UEFI Memory Attributes Table may have firmware that is incompatible with Virtualization Based Protection of Code Integrity which in some cases can lead to crashes or data loss or incompatibility with certain plug-in cards. If not setting this option the targeted devices should be tested to ensure compatibility.

Warning: All drivers on the system must be compatible with this feature or the system may crash. Ensure that this policy setting is only deployed to computers which are known to be compatible.

Credential Guard

This setting lets users turn on Credential Guard with virtualization-based security to help protect credentials.

For Windows 11 21H2 and earlier, the "Disabled" option turns off Credential Guard remotely if it was previously turned on with the "Enabled without lock" option. For later versions, the "Disabled" option turns off Credential Guard remotely if it was previously turned on with the "Enabled without lock" option or was "Not Configured".

The "Enabled with UEFI lock" option ensures that Credential Guard cannot be disabled remotely. In order to disable the feature, you must set the Group Policy to "Disabled" as well as remove the security functionality from each computer, with a physically present user, in order to clear configuration persisted in UEFI.

The "Enabled without lock" option allows Credential Guard to be disabled remotely by using Group Policy. The devices that use this setting must be running at least Windows 10 (Version 1511).

For Windows 11 21H2 and earlier, the "Not Configured" option leaves the policy setting undefined. Group Policy does not write the policy setting to the registry, and so it has no impact on computers or users. If there is a current setting in the registry it will not be modified. For later versions, if there is no current setting in the registry, the "Not Configured" option will enable Credential Guard without UEFI lock.

Secure Launch

This setting sets the configuration of Secure Launch to secure the boot chain.

The "Not Configured" setting is the default, and allows configuration of the feature by Administrative users.

The "Enabled" option turns on Secure Launch on supported hardware.

The "Disabled" option turns off Secure Launch, regardless of hardware support.

Kernel-mode Hardware-enforced Stack Protection

This setting enables Hardware-enforced Stack Protection for kernel-mode code. When this security feature is enabled, kernel-mode data stacks are hardened with hardware-based shadow stacks, which store intended return address targets to ensure that program control flow is not tampered.

This security feature has the following prerequisites:
1) The CPU hardware supports hardware-based shadow stacks.
2) Virtualization Based Protection of Code Integrity is enabled.

If either prerequisite is not met, this feature will not be enabled, even if an "Enabled" option is selected for this feature. Note that selecting an "Enabled" option for this feature will not automatically enable Virtualization Based Protection of Code Integrity, that needs to be done separately.

Devices that enable this security feature must be running at least Windows 11 (Version 22H2).

The "Disabled" option turns off kernel-mode Hardware-enforced Stack Protection.

The "Enabled in audit mode" option enables kernel-mode Hardware-enforced Stack Protection in audit mode, where shadow stack violations are not fatal and will be logged to the system event log.

The "Enabled in enforcement mode" option enables kernel-mode Hardware-enforced Stack Protection in enforcement mode, where shadow stack violations are fatal.

The "Not Configured" option leaves the policy setting undefined. Group Policy does not write the policy setting to the registry, and so it has no impact on computers or users. If there is a current setting in the registry it will not be modified.

Warning: All drivers on the system must be compatible with this security feature or the system may crash in enforcement mode. Audit mode can be used to discover incompatible drivers. For more information, refer to https://go.microsoft.com/fwlink/?LinkId=2162953.
      </q1:Explain>
          <q1:Supported>At least Windows Server 2016, Windows 10</q1:Supported>
          <q1:Category>System/Device Guard</q1:Category>
          <q1:DropDownList>
            <q1:Name>Select Platform Security Level:</q1:Name>
            <q1:State>Enabled</q1:State>
            <q1:Value>
              <q1:Name>Secure Boot</q1:Name>
            </q1:Value>
          </q1:DropDownList>
          <q1:DropDownList>
            <q1:Name>Virtualization Based Protection of Code Integrity:</q1:Name>
            <q1:State>Enabled</q1:State>
            <q1:Value>
              <q1:Name>Enabled with UEFI lock</q1:Name>
            </q1:Value>
          </q1:DropDownList>
          <q1:CheckBox>
            <q1:Name>Require UEFI Memory Attributes Table</q1:Name>
            <q1:State>Enabled</q1:State>
          </q1:CheckBox>
          <q1:DropDownList>
            <q1:Name>Credential Guard Configuration:</q1:Name>
            <q1:State>Enabled</q1:State>
            <q1:Value>
              <q1:Name>Enabled with UEFI lock</q1:Name>
            </q1:Value>
          </q1:DropDownList>
          <q1:DropDownList>
            <q1:Name>Secure Launch Configuration:</q1:Name>
            <q1:State>Enabled</q1:State>
            <q1:Value>
              <q1:Name>Enabled</q1:Name>
            </q1:Value>
          </q1:DropDownList>
          <q1:DropDownList>
            <q1:Name>Kernel-mode Hardware-enforced Stack Protection:</q1:Name>
            <q1:State>NotConfigured</q1:State>
          </q1:DropDownList>
        </q1:Policy>
        <q1:Blocked>false</q1:Blocked>
      </Extension>
      <Name>Registry</Name>
    </ExtensionData>
  </Computer>
  <User>
    <VersionDirectory>1</VersionDirectory>
    <VersionSysvol>1</VersionSysvol>
    <Enabled>false</Enabled>
  </User>
  <LinksTo>
    <SOMName>Servers</SOMName>
    <SOMPath>domain.local/Directory/Computers/Servers</SOMPath>
    <Enabled>true</Enabled>
    <NoOverride>false</NoOverride>
  </LinksTo>
  <LinksTo>
    <SOMName>Hypervisors</SOMName>
    <SOMPath>domain.local/Directory/Computers/Hypervisors</SOMPath>
    <Enabled>false</Enabled>
    <NoOverride>false</NoOverride>
  </LinksTo>
</GPO>