﻿<?xml version="1.0" encoding="utf-16"?>
<GPO xmlns:xsd="http://www.w3.org/2001/XMLSchema" xmlns:xsi="http://www.w3.org/2001/XMLSchema-instance" xmlns="http://www.microsoft.com/GroupPolicy/Settings">
  <Identifier>
    <Identifier xmlns="http://www.microsoft.com/GroupPolicy/Types">{f4657801-8e7e-446e-84f1-d47c56c3ff33}</Identifier>
    <Domain xmlns="http://www.microsoft.com/GroupPolicy/Types">domain.local</Domain>
  </Identifier>
  <Name>Explorer - Start Menu and Taskbar</Name>
  <IncludeComments>true</IncludeComments>
  <CreatedTime>2018-05-22T05:24:32</CreatedTime>
  <ModifiedTime>2025-03-17T17:37:00</ModifiedTime>
  <ReadTime>2025-03-20T16:32:52.0917013Z</ReadTime>
  <SecurityDescriptor>
    <SDDL xmlns="http://www.microsoft.com/GroupPolicy/Types/Security">O:DAG:DAD:PAI(OA;CI;CR;edacfd8f-ffb3-11d1-b41d-00a0c968f939;;AU)(A;;CCDCLCSWRPWPDTLOSDRCWDWO;;;DA)(A;CI;CCDCLCSWRPWPDTLOSDRCWDWO;;;DA)(A;CI;CCDCLCSWRPWPDTLOSDRCWDWO;;;S-1-5-21-3051899438-3589783691-4031204720-519)(A;CI;LCRPLORC;;;ED)(A;CI;LCRPLORC;;;AU)(A;CI;CCDCLCSWRPWPDTLOSDRCWDWO;;;SY)(A;CIIO;CCDCLCSWRPWPDTLOSDRCWDWO;;;CO)S:AI(OU;CIIDSA;WPWD;;f30e3bc2-9ff0-11d1-b603-0000f80367c1;WD)(OU;CIIOIDSA;WP;f30e3bbe-9ff0-11d1-b603-0000f80367c1;bf967aa5-0de6-11d0-a285-00aa003049e2;WD)(OU;CIIOIDSA;WP;f30e3bbf-9ff0-11d1-b603-0000f80367c1;bf967aa5-0de6-11d0-a285-00aa003049e2;WD)</SDDL>
    <Owner xmlns="http://www.microsoft.com/GroupPolicy/Types/Security">
      <SID xmlns="http://www.microsoft.com/GroupPolicy/Types">S-1-5-21-3051899438-3589783691-4031204720-512</SID>
      <Name xmlns="http://www.microsoft.com/GroupPolicy/Types">NET\Domain Admins</Name>
    </Owner>
    <Group xmlns="http://www.microsoft.com/GroupPolicy/Types/Security">
      <SID xmlns="http://www.microsoft.com/GroupPolicy/Types">S-1-5-21-3051899438-3589783691-4031204720-512</SID>
      <Name xmlns="http://www.microsoft.com/GroupPolicy/Types">NET\Domain Admins</Name>
    </Group>
    <PermissionsPresent xmlns="http://www.microsoft.com/GroupPolicy/Types/Security">true</PermissionsPresent>
    <Permissions xmlns="http://www.microsoft.com/GroupPolicy/Types/Security">
      <InheritsFromParent>false</InheritsFromParent>
      <TrusteePermissions>
        <Trustee>
          <SID xmlns="http://www.microsoft.com/GroupPolicy/Types">S-1-5-21-3051899438-3589783691-4031204720-512</SID>
          <Name xmlns="http://www.microsoft.com/GroupPolicy/Types">NET\Domain Admins</Name>
        </Trustee>
        <Type xsi:type="PermissionType">
          <PermissionType>Allow</PermissionType>
        </Type>
        <Inherited>false</Inherited>
        <Applicability>
          <ToSelf>true</ToSelf>
          <ToDescendantObjects>false</ToDescendantObjects>
          <ToDescendantContainers>true</ToDescendantContainers>
          <ToDirectDescendantsOnly>false</ToDirectDescendantsOnly>
        </Applicability>
        <Standard>
          <GPOGroupedAccessEnum>Edit, delete, modify security</GPOGroupedAccessEnum>
        </Standard>
        <AccessMask>0</AccessMask>
      </TrusteePermissions>
      <TrusteePermissions>
        <Trustee>
          <SID xmlns="http://www.microsoft.com/GroupPolicy/Types">S-1-5-9</SID>
          <Name xmlns="http://www.microsoft.com/GroupPolicy/Types">NT AUTHORITY\ENTERPRISE DOMAIN CONTROLLERS</Name>
        </Trustee>
        <Type xsi:type="PermissionType">
          <PermissionType>Allow</PermissionType>
        </Type>
        <Inherited>false</Inherited>
        <Applicability>
          <ToSelf>true</ToSelf>
          <ToDescendantObjects>false</ToDescendantObjects>
          <ToDescendantContainers>true</ToDescendantContainers>
          <ToDirectDescendantsOnly>false</ToDirectDescendantsOnly>
        </Applicability>
        <Standard>
          <GPOGroupedAccessEnum>Read</GPOGroupedAccessEnum>
        </Standard>
        <AccessMask>0</AccessMask>
      </TrusteePermissions>
      <TrusteePermissions>
        <Trustee>
          <SID xmlns="http://www.microsoft.com/GroupPolicy/Types">S-1-5-18</SID>
          <Name xmlns="http://www.microsoft.com/GroupPolicy/Types">NT AUTHORITY\SYSTEM</Name>
        </Trustee>
        <Type xsi:type="PermissionType">
          <PermissionType>Allow</PermissionType>
        </Type>
        <Inherited>false</Inherited>
        <Applicability>
          <ToSelf>true</ToSelf>
          <ToDescendantObjects>false</ToDescendantObjects>
          <ToDescendantContainers>true</ToDescendantContainers>
          <ToDirectDescendantsOnly>false</ToDirectDescendantsOnly>
        </Applicability>
        <Standard>
          <GPOGroupedAccessEnum>Edit, delete, modify security</GPOGroupedAccessEnum>
        </Standard>
        <AccessMask>0</AccessMask>
      </TrusteePermissions>
      <TrusteePermissions>
        <Trustee>
          <SID xmlns="http://www.microsoft.com/GroupPolicy/Types">S-1-5-11</SID>
          <Name xmlns="http://www.microsoft.com/GroupPolicy/Types">NT AUTHORITY\Authenticated Users</Name>
        </Trustee>
        <Type xsi:type="PermissionType">
          <PermissionType>Allow</PermissionType>
        </Type>
        <Inherited>false</Inherited>
        <Applicability>
          <ToSelf>true</ToSelf>
          <ToDescendantObjects>false</ToDescendantObjects>
          <ToDescendantContainers>true</ToDescendantContainers>
          <ToDirectDescendantsOnly>false</ToDirectDescendantsOnly>
        </Applicability>
        <Standard>
          <GPOGroupedAccessEnum>Apply Group Policy</GPOGroupedAccessEnum>
        </Standard>
        <AccessMask>0</AccessMask>
      </TrusteePermissions>
      <TrusteePermissions>
        <Trustee>
          <SID xmlns="http://www.microsoft.com/GroupPolicy/Types">S-1-5-21-3051899438-3589783691-4031204720-519</SID>
          <Name xmlns="http://www.microsoft.com/GroupPolicy/Types">NET\Enterprise Admins</Name>
        </Trustee>
        <Type xsi:type="PermissionType">
          <PermissionType>Allow</PermissionType>
        </Type>
        <Inherited>false</Inherited>
        <Applicability>
          <ToSelf>true</ToSelf>
          <ToDescendantObjects>false</ToDescendantObjects>
          <ToDescendantContainers>true</ToDescendantContainers>
          <ToDirectDescendantsOnly>false</ToDirectDescendantsOnly>
        </Applicability>
        <Standard>
          <GPOGroupedAccessEnum>Edit, delete, modify security</GPOGroupedAccessEnum>
        </Standard>
        <AccessMask>0</AccessMask>
      </TrusteePermissions>
    </Permissions>
    <AuditingPresent xmlns="http://www.microsoft.com/GroupPolicy/Types/Security">false</AuditingPresent>
  </SecurityDescriptor>
  <FilterDataAvailable>true</FilterDataAvailable>
  <Computer>
    <VersionDirectory>22</VersionDirectory>
    <VersionSysvol>22</VersionSysvol>
    <Enabled>false</Enabled>
  </Computer>
  <User>
    <VersionDirectory>343</VersionDirectory>
    <VersionSysvol>343</VersionSysvol>
    <Enabled>true</Enabled>
    <ExtensionData>
      <Extension xmlns:q1="http://www.microsoft.com/GroupPolicy/Settings/Windows/Registry" xsi:type="q1:RegistrySettings">
        <q1:RegistrySettings clsid="{A3CCFC41-DFDB-43a5-8D26-0FE8B954DA51}">
          <q1:Registry clsid="{9CD4B2F4-923D-47f5-A062-E897DD1DAD50}" name="TaskbarAl" status="TaskbarAl" image="12" changed="2023-08-01 13:12:31" uid="{B5EFA6B0-2C2A-4310-A1E6-31D4E6332B0E}" disabled="0" desc="Align Taskbar to the left" userContext="1" bypassErrors="1">
            <q1:GPOSettingOrder>1</q1:GPOSettingOrder>
            <q1:Properties action="U" displayDecimal="0" default="0" hive="HKEY_CURRENT_USER" key="Software\Microsoft\Windows\CurrentVersion\Explorer\Advanced" name="TaskbarAl" type="REG_DWORD" value="00000000">
              <q1:Values />
            </q1:Properties>
            <q1:Filters />
          </q1:Registry>
        </q1:RegistrySettings>
      </Extension>
      <Name>Windows Registry</Name>
    </ExtensionData>
    <ExtensionData>
      <Extension xmlns:q2="http://www.microsoft.com/GroupPolicy/Settings/Registry" xsi:type="q2:RegistrySettings">
        <q2:Policy>
          <q2:Name>Do not display or track items in Jump Lists from remote locations</q2:Name>
          <q2:State>Enabled</q2:State>
          <q2:Explain>This policy setting allows you to control displaying or tracking items in Jump Lists from remote locations.

The Start Menu and Taskbar display Jump Lists off of programs. These menus include files, folders, websites and other relevant items for that program. This helps users more easily reopen their most important documents and other tasks.

If you enable this policy setting, the Start Menu and Taskbar only track the files that the user opens locally on this computer. Files that the user opens over the network from remote computers are not tracked or shown in the Jump Lists. Use this setting to reduce network traffic, particularly over slow network connections.

If you disable or do not configure this policy setting, all files that the user opens appear in the menus, including files located remotely on another computer.

Note: This setting does not prevent Windows from displaying remote files that the user has explicitly pinned to the Jump Lists. See the ""Do not allow pinning items in Jump Lists"" policy setting.</q2:Explain>
          <q2:Supported>At least Windows Server 2008 R2 or Windows 7</q2:Supported>
          <q2:Category>Start Menu and Taskbar</q2:Category>
        </q2:Policy>
        <q2:Policy>
          <q2:Name>Do not keep history of recently opened documents</q2:Name>
          <q2:State>Enabled</q2:State>
          <q2:Explain>Prevents the operating system and installed programs from creating and displaying shortcuts to recently opened documents.

If you enable this setting, the system and Windows programs do not create shortcuts to documents opened while the setting is in effect. Also, they retain but do not display existing document shortcuts. The system empties the Recent Items menu on the Start menu, and Windows programs do not display shortcuts at the bottom of the File menu. In addition, the Jump Lists off of programs in the Start Menu and Taskbar do not show lists of recently or frequently used files, folders, or websites.

If you disable or do not configure this setting, the system will store and display shortcuts to recently and frequently used files, folders, and websites.

Note: The system saves document shortcuts in the user profile in the System-drive\Users\User-name\Recent folder.

Also, see the "Remove Recent Items menu from Start Menu" and "Clear history of recently opened documents on exit" policies in this folder.

If you enable this setting but do not enable the "Remove Recent Items menu from Start Menu" setting, the Recent Items menu appears on the Start menu, but it is empty.

If you enable this setting, but then later disable it or set it to Not Configured, the document shortcuts saved before the setting was enabled reappear in the Recent Items menu and program File menus, and Jump Lists.

This setting does not hide or prevent the user from pinning files, folders, or websites to the Jump Lists. See the "Do not allow pinning items in Jump Lists" setting. This policy also does not hide Tasks that the application has provided for their Jump List. This setting does not hide document shortcuts displayed in the Open dialog box. See the "Hide the dropdown list of recent files" setting.

Note: It is a requirement for third-party applications with Windows 2000 or later certification to adhere to this setting.</q2:Explain>
          <q2:Supported>At least Windows 2000</q2:Supported>
          <q2:Category>Start Menu and Taskbar</q2:Category>
        </q2:Policy>
        <q2:Policy>
          <q2:Name>Do not use the search-based method when resolving shell shortcuts</q2:Name>
          <q2:State>Enabled</q2:State>
          <q2:Explain>This policy setting prevents the system from conducting a comprehensive search of the target drive to resolve a shortcut.

If you enable this policy setting, the system does not conduct the final drive search. It just displays a message explaining that the file is not found.

If you disable or do not configure this policy setting, by default, when the system cannot find the target file for a shortcut (.lnk), it searches all paths associated with the shortcut. If the target file is located on an NTFS partition, the system then uses the target's file ID to find a path. If the resulting path is not correct, it conducts a comprehensive search of the target drive in an attempt to find the file.

Note: This policy setting only applies to target files on NTFS partitions. FAT partitions do not have this ID tracking and search capability.

Also, see the "Do not track Shell shortcuts during roaming" and the "Do not use the tracking-based method when resolving shell shortcuts" policy settings.</q2:Explain>
          <q2:Supported>At least Windows 2000</q2:Supported>
          <q2:Category>Start Menu and Taskbar</q2:Category>
        </q2:Policy>
        <q2:Policy>
          <q2:Name>Do not use the tracking-based method when resolving shell shortcuts</q2:Name>
          <q2:State>Enabled</q2:State>
          <q2:Explain>This policy setting prevents the system from using NTFS tracking features to resolve a shortcut.

If you enable this policy setting, the system does not try to locate the file by using its file ID. It skips this step and begins a comprehensive search of the drive specified in the target path.

If you disable or do not configure this policy setting, by default, when the system cannot find the target file for a shortcut (.lnk), it searches all paths associated with the shortcut. If the target file is located on an NTFS partition, the system then uses the target's file ID to find a path. If the resulting path is not correct, it conducts a comprehensive search of the target drive in an attempt to find the file.

Note: This policy setting only applies to target files on NTFS partitions. FAT partitions do not have this ID tracking and search capability.

Also, see the "Do not track Shell shortcuts during roaming" and the "Do not use the search-based method when resolving shell shortcuts" policy settings.</q2:Explain>
          <q2:Supported>At least Windows 2000</q2:Supported>
          <q2:Category>Start Menu and Taskbar</q2:Category>
        </q2:Policy>
        <q2:Policy>
          <q2:Name>Remove "Recently added" list from Start Menu</q2:Name>
          <q2:State>Enabled</q2:State>
          <q2:Explain>This policy allows you to prevent the Start Menu from displaying a list of recently installed applications.

If you enable this policy, the Start Menu will no longer display the "Recently added" list.  The corresponding setting will also be disabled in Settings.</q2:Explain>
          <q2:Supported>At least Windows Server 2016, Windows 10 Version 1803</q2:Supported>
          <q2:Category>Start Menu and Taskbar</q2:Category>
        </q2:Policy>
        <q2:Policy>
          <q2:Name>Remove All Programs list from the Start menu</q2:Name>
          <q2:State>Enabled</q2:State>
          <q2:Explain>If you enable this setting, the Start Menu will either collapse or remove the all apps list from the Start menu.

Selecting "Collapse" will not display the app list next to the pinned tiles in Start. An "All apps" button will be displayed on Start to open the all apps list. This is equivalent to setting the "Show app list in Start" in Settings to Off.

Selecting "Collapse and disable setting" will do the same as the collapse option and disable the "Show app list in Start menu" in Settings, so users cannot turn it to On.

Selecting "Remove and disable setting" will remove the all apps list from Start and disable the "Show app list in Start menu" in Settings, so users cannot turn it to On. Select this option for compatibility with earlier versions of Windows.

If you disable or do not configure this setting, the all apps list will be visible by default, and the user can change "Show app list in Start" in Settings.</q2:Explain>
          <q2:Supported>At least Windows Server 2016, Windows 10</q2:Supported>
          <q2:Category>Start Menu and Taskbar</q2:Category>
          <q2:DropDownList>
            <q2:Name>Choose one of the following actions</q2:Name>
            <q2:State>Enabled</q2:State>
            <q2:Value>
              <q2:Name>Collapse</q2:Name>
            </q2:Value>
          </q2:DropDownList>
        </q2:Policy>
        <q2:Policy>
          <q2:Name>Remove frequent programs list from the Start Menu</q2:Name>
          <q2:State>Enabled</q2:State>
          <q2:Explain>If you enable this setting, the frequently used programs list is removed from the Start menu.

If you disable this setting or do not configure it, the frequently used programs list remains on the simple Start menu.</q2:Explain>
          <q2:Supported>Windows Server 2008, Windows Server 2003, Windows 7, Windows Vista, Windows XP, and Windows 10</q2:Supported>
          <q2:Category>Start Menu and Taskbar</q2:Category>
        </q2:Policy>
        <q2:Policy>
          <q2:Name>Remove Personalized Website Recommendations from the Recommended section in the Start Menu</q2:Name>
          <q2:State>Enabled</q2:State>
          <q2:Explain>Remove Personalized Website Recommendations from the Recommended section in the Start Menu</q2:Explain>
          <q2:Supported>At least Windows 11 Version 22H2</q2:Supported>
          <q2:Category>Start Menu and Taskbar</q2:Category>
        </q2:Policy>
        <q2:Policy>
          <q2:Name>Remove Recommended section from Start Menu</q2:Name>
          <q2:State>Enabled</q2:State>
          <q2:Explain>This policy allows you to prevent the Start Menu from displaying a list of recommended applications and files.

If you enable this policy setting, the Start Menu will no longer show the section containing a list of recommended files and apps.</q2:Explain>
          <q2:Supported>Windows 11 SE</q2:Supported>
          <q2:Category>Start Menu and Taskbar</q2:Category>
        </q2:Policy>
        <q2:Policy>
          <q2:Name>Show "Run as different user" command on Start</q2:Name>
          <q2:State>Enabled</q2:State>
          <q2:Explain>This policy setting shows or hides the "Run as different user" command on the Start application bar.

If you enable this setting, users can access the "Run as different user" command from Start for applications which support this functionality.

If you disable this setting or do not configure it, users cannot access the "Run as different user" command from Start for any applications.

Note: This setting does not prevent users from using other methods, such as the shift right-click menu on application's jumplists in the taskbar to issue the "Run as different user" command.</q2:Explain>
          <q2:Supported>At least Windows Server 2012, Windows 8 or Windows RT</q2:Supported>
          <q2:Category>Start Menu and Taskbar</q2:Category>
        </q2:Policy>
        <q2:Policy>
          <q2:Name>Turn off feature advertisement balloon notifications</q2:Name>
          <q2:State>Enabled</q2:State>
          <q2:Explain>This policy setting allows you to turn off feature advertisement balloon notifications.

If you enable this policy setting, certain notification balloons that are marked as feature advertisements are not shown.

If you disable do not configure this policy setting, feature advertisement balloons are shown.</q2:Explain>
          <q2:Supported>At least Windows Server 2008 R2 or Windows 7</q2:Supported>
          <q2:Category>Start Menu and Taskbar</q2:Category>
        </q2:Policy>
        <q2:Policy>
          <q2:Name>Turn off notification area cleanup</q2:Name>
          <q2:State>Enabled</q2:State>
          <q2:Explain>This setting affects the notification area, also called the "system tray."

The notification area is located in the task bar, generally at the bottom of the screen, and it includes the clock and current notifications. This setting determines whether the items are always expanded or always collapsed. By default, notifications are collapsed. The notification cleanup &lt;&lt; icon can be referred to as the "notification chevron."

If you enable this setting, the system notification area expands to show all of the notifications that use this area.

If you disable this setting, the system notification area will always collapse notifications.

If you do not configure it, the user can choose if they want notifications collapsed.</q2:Explain>
          <q2:Supported>At least Windows Server 2003 operating systems or Windows XP Professional</q2:Supported>
          <q2:Category>Start Menu and Taskbar</q2:Category>
        </q2:Policy>
        <q2:Policy>
          <q2:Name>Turn off tile notifications</q2:Name>
          <q2:State>Enabled</q2:State>
          <q2:Explain>
          This policy setting turns off tile notifications.

          If you enable this policy setting, applications and system features will not be able to update their tiles and tile badges in the Start screen.

          If you disable or do not configure this policy setting, tile and badge notifications are enabled and can be turned off by the administrator or user.

          No reboots or service restarts are required for this policy setting to take effect.
      </q2:Explain>
          <q2:Supported>At least Windows Server 2012, Windows 8 or Windows RT</q2:Supported>
          <q2:Category>Start Menu and Taskbar/Notifications</q2:Category>
        </q2:Policy>
        <q2:Policy>
          <q2:Name>Configure the inclusion of app tabs into Alt-Tab</q2:Name>
          <q2:State>Enabled</q2:State>
          <q2:Explain>This setting controls the inclusion of app tabs into Alt+Tab.

This can be set to show the most recent 3, 5 or 20 tabs, or no tabs from apps.

If this is set to show "Open windows only", the whole feature will be disabled.
</q2:Explain>
          <q2:Supported>At least Windows Server 2016, Windows 10 Version 1909</q2:Supported>
          <q2:Category>Windows Components/Multitasking</q2:Category>
          <q2:DropDownList>
            <q2:Name>Pressing Alt + Tab shows</q2:Name>
            <q2:State>Enabled</q2:State>
            <q2:Value>
              <q2:Name>Open windows only</q2:Name>
            </q2:Value>
          </q2:DropDownList>
        </q2:Policy>
        <q2:Blocked>false</q2:Blocked>
      </Extension>
      <Name>Registry</Name>
    </ExtensionData>
  </User>
  <LinksTo>
    <SOMName>Domain Controllers</SOMName>
    <SOMPath>domain.local/Domain Controllers</SOMPath>
    <Enabled>true</Enabled>
    <NoOverride>false</NoOverride>
  </LinksTo>
  <LinksTo>
    <SOMName>Computers</SOMName>
    <SOMPath>domain.local/Directory/Computers</SOMPath>
    <Enabled>true</Enabled>
    <NoOverride>false</NoOverride>
  </LinksTo>
</GPO>