<BackupInst xmlns="http://www.microsoft.com/GroupPolicy/GPOOperations/Manifest"><GPOGuid><![CDATA[{2a76c092-3dc2-438e-9906-f457b184531b}]]></GPOGuid><GPODomain><![CDATA[domain.local]]></GPODomain><GPODomainGuid><![CDATA[{04cef035-999e-42d2-a4b0-ec110bfb1fc2}]]></GPODomainGuid><GPODomainController><![CDATA[DC-1.domain.local]]></GPODomainController><BackupTime><![CDATA[2025-03-21T04:26:55]]></BackupTime><ID><![CDATA[{EEAF95BA-9E5B-43CC-BD97-EC292594FC4B}]]></ID><Comment><![CDATA[]]></Comment><GPODisplayName><![CDATA[Login - Allow Network Selection]]></GPODisplayName></BackupInst>
