<BackupInst xmlns="http://www.microsoft.com/GroupPolicy/GPOOperations/Manifest"><GPOGuid><![CDATA[{444468bb-806e-4f72-ba1a-8a45d1471645}]]></GPOGuid><GPODomain><![CDATA[domain.local]]></GPODomain><GPODomainGuid><![CDATA[{04cef035-999e-42d2-a4b0-ec110bfb1fc2}]]></GPODomainGuid><GPODomainController><![CDATA[DC-1.domain.local]]></GPODomainController><BackupTime><![CDATA[2025-03-21T06:08:11]]></BackupTime><ID><![CDATA[{F4824F16-7412-4E7F-AB33-2C7167E8DAA0}]]></ID><Comment><![CDATA[]]></Comment><GPODisplayName><![CDATA[Security - Inactivity Timeout - Disable]]></GPODisplayName></BackupInst>
