﻿<?xml version="1.0" encoding="utf-16"?>
<GPO xmlns:xsd="http://www.w3.org/2001/XMLSchema" xmlns:xsi="http://www.w3.org/2001/XMLSchema-instance" xmlns="http://www.microsoft.com/GroupPolicy/Settings">
  <Identifier>
    <Identifier xmlns="http://www.microsoft.com/GroupPolicy/Types">{cac3e277-0530-47da-9278-bcced1cdb9ec}</Identifier>
    <Domain xmlns="http://www.microsoft.com/GroupPolicy/Types">domain.local</Domain>
  </Identifier>
  <Name>Firewall Rules - Hyper-V</Name>
  <IncludeComments>true</IncludeComments>
  <CreatedTime>2019-09-12T23:11:32</CreatedTime>
  <ModifiedTime>2024-09-04T13:51:05</ModifiedTime>
  <ReadTime>2025-03-20T16:32:55.4976979Z</ReadTime>
  <SecurityDescriptor>
    <SDDL xmlns="http://www.microsoft.com/GroupPolicy/Types/Security">O:DAG:DAD:PAI(OA;CI;CR;edacfd8f-ffb3-11d1-b41d-00a0c968f939;;AU)(A;;CCDCLCSWRPWPDTLOSDRCWDWO;;;DA)(A;CI;CCDCLCSWRPWPDTLOSDRCWDWO;;;DA)(A;CI;CCDCLCSWRPWPDTLOSDRCWDWO;;;S-1-5-21-3051899438-3589783691-4031204720-519)(A;CI;LCRPLORC;;;ED)(A;CI;LCRPLORC;;;AU)(A;CI;CCDCLCSWRPWPDTLOSDRCWDWO;;;SY)(A;CIIO;CCDCLCSWRPWPDTLOSDRCWDWO;;;CO)S:AI(OU;CIIDSA;WPWD;;f30e3bc2-9ff0-11d1-b603-0000f80367c1;WD)(OU;CIIOIDSA;WP;f30e3bbe-9ff0-11d1-b603-0000f80367c1;bf967aa5-0de6-11d0-a285-00aa003049e2;WD)(OU;CIIOIDSA;WP;f30e3bbf-9ff0-11d1-b603-0000f80367c1;bf967aa5-0de6-11d0-a285-00aa003049e2;WD)</SDDL>
    <Owner xmlns="http://www.microsoft.com/GroupPolicy/Types/Security">
      <SID xmlns="http://www.microsoft.com/GroupPolicy/Types">S-1-5-21-3051899438-3589783691-4031204720-512</SID>
      <Name xmlns="http://www.microsoft.com/GroupPolicy/Types">NET\Domain Admins</Name>
    </Owner>
    <Group xmlns="http://www.microsoft.com/GroupPolicy/Types/Security">
      <SID xmlns="http://www.microsoft.com/GroupPolicy/Types">S-1-5-21-3051899438-3589783691-4031204720-512</SID>
      <Name xmlns="http://www.microsoft.com/GroupPolicy/Types">NET\Domain Admins</Name>
    </Group>
    <PermissionsPresent xmlns="http://www.microsoft.com/GroupPolicy/Types/Security">true</PermissionsPresent>
    <Permissions xmlns="http://www.microsoft.com/GroupPolicy/Types/Security">
      <InheritsFromParent>false</InheritsFromParent>
      <TrusteePermissions>
        <Trustee>
          <SID xmlns="http://www.microsoft.com/GroupPolicy/Types">S-1-5-21-3051899438-3589783691-4031204720-512</SID>
          <Name xmlns="http://www.microsoft.com/GroupPolicy/Types">NET\Domain Admins</Name>
        </Trustee>
        <Type xsi:type="PermissionType">
          <PermissionType>Allow</PermissionType>
        </Type>
        <Inherited>false</Inherited>
        <Applicability>
          <ToSelf>true</ToSelf>
          <ToDescendantObjects>false</ToDescendantObjects>
          <ToDescendantContainers>true</ToDescendantContainers>
          <ToDirectDescendantsOnly>false</ToDirectDescendantsOnly>
        </Applicability>
        <Standard>
          <GPOGroupedAccessEnum>Edit, delete, modify security</GPOGroupedAccessEnum>
        </Standard>
        <AccessMask>0</AccessMask>
      </TrusteePermissions>
      <TrusteePermissions>
        <Trustee>
          <SID xmlns="http://www.microsoft.com/GroupPolicy/Types">S-1-5-9</SID>
          <Name xmlns="http://www.microsoft.com/GroupPolicy/Types">NT AUTHORITY\ENTERPRISE DOMAIN CONTROLLERS</Name>
        </Trustee>
        <Type xsi:type="PermissionType">
          <PermissionType>Allow</PermissionType>
        </Type>
        <Inherited>false</Inherited>
        <Applicability>
          <ToSelf>true</ToSelf>
          <ToDescendantObjects>false</ToDescendantObjects>
          <ToDescendantContainers>true</ToDescendantContainers>
          <ToDirectDescendantsOnly>false</ToDirectDescendantsOnly>
        </Applicability>
        <Standard>
          <GPOGroupedAccessEnum>Read</GPOGroupedAccessEnum>
        </Standard>
        <AccessMask>0</AccessMask>
      </TrusteePermissions>
      <TrusteePermissions>
        <Trustee>
          <SID xmlns="http://www.microsoft.com/GroupPolicy/Types">S-1-5-18</SID>
          <Name xmlns="http://www.microsoft.com/GroupPolicy/Types">NT AUTHORITY\SYSTEM</Name>
        </Trustee>
        <Type xsi:type="PermissionType">
          <PermissionType>Allow</PermissionType>
        </Type>
        <Inherited>false</Inherited>
        <Applicability>
          <ToSelf>true</ToSelf>
          <ToDescendantObjects>false</ToDescendantObjects>
          <ToDescendantContainers>true</ToDescendantContainers>
          <ToDirectDescendantsOnly>false</ToDirectDescendantsOnly>
        </Applicability>
        <Standard>
          <GPOGroupedAccessEnum>Edit, delete, modify security</GPOGroupedAccessEnum>
        </Standard>
        <AccessMask>0</AccessMask>
      </TrusteePermissions>
      <TrusteePermissions>
        <Trustee>
          <SID xmlns="http://www.microsoft.com/GroupPolicy/Types">S-1-5-11</SID>
          <Name xmlns="http://www.microsoft.com/GroupPolicy/Types">NT AUTHORITY\Authenticated Users</Name>
        </Trustee>
        <Type xsi:type="PermissionType">
          <PermissionType>Allow</PermissionType>
        </Type>
        <Inherited>false</Inherited>
        <Applicability>
          <ToSelf>true</ToSelf>
          <ToDescendantObjects>false</ToDescendantObjects>
          <ToDescendantContainers>true</ToDescendantContainers>
          <ToDirectDescendantsOnly>false</ToDirectDescendantsOnly>
        </Applicability>
        <Standard>
          <GPOGroupedAccessEnum>Apply Group Policy</GPOGroupedAccessEnum>
        </Standard>
        <AccessMask>0</AccessMask>
      </TrusteePermissions>
      <TrusteePermissions>
        <Trustee>
          <SID xmlns="http://www.microsoft.com/GroupPolicy/Types">S-1-5-21-3051899438-3589783691-4031204720-519</SID>
          <Name xmlns="http://www.microsoft.com/GroupPolicy/Types">NET\Enterprise Admins</Name>
        </Trustee>
        <Type xsi:type="PermissionType">
          <PermissionType>Allow</PermissionType>
        </Type>
        <Inherited>false</Inherited>
        <Applicability>
          <ToSelf>true</ToSelf>
          <ToDescendantObjects>false</ToDescendantObjects>
          <ToDescendantContainers>true</ToDescendantContainers>
          <ToDirectDescendantsOnly>false</ToDirectDescendantsOnly>
        </Applicability>
        <Standard>
          <GPOGroupedAccessEnum>Edit, delete, modify security</GPOGroupedAccessEnum>
        </Standard>
        <AccessMask>0</AccessMask>
      </TrusteePermissions>
    </Permissions>
    <AuditingPresent xmlns="http://www.microsoft.com/GroupPolicy/Types/Security">false</AuditingPresent>
  </SecurityDescriptor>
  <FilterDataAvailable>true</FilterDataAvailable>
  <Computer>
    <VersionDirectory>47</VersionDirectory>
    <VersionSysvol>47</VersionSysvol>
    <Enabled>true</Enabled>
    <ExtensionData>
      <Extension xmlns:q1="http://www.microsoft.com/GroupPolicy/Settings/WindowsFirewall" xsi:type="q1:WindowsFirewallSettings">
        <q1:GlobalSettings>
          <q1:PolicyVersion>
            <q1:Value>543</q1:Value>
          </q1:PolicyVersion>
        </q1:GlobalSettings>
        <q1:InboundFirewallRules>
          <q1:Version>2.31</q1:Version>
          <q1:Action>Allow</q1:Action>
          <q1:Name>@%systemroot%\system32\vmms.exe,-213</q1:Name>
          <q1:Dir>In</q1:Dir>
          <q1:App>%SystemRoot%\system32\svchost.exe</q1:App>
          <q1:Svc>winmgmt</q1:Svc>
          <q1:Protocol>6</q1:Protocol>
          <q1:Desc>@%systemroot%\system32\vmms.exe,-214</q1:Desc>
          <q1:Active>true</q1:Active>
          <q1:EmbedCtxt>@%systemroot%\system32\vmms.exe,-210</q1:EmbedCtxt>
        </q1:InboundFirewallRules>
        <q1:InboundFirewallRules>
          <q1:Version>2.31</q1:Version>
          <q1:Action>Allow</q1:Action>
          <q1:Name>@%systemroot%\system32\vmms.exe,-211</q1:Name>
          <q1:Dir>In</q1:Dir>
          <q1:App>%SystemRoot%\system32\svchost.exe</q1:App>
          <q1:Svc>rpcss</q1:Svc>
          <q1:LPort>135</q1:LPort>
          <q1:Protocol>6</q1:Protocol>
          <q1:Desc>@%systemroot%\system32\vmms.exe,-212</q1:Desc>
          <q1:Active>true</q1:Active>
          <q1:EmbedCtxt>@%systemroot%\system32\vmms.exe,-210</q1:EmbedCtxt>
        </q1:InboundFirewallRules>
        <q1:InboundFirewallRules>
          <q1:Version>2.31</q1:Version>
          <q1:Action>Allow</q1:Action>
          <q1:Name>@%systemroot%\system32\vmms.exe,-227</q1:Name>
          <q1:Dir>In</q1:Dir>
          <q1:App>%systemroot%\system32\vmms.exe</q1:App>
          <q1:Svc>vmms</q1:Svc>
          <q1:LPort>6600</q1:LPort>
          <q1:Protocol>6</q1:Protocol>
          <q1:Desc>@%systemroot%\system32\vmms.exe,-228</q1:Desc>
          <q1:Active>true</q1:Active>
          <q1:EmbedCtxt>@%systemroot%\system32\vmms.exe,-210</q1:EmbedCtxt>
        </q1:InboundFirewallRules>
        <q1:InboundFirewallRules>
          <q1:Version>2.31</q1:Version>
          <q1:Action>Allow</q1:Action>
          <q1:Name>@%systemroot%\system32\vmms.exe,-223</q1:Name>
          <q1:Dir>In</q1:Dir>
          <q1:App>System</q1:App>
          <q1:LPort>RPC</q1:LPort>
          <q1:Protocol>6</q1:Protocol>
          <q1:Desc>@%systemroot%\system32\vmms.exe,-224</q1:Desc>
          <q1:Active>true</q1:Active>
          <q1:EmbedCtxt>@%systemroot%\system32\vmms.exe,-210</q1:EmbedCtxt>
        </q1:InboundFirewallRules>
        <q1:InboundFirewallRules>
          <q1:Version>2.31</q1:Version>
          <q1:Action>Allow</q1:Action>
          <q1:Name>@%systemroot%\system32\vmms.exe,-229</q1:Name>
          <q1:Dir>In</q1:Dir>
          <q1:App>%systemroot%\system32\vmms.exe</q1:App>
          <q1:Svc>vmms</q1:Svc>
          <q1:LPort>2179</q1:LPort>
          <q1:Protocol>6</q1:Protocol>
          <q1:Desc>@%systemroot%\system32\vmms.exe,-230</q1:Desc>
          <q1:Active>true</q1:Active>
          <q1:EmbedCtxt>@%systemroot%\system32\vmms.exe,-210</q1:EmbedCtxt>
        </q1:InboundFirewallRules>
        <q1:InboundFirewallRules>
          <q1:Version>2.31</q1:Version>
          <q1:Action>Allow</q1:Action>
          <q1:Name>@%systemroot%\system32\vmms.exe,-217</q1:Name>
          <q1:Dir>In</q1:Dir>
          <q1:App>%systemroot%\system32\wbem\unsecapp.exe</q1:App>
          <q1:Protocol>6</q1:Protocol>
          <q1:Desc>@%systemroot%\system32\vmms.exe,-218</q1:Desc>
          <q1:Active>true</q1:Active>
          <q1:EmbedCtxt>@%systemroot%\system32\vmms.exe,-210</q1:EmbedCtxt>
        </q1:InboundFirewallRules>
        <q1:InboundFirewallRules>
          <q1:Version>2.31</q1:Version>
          <q1:Action>Allow</q1:Action>
          <q1:Name>@%systemroot%\system32\vmms.exe,-219</q1:Name>
          <q1:Dir>In</q1:Dir>
          <q1:App>System</q1:App>
          <q1:LPort>RPC-EPMap</q1:LPort>
          <q1:Protocol>6</q1:Protocol>
          <q1:Desc>@%systemroot%\system32\vmms.exe,-220</q1:Desc>
          <q1:Active>true</q1:Active>
          <q1:EmbedCtxt>@%systemroot%\system32\vmms.exe,-210</q1:EmbedCtxt>
        </q1:InboundFirewallRules>
        <q1:InboundFirewallRules>
          <q1:Version>2.31</q1:Version>
          <q1:Action>Allow</q1:Action>
          <q1:Name>@%systemroot%\system32\vmms.exe,-231</q1:Name>
          <q1:Dir>In</q1:Dir>
          <q1:App>System</q1:App>
          <q1:LPort>80</q1:LPort>
          <q1:Protocol>6</q1:Protocol>
          <q1:Desc>@%systemroot%\system32\vmms.exe,-232</q1:Desc>
          <q1:Active>true</q1:Active>
          <q1:EmbedCtxt>@%systemroot%\system32\vmms.exe,-251</q1:EmbedCtxt>
        </q1:InboundFirewallRules>
        <q1:InboundFirewallRules>
          <q1:Version>2.31</q1:Version>
          <q1:Action>Allow</q1:Action>
          <q1:Name>@%systemroot%\system32\vmms.exe,-233</q1:Name>
          <q1:Dir>In</q1:Dir>
          <q1:App>System</q1:App>
          <q1:LPort>443</q1:LPort>
          <q1:Protocol>6</q1:Protocol>
          <q1:Desc>@%systemroot%\system32\vmms.exe,-234</q1:Desc>
          <q1:Active>true</q1:Active>
          <q1:EmbedCtxt>@%systemroot%\system32\vmms.exe,-253</q1:EmbedCtxt>
        </q1:InboundFirewallRules>
        <q1:InboundFirewallRules>
          <q1:Version>2.31</q1:Version>
          <q1:Action>Allow</q1:Action>
          <q1:Name>@FirewallAPI.dll,-60204</q1:Name>
          <q1:Dir>In</q1:Dir>
          <q1:App>%SystemRoot%\system32\svchost.exe</q1:App>
          <q1:Svc>winmgmt</q1:Svc>
          <q1:Protocol>6</q1:Protocol>
          <q1:Desc>@FirewallAPI.dll,-60205</q1:Desc>
          <q1:Active>true</q1:Active>
          <q1:EmbedCtxt>@FirewallAPI.dll,-60201</q1:EmbedCtxt>
        </q1:InboundFirewallRules>
        <q1:InboundFirewallRules>
          <q1:Version>2.31</q1:Version>
          <q1:Action>Allow</q1:Action>
          <q1:Name>@FirewallAPI.dll,-60208</q1:Name>
          <q1:Dir>In</q1:Dir>
          <q1:App>%SystemRoot%\system32\wbem\unsecapp.exe</q1:App>
          <q1:Protocol>6</q1:Protocol>
          <q1:Desc>@FirewallAPI.dll,-60209</q1:Desc>
          <q1:Active>true</q1:Active>
          <q1:EmbedCtxt>@FirewallAPI.dll,-60201</q1:EmbedCtxt>
        </q1:InboundFirewallRules>
        <q1:InboundFirewallRules>
          <q1:Version>2.31</q1:Version>
          <q1:Action>Allow</q1:Action>
          <q1:Name>@FirewallAPI.dll,-60202</q1:Name>
          <q1:Dir>In</q1:Dir>
          <q1:App>%SystemRoot%\system32\svchost.exe</q1:App>
          <q1:Svc>rpcss</q1:Svc>
          <q1:LPort>135</q1:LPort>
          <q1:Protocol>6</q1:Protocol>
          <q1:Desc>@FirewallAPI.dll,-60203</q1:Desc>
          <q1:Active>true</q1:Active>
          <q1:EmbedCtxt>@FirewallAPI.dll,-60201</q1:EmbedCtxt>
        </q1:InboundFirewallRules>
      </Extension>
      <Name>Windows Firewall</Name>
    </ExtensionData>
    <ExtensionData>
      <Extension xmlns:q2="http://www.microsoft.com/GroupPolicy/Settings/Registry" xsi:type="q2:RegistrySettings">
        <q2:Blocked>false</q2:Blocked>
      </Extension>
      <Name>Registry</Name>
    </ExtensionData>
  </Computer>
  <User>
    <VersionDirectory>0</VersionDirectory>
    <VersionSysvol>0</VersionSysvol>
    <Enabled>false</Enabled>
  </User>
  <LinksTo>
    <SOMName>Hypervisors</SOMName>
    <SOMPath>domain.local/Directory/Computers/Hypervisors</SOMPath>
    <Enabled>true</Enabled>
    <NoOverride>false</NoOverride>
  </LinksTo>
</GPO>