<BackupInst xmlns="http://www.microsoft.com/GroupPolicy/GPOOperations/Manifest"><GPOGuid><![CDATA[{dbf176ee-d6d4-4c1e-9557-ed7613fc020a}]]></GPOGuid><GPODomain><![CDATA[domain.local]]></GPODomain><GPODomainGuid><![CDATA[{04cef035-999e-42d2-a4b0-ec110bfb1fc2}]]></GPODomainGuid><GPODomainController><![CDATA[DC-1.domain.local]]></GPODomainController><BackupTime><![CDATA[2025-03-21T19:41:36]]></BackupTime><ID><![CDATA[{08200120-0A36-4AC1-9ADA-F97A7345A616}]]></ID><Comment><![CDATA[]]></Comment><GPODisplayName><![CDATA[Explorer - Themes and Colors - Default]]></GPODisplayName></BackupInst>
