<BackupInst xmlns="http://www.microsoft.com/GroupPolicy/GPOOperations/Manifest"><GPOGuid><![CDATA[{8393eef8-5816-4c66-939c-a84ef96ac92b}]]></GPOGuid><GPODomain><![CDATA[domain.local]]></GPODomain><GPODomainGuid><![CDATA[{04cef035-999e-42d2-a4b0-ec110bfb1fc2}]]></GPODomainGuid><GPODomainController><![CDATA[DC-1.domain.local]]></GPODomainController><BackupTime><![CDATA[2025-03-21T19:41:02]]></BackupTime><ID><![CDATA[{1DE25008-4D8B-4B13-B648-53728726FDAC}]]></ID><Comment><![CDATA[]]></Comment><GPODisplayName><![CDATA[Firewall - Enable with Logfile]]></GPODisplayName></BackupInst>
