<BackupInst xmlns="http://www.microsoft.com/GroupPolicy/GPOOperations/Manifest"><GPOGuid><![CDATA[{6734f7d7-97c5-423f-a189-193c86b93128}]]></GPOGuid><GPODomain><![CDATA[domain.local]]></GPODomain><GPODomainGuid><![CDATA[{04cef035-999e-42d2-a4b0-ec110bfb1fc2}]]></GPODomainGuid><GPODomainController><![CDATA[DC-1.domain.local]]></GPODomainController><BackupTime><![CDATA[2025-03-21T19:41:33]]></BackupTime><ID><![CDATA[{20BEC79E-A7F3-435F-AAAF-0DB7EBC8D9CA}]]></ID><Comment><![CDATA[]]></Comment><GPODisplayName><![CDATA[Scripts - Update-NetworkAdapters]]></GPODisplayName></BackupInst>
