<?xml version="1.0" encoding="utf-8"?>
<RegistrySettings clsid="{A3CCFC41-DFDB-43a5-8D26-0FE8B954DA51}"><Registry clsid="{9CD4B2F4-923D-47f5-A062-E897DD1DAD50}" name="Functions" status="Functions" image="7" changed="2021-04-26 17:19:31" uid="{FDE6BA5D-E7D1-4C21-9457-21E7B6DDF72A}"><Properties action="U" displayDecimal="0" default="0" hive="HKEY_LOCAL_MACHINE" key="SYSTEM\CurrentControlSet\Control\Cryptography\Configuration\Local\SSL\00010003" name="Functions" type="REG_MULTI_SZ" value="RSA/SHA256 RSA/SHA384 ECDSA/SHA256 ECDSA/SHA384 RSA/SHA512 ECDSA/SHA512 "><Values><Value>RSA/SHA256</Value><Value>RSA/SHA384</Value><Value>ECDSA/SHA256</Value><Value>ECDSA/SHA384</Value><Value>RSA/SHA512</Value><Value>ECDSA/SHA512</Value></Values></Properties></Registry>
</RegistrySettings>
