<BackupInst xmlns="http://www.microsoft.com/GroupPolicy/GPOOperations/Manifest"><GPOGuid><![CDATA[{601281f6-3c45-4129-a892-ba28255fd18d}]]></GPOGuid><GPODomain><![CDATA[domain.local]]></GPODomain><GPODomainGuid><![CDATA[{04cef035-999e-42d2-a4b0-ec110bfb1fc2}]]></GPODomainGuid><GPODomainController><![CDATA[DC-1.domain.local]]></GPODomainController><BackupTime><![CDATA[2025-03-21T19:41:35]]></BackupTime><ID><![CDATA[{2678976A-9414-4B40-8104-B84F27D2ED66}]]></ID><Comment><![CDATA[]]></Comment><GPODisplayName><![CDATA[OneDrive - Disable Memories]]></GPODisplayName></BackupInst>
