<BackupInst xmlns="http://www.microsoft.com/GroupPolicy/GPOOperations/Manifest"><GPOGuid><![CDATA[{9d32d75b-bce8-4608-a0f2-9fb03bcda99b}]]></GPOGuid><GPODomain><![CDATA[domain.local]]></GPODomain><GPODomainGuid><![CDATA[{04cef035-999e-42d2-a4b0-ec110bfb1fc2}]]></GPODomainGuid><GPODomainController><![CDATA[DC-1.domain.local]]></GPODomainController><BackupTime><![CDATA[2025-03-21T19:41:42]]></BackupTime><ID><![CDATA[{2A5CFBDA-2E0D-4C0E-800A-947EE8DF9F94}]]></ID><Comment><![CDATA[]]></Comment><GPODisplayName><![CDATA[DNS Server - Maximum UDP Packet Size]]></GPODisplayName></BackupInst>
