<BackupInst xmlns="http://www.microsoft.com/GroupPolicy/GPOOperations/Manifest"><GPOGuid><![CDATA[{0f8e155e-7bce-4e4f-a291-b74110c5a35a}]]></GPOGuid><GPODomain><![CDATA[domain.local]]></GPODomain><GPODomainGuid><![CDATA[{04cef035-999e-42d2-a4b0-ec110bfb1fc2}]]></GPODomainGuid><GPODomainController><![CDATA[DC-1.domain.local]]></GPODomainController><BackupTime><![CDATA[2025-03-21T19:41:29]]></BackupTime><ID><![CDATA[{3DB9B454-F0D8-4F5B-929E-A12F5984DCE9}]]></ID><Comment><![CDATA[]]></Comment><GPODisplayName><![CDATA[Security - TLS Ciphers - Clients]]></GPODisplayName></BackupInst>
