<?xml version="1.0" encoding="utf-8"?>
<RegistrySettings clsid="{A3CCFC41-DFDB-43a5-8D26-0FE8B954DA51}"><Registry clsid="{9CD4B2F4-923D-47f5-A062-E897DD1DAD50}" name="Functions" status="Functions" image="5" changed="2025-03-05 22:14:10" uid="{F017D4AD-4F72-43A5-B10A-3E13CD53EBCD}"><Properties action="C" displayDecimal="0" default="0" hive="HKEY_LOCAL_MACHINE" key="SYSTEM\CurrentControlSet\Control\Cryptography\Configuration\Local\SSL\00010003" name="Functions" type="REG_MULTI_SZ" value="RSAE-PSS/SHA256 RSAE-PSS/SHA384 RSAE-PSS/SHA512 RSA/SHA256 RSA/SHA384 RSA/SHA1 ECDSA/SHA256 ECDSA/SHA384 ECDSA/SHA1 DSA/SHA1 RSA/SHA512 ECDSA/SHA512"><Values><Value>RSAE-PSS/SHA256</Value><Value>RSAE-PSS/SHA384</Value><Value>RSAE-PSS/SHA512</Value><Value>RSA/SHA256</Value><Value>RSA/SHA384</Value><Value>RSA/SHA1</Value><Value>ECDSA/SHA256</Value><Value>ECDSA/SHA384</Value><Value>ECDSA/SHA1</Value><Value>DSA/SHA1</Value><Value>RSA/SHA512</Value><Value>ECDSA/SHA512</Value></Values></Properties></Registry>
</RegistrySettings>
