<BackupInst xmlns="http://www.microsoft.com/GroupPolicy/GPOOperations/Manifest"><GPOGuid><![CDATA[{07b0202f-3f3e-4484-bd27-a81e7a031e78}]]></GPOGuid><GPODomain><![CDATA[domain.local]]></GPODomain><GPODomainGuid><![CDATA[{04cef035-999e-42d2-a4b0-ec110bfb1fc2}]]></GPODomainGuid><GPODomainController><![CDATA[DC-1.domain.local]]></GPODomainController><BackupTime><![CDATA[2025-03-21T19:41:24]]></BackupTime><ID><![CDATA[{87DDFE07-2A88-4D02-8887-B35B842F33B5}]]></ID><Comment><![CDATA[]]></Comment><GPODisplayName><![CDATA[Network - Disable LLMNR]]></GPODisplayName></BackupInst>
