<BackupInst xmlns="http://www.microsoft.com/GroupPolicy/GPOOperations/Manifest"><GPOGuid><![CDATA[{83e75468-a354-4a8b-af5c-477888ffa47f}]]></GPOGuid><GPODomain><![CDATA[domain.local]]></GPODomain><GPODomainGuid><![CDATA[{04cef035-999e-42d2-a4b0-ec110bfb1fc2}]]></GPODomainGuid><GPODomainController><![CDATA[DC-1.domain.local]]></GPODomainController><BackupTime><![CDATA[2025-03-21T19:41:30]]></BackupTime><ID><![CDATA[{96CFDD37-A903-459A-A948-1CA71AD6D06C}]]></ID><Comment><![CDATA[]]></Comment><GPODisplayName><![CDATA[Group Policy - Wait for Network]]></GPODisplayName></BackupInst>
