<BackupInst xmlns="http://www.microsoft.com/GroupPolicy/GPOOperations/Manifest"><GPOGuid><![CDATA[{7598bcfb-4efc-4aa2-a5ef-d078ff09fe57}]]></GPOGuid><GPODomain><![CDATA[domain.local]]></GPODomain><GPODomainGuid><![CDATA[{04cef035-999e-42d2-a4b0-ec110bfb1fc2}]]></GPODomainGuid><GPODomainController><![CDATA[DC-1.domain.local]]></GPODomainController><BackupTime><![CDATA[2025-03-21T19:41:27]]></BackupTime><ID><![CDATA[{9BB1DEE0-AB2E-4A57-9B61-0424B3BA473B}]]></ID><Comment><![CDATA[]]></Comment><GPODisplayName><![CDATA[Kerberos - Encryption Types]]></GPODisplayName></BackupInst>
