<?xml version="1.0" encoding="utf-8"?>
<RegistrySettings clsid="{A3CCFC41-DFDB-43a5-8D26-0FE8B954DA51}"><Registry clsid="{9CD4B2F4-923D-47f5-A062-E897DD1DAD50}" name="https" status="https" image="12" changed="2021-08-14 06:09:35" uid="{3BEF8011-7239-488F-BE56-AA2380201B9B}"><Properties action="U" displayDecimal="0" default="0" hive="HKEY_LOCAL_MACHINE" key="SOFTWARE\Policies\Microsoft\Windows\CurrentVersion\Internet Settings\ZoneMap\EscDomains\live.com\login" name="https" type="REG_DWORD" value="00000002"/></Registry>
	<Registry clsid="{9CD4B2F4-923D-47f5-A062-E897DD1DAD50}" name="https" status="https" image="12" changed="2022-04-05 16:37:50" uid="{0FDF4B07-A2D2-46F1-824E-BC1CD52A6C45}"><Properties action="U" displayDecimal="0" default="0" hive="HKEY_LOCAL_MACHINE" key="SOFTWARE\Policies\Microsoft\Windows\CurrentVersion\Internet Settings\ZoneMap\EscDomains\live.com\odc.officeapps" name="https" type="REG_DWORD" value="00000002"/></Registry>
	<Registry clsid="{9CD4B2F4-923D-47f5-A062-E897DD1DAD50}" name="https" status="https" image="12" changed="2022-04-05 17:23:54" uid="{BD7D768F-0511-4832-9CFF-590B99D487EE}"><Properties action="U" displayDecimal="0" default="0" hive="HKEY_LOCAL_MACHINE" key="SOFTWARE\Policies\Microsoft\Windows\CurrentVersion\Internet Settings\ZoneMap\EscDomains\live.com\cdn.odc.officeapps" name="https" type="REG_DWORD" value="00000002"/></Registry>
	<Registry clsid="{9CD4B2F4-923D-47f5-A062-E897DD1DAD50}" name="https" status="https" image="12" changed="2021-08-14 06:32:28" uid="{912496E5-B4F9-49B1-AF3E-B774A084F472}"><Properties action="U" displayDecimal="0" default="0" hive="HKEY_LOCAL_MACHINE" key="SOFTWARE\Policies\Microsoft\Windows\CurrentVersion\Internet Settings\ZoneMap\EscDomains\msauth.net\logincdn" name="https" type="REG_DWORD" value="00000002"/></Registry>
</RegistrySettings>
