<BackupInst xmlns="http://www.microsoft.com/GroupPolicy/GPOOperations/Manifest"><GPOGuid><![CDATA[{b76afee9-44a1-4bfc-ade1-ff86ad9018b8}]]></GPOGuid><GPODomain><![CDATA[domain.local]]></GPODomain><GPODomainGuid><![CDATA[{04cef035-999e-42d2-a4b0-ec110bfb1fc2}]]></GPODomainGuid><GPODomainController><![CDATA[DC-1.domain.local]]></GPODomainController><BackupTime><![CDATA[2025-03-21T19:41:24]]></BackupTime><ID><![CDATA[{9E2474F2-1360-4237-A618-BAC8BE1BAA73}]]></ID><Comment><![CDATA[]]></Comment><GPODisplayName><![CDATA[Network - Prefer IPv4 over IPv6]]></GPODisplayName></BackupInst>
