<BackupInst xmlns="http://www.microsoft.com/GroupPolicy/GPOOperations/Manifest"><GPOGuid><![CDATA[{95a64316-7d19-4eee-85ea-e506ac4b1eb1}]]></GPOGuid><GPODomain><![CDATA[domain.local]]></GPODomain><GPODomainGuid><![CDATA[{04cef035-999e-42d2-a4b0-ec110bfb1fc2}]]></GPODomainGuid><GPODomainController><![CDATA[DC-1.domain.local]]></GPODomainController><BackupTime><![CDATA[2025-03-21T19:41:34]]></BackupTime><ID><![CDATA[{BAAC90B4-9822-430F-AC3C-A73AF14DB81F}]]></ID><Comment><![CDATA[]]></Comment><GPODisplayName><![CDATA[Firewall - Disable Stealth Mode]]></GPODisplayName></BackupInst>
